country,state,city,station,last_update,latitude,longitude,pollutant_id,pollutant_min,pollutant_max,pollutant_avg
India,Bihar,Araria,"Kharahiya Basti, Araria - BSPCB",17-04-2026 19:00,26.146529,87.454184,OZONE,9,11,10
India,Bihar,Arrah,"New DM Office, Arrah - BSPCB",17-04-2026 19:00,25.5626095,84.663264,PM10,41,69,52
India,Bihar,Arrah,"New DM Office, Arrah - BSPCB",17-04-2026 19:00,25.5626095,84.663264,OZONE,4,29,13
India,Bihar,Aurangabad,"Gurdeo Nagar, Aurangabad - BSPCB",17-04-2026 19:00,24.75746,84.366208,PM2.5,3,43,25
India,Bihar,Aurangabad,"Gurdeo Nagar, Aurangabad - BSPCB",17-04-2026 19:00,24.75746,84.366208,SO2,7,22,15
India,Bihar,Begusarai,"Lohiyanagar, Begusarai - BSPCB",17-04-2026 19:00,25.42742023,86.13886079,PM2.5,27,50,39
India,Bihar,Bettiah,"Kamalnath Nagar, Bettiah - BSPCB",17-04-2026 19:00,26.80365,84.51954,NO2,6,11,8
India,Bihar,Bhagalpur,"DM Office_Kachari Chowk, Bhagalpur - BSPCB",17-04-2026 19:00,25.251013,86.989001,NH3,1,1,1
India,Bihar,Bhagalpur,"Mayaganj, Bhagalpur - BSPCB",17-04-2026 19:00,25.265194,87.012947,PM2.5,8,247,122
India,Bihar,Bhagalpur,"Mayaganj, Bhagalpur - BSPCB",17-04-2026 19:00,25.265194,87.012947,NH3,6,9,7
India,Assam,Guwahati,"Railway Colony, Guwahati - PCBA",17-04-2026 19:00,26.181742,91.78063,PM2.5,56,167,82
India,Assam,Guwahati,"Railway Colony, Guwahati - PCBA",17-04-2026 19:00,26.181742,91.78063,NH3,1,1,1
India,Assam,Nagaon,"Christianpatty, Nagaon - PCBA",17-04-2026 19:00,26.349082,92.68449,NO2,1,3,1
India,Assam,Nagaon,"Christianpatty, Nagaon - PCBA",17-04-2026 19:00,26.349082,92.68449,NH3,4,4,1
India,Assam,Nalbari,"Bata Chowk, Nalbari - PCBA",17-04-2026 19:00,26.446912,91.439057,OZONE,10,17,16
India,Assam,Silchar,"Tarapur, Silchar - PCBA",17-04-2026 19:00,24.82827,92.79525,NO2,19,27,25
India,Assam,Silchar,"Tarapur, Silchar - PCBA",17-04-2026 19:00,24.82827,92.79525,SO2,5,7,6
India,Assam,Sivasagar,"Girls College, Sivasagar - PCBA",17-04-2026 19:00,26.987634,94.636574,SO2,7,8,8
India,Bihar,Araria,"Kharahiya Basti, Araria - BSPCB",17-04-2026 19:00,26.146529,87.454184,PM2.5,8,127,52
India,Bihar,Hajipur,"Industrial Area, Hajipur - BSPCB",17-04-2026 19:00,25.697189,85.2459,NO2,6,16,10
India,Bihar,Hajipur,"Industrial Area, Hajipur - BSPCB",17-04-2026 19:00,25.697189,85.2459,NH3,10,16,12
India,Bihar,Hajipur,"Industrial Area, Hajipur - BSPCB",17-04-2026 19:00,25.697189,85.2459,CO,2,28,20
India,Bihar,Katihar,"Mirchaibari, Katihar - BSPCB",17-04-2026 19:00,25.560083,87.553265,NO2,9,10,9
India,Bihar,Katihar,"Mirchaibari, Katihar - BSPCB",17-04-2026 19:00,25.560083,87.553265,CO,54,91,69
India,Bihar,Manguraha,"Forest Rest House, Manguraha - BSPCB",17-04-2026 19:00,27.308328,84.531742,PM10,NA,NA,NA
India,Bihar,Motihari,"Gandak Colony, Motihari - BSPCB",17-04-2026 19:00,26.63086,84.90051,PM2.5,42,143,67
India,Bihar,Motihari,"Gandak Colony, Motihari - BSPCB",17-04-2026 19:00,26.63086,84.90051,NO2,3,5,4
India,Bihar,Munger,"Town Hall, Munger - BSPCB",17-04-2026 19:00,25.376776,86.471523,PM2.5,15,45,33
India,Bihar,Bhagalpur,"Mayaganj, Bhagalpur - BSPCB",17-04-2026 19:00,25.265194,87.012947,OZONE,7,19,14
India,Bihar,Bihar Sharif,"D M Colony, Bihar Sharif - BSPCB",17-04-2026 19:00,25.204762,85.51496,CO,54,64,56
India,Bihar,Buxar,"Charitra Van, Buxar - BSPCB",17-04-2026 19:00,25.56752,83.966379,PM2.5,45,78,60
India,Bihar,Chhapra,"Darshan Nagar, Chhapra - BSPCB",17-04-2026 19:00,25.7808257,84.7446768,PM2.5,77,95,85
India,Bihar,Chhapra,"Darshan Nagar, Chhapra - BSPCB",17-04-2026 19:00,25.7808257,84.7446768,SO2,20,31,21
India,Bihar,Gaya,"Kareemganj, Gaya - BSPCB",17-04-2026 19:00,24.792403,84.992416,NO2,10,13,12
India,Bihar,Gaya,"Kareemganj, Gaya - BSPCB",17-04-2026 19:00,24.792403,84.992416,OZONE,19,133,96
India,Bihar,Gaya,"SFTI Kusdihra, Gaya - BSPCB",17-04-2026 19:00,24.762518,84.982348,PM10,54,94,74
India,Bihar,Patna,"IGSC Planetarium Complex, Patna - BSPCB",17-04-2026 19:00,25.610369,85.132568,OZONE,59,61,60
India,Bihar,Patna,"Muradpur, Patna - BSPCB",17-04-2026 19:00,25.619651,85.147382,PM10,75,190,101
India,Bihar,Patna,"Muradpur, Patna - BSPCB",17-04-2026 19:00,25.619651,85.147382,CO,4,113,81
India,Bihar,Patna,"Samanpura, Patna - BSPCB",17-04-2026 19:00,25.596727,85.085624,OZONE,31,108,68
India,Bihar,Purnia,"Mariam Nagar, Purnia - BSPCB",17-04-2026 19:00,25.366336,87.117468,PM10,46,57,53
India,Bihar,Purnia,"Mariam Nagar, Purnia - BSPCB",17-04-2026 19:00,25.366336,87.117468,NO2,5,6,6
India,Bihar,Rajgir,"Dangi Tola, Rajgir - BSPCB",17-04-2026 19:00,25.0328,85.41948,NH3,NA,NA,NA
India,Bihar,Rajgir,"Dangi Tola, Rajgir - BSPCB",17-04-2026 19:00,25.0328,85.41948,CO,28,46,39
India,Bihar,Rajgir,"Dangi Tola, Rajgir - BSPCB",17-04-2026 19:00,25.0328,85.41948,OZONE,22,32,27
India,Bihar,Muzaffarpur,"Buddha Colony, Muzaffarpur - BSPCB",17-04-2026 19:00,26.11442,85.39813,PM10,52,101,71
India,Bihar,Muzaffarpur,"MIT-Daudpur Kothi, Muzaffarpur - BSPCB",17-04-2026 19:00,26.1403345,85.3650192,NH3,3,4,4
India,Bihar,Muzaffarpur,"MIT-Daudpur Kothi, Muzaffarpur - BSPCB",17-04-2026 19:00,26.1403345,85.3650192,CO,31,44,36
India,Bihar,Muzaffarpur,"MIT-Daudpur Kothi, Muzaffarpur - BSPCB",17-04-2026 19:00,26.1403345,85.3650192,OZONE,18,66,48
India,Bihar,Patna,"DRM Office Danapur, Patna - BSPCB",17-04-2026 19:00,25.586562,85.043586,CO,41,52,47
India,Bihar,Patna,"DRM Office Danapur, Patna - BSPCB",17-04-2026 19:00,25.586562,85.043586,OZONE,11,16,14
India,Bihar,Patna,"Govt. High School Shikarpur, Patna - BSPCB",17-04-2026 19:00,25.592539,85.227158,CO,54,86,70
India,Bihar,Patna,"IGSC Planetarium Complex, Patna - BSPCB",17-04-2026 19:00,25.610369,85.132568,NO2,1,2,1
India,Andhra_Pradesh,Tirupati,"Vaikuntapuram, Tirupati - APPCB",17-04-2026 19:00,13.615387,79.40923,NH3,4,6,4
India,Andhra_Pradesh,Tirupati,"Vaikuntapuram, Tirupati - APPCB",17-04-2026 19:00,13.615387,79.40923,OZONE,9,39,26
India,Andhra_Pradesh,Vijayawada,"HB Colony, Vijayawada - APPCB",17-04-2026 19:00,16.536107,80.594233,PM10,43,132,60
India,Andhra_Pradesh,Vijayawada,"HB Colony, Vijayawada - APPCB",17-04-2026 19:00,16.536107,80.594233,OZONE,19,50,36
India,Andhra_Pradesh,Vijayawada,"Kanuru, Vijayawada - APPCB",17-04-2026 19:00,16.486692,80.699436,NH3,4,5,4
India,Andhra_Pradesh,Vijayawada,"Kanuru, Vijayawada - APPCB",17-04-2026 19:00,16.486692,80.699436,OZONE,43,74,55
India,Andhra_Pradesh,Vijayawada,"Rajiv Gandhi Park, Vijayawada - APPCB",17-04-2026 19:00,16.509717,80.612222,SO2,17,18,17
India,Andhra_Pradesh,Vijayawada,"Rajiv Nagar, Vijayawada - APPCB",17-04-2026 19:00,16.554731,80.64911,PM10,53,69,64
India,Andhra_Pradesh,Vijayawada,"Rajiv Nagar, Vijayawada - APPCB",17-04-2026 19:00,16.554731,80.64911,NH3,3,6,5
India,Andhra_Pradesh,Visakhapatnam,"GVM Corporation, Visakhapatnam - APPCB",17-04-2026 19:00,17.72,83.3,NH3,3,3,3
India,Assam,Byrnihat,"Central Academy for SFS, Byrnihat - PCBA",17-04-2026 19:00,26.071318,91.87488,PM2.5,58,323,143
India,Assam,Byrnihat,"Central Academy for SFS, Byrnihat - PCBA",17-04-2026 19:00,26.071318,91.87488,OZONE,14,59,46
India,Andhra_Pradesh,Eluru,"District Court, Eluru - APPCB",17-04-2026 19:00,16.711754,81.092095,CO,13,30,22
India,Andhra_Pradesh,Guntur,"Rajendra Nagar North, Guntur - APPCB",17-04-2026 19:00,16.316553,80.413302,PM10,39,115,56
India,Andhra_Pradesh,Kadapa,"Yerramukkapalli, Kadapa - APPCB",17-04-2026 19:00,14.465052,78.824187,PM10,51,80,71
India,Andhra_Pradesh,Kadapa,"Yerramukkapalli, Kadapa - APPCB",17-04-2026 19:00,14.465052,78.824187,NH3,4,6,5
India,Andhra_Pradesh,Amaravati,"Secretariat, Amaravati - APPCB",17-04-2026 19:00,16.5150833,80.5181667,PM10,24,77,45
India,Andhra_Pradesh,Anantapur,"Gulzarpet, Anantapur - APPCB",17-04-2026 19:00,14.675886,77.593027,PM2.5,56,305,94
India,Andhra_Pradesh,Anantapur,"Gulzarpet, Anantapur - APPCB",17-04-2026 19:00,14.675886,77.593027,NH3,5,7,5
India,Andhra_Pradesh,Anantapur,"Gulzarpet, Anantapur - APPCB",17-04-2026 19:00,14.675886,77.593027,SO2,7,17,14
India,Chandigarh,Chandigarh,"Sector-25, Chandigarh - CPCC",17-04-2026 19:00,30.751462,76.762879,CO,6,43,14
India,Chandigarh,Chandigarh,"Sector-53, Chandigarh - CPCC",17-04-2026 19:00,30.719859,76.738637,PM2.5,27,180,78
India,Chandigarh,Chandigarh,"Sector-53, Chandigarh - CPCC",17-04-2026 19:00,30.719859,76.738637,CO,16,137,55
India,Chhattisgarh,Bhilai,"32Bungalows, Bhilai - CECB",17-04-2026 19:00,21.194815,81.31477,NO2,5,53,23
India,Chhattisgarh,Bhilai,"32Bungalows, Bhilai - CECB",17-04-2026 19:00,21.194815,81.31477,SO2,14,39,24
India,Chhattisgarh,Bhilai,"Hathkhoj, Bhilai - CECB",17-04-2026 19:00,21.224231,81.40835,PM2.5,21,84,46
India,Chhattisgarh,Bilaspur,"Mangala, Bilaspur - NTPC",17-04-2026 19:00,22.08815,82.13737,PM10,29,124,80
India,Chhattisgarh,Chhal,"Nawapara SECL Colony, Chhal - CECB",17-04-2026 19:00,22.118125,83.140608,PM10,57,102,75
India,Delhi,Delhi,"Cantonment Area, Delhi - DPCC ",17-04-2026 19:00,28.594169,77.1251,PM2.5,31,102,58
India,Delhi,Delhi,"Cantonment Area, Delhi - DPCC ",17-04-2026 19:00,28.594169,77.1251,PM10,129,306,194
India,Delhi,Delhi,"Cantonment Area, Delhi - DPCC ",17-04-2026 19:00,28.594169,77.1251,OZONE,4,54,32
India,Delhi,Delhi,"Chandni Chowk, Delhi - IITM",17-04-2026 19:00,28.656756,77.227234,NO2,53,276,149
India,Delhi,Delhi,"Chandni Chowk, Delhi - IITM",17-04-2026 19:00,28.656756,77.227234,NH3,8,36,20
India,Delhi,Delhi,"Commonwealth Sports Complex, Delhi - DPCC",17-04-2026 19:00,28.615828,77.271992,NO2,29,174,111
India,Delhi,Delhi,"DTU, Delhi - CPCB",17-04-2026 19:00,28.7500499,77.1112615,CO,26,112,67
India,Delhi,Delhi,"Dr. Karni Singh Shooting Range, Delhi - DPCC",17-04-2026 19:00,28.498571,77.26484,SO2,16,48,30
India,Chhattisgarh,Korba,"Rampur, Korba - CECB",17-04-2026 19:00,22.368195,82.746431,CO,12,54,16
India,Chhattisgarh,Kunjemura,"OP Jindal School, Kunjemura - CECB",17-04-2026 19:00,22.12665,83.483212,PM2.5,18,52,36
India,Chhattisgarh,Kunjemura,"OP Jindal School, Kunjemura - CECB",17-04-2026 19:00,22.12665,83.483212,SO2,11,29,16
India,Chhattisgarh,Kunjemura,"OP Jindal School, Kunjemura - CECB",17-04-2026 19:00,22.12665,83.483212,CO,22,46,34
India,Chhattisgarh,Milupara,"Govt. Higher Secondary School, Milupara - CECB",17-04-2026 19:00,22.1910172,83.5197009,NO2,NA,NA,NA
India,Chhattisgarh,Milupara,"Govt. Higher Secondary School, Milupara - CECB",17-04-2026 19:00,22.1910172,83.5197009,SO2,NA,NA,NA
India,Chhattisgarh,Milupara,"Govt. Higher Secondary School, Milupara - CECB",17-04-2026 19:00,22.1910172,83.5197009,OZONE,35,134,99
India,Chhattisgarh,Raipur,"AIIMS, Raipur - CECB",17-04-2026 19:00,21.258815,81.578979,NO2,24,48,33
India,Chhattisgarh,Raipur,"AIIMS, Raipur - CECB",17-04-2026 19:00,21.258815,81.578979,NH3,3,4,3
India,Bihar,Saharsa,"Police Line, Saharsa - BSPCB",17-04-2026 19:00,25.892357,86.590325,NO2,2,9,6
India,Bihar,Sasaram,"Dada Peer, Sasaram - BSPCB",17-04-2026 19:00,24.952822,84.002396,PM10,58,135,95
India,Bihar,Sasaram,"Dada Peer, Sasaram - BSPCB",17-04-2026 19:00,24.952822,84.002396,OZONE,15,58,19
India,Bihar,Siwan,"Chitragupta Nagar, Siwan - BSPCB",17-04-2026 19:00,26.2271665,84.3570427,NO2,2,2,2
India,Bihar,Siwan,"Chitragupta Nagar, Siwan - BSPCB",17-04-2026 19:00,26.2271665,84.3570427,OZONE,8,15,10
India,Chandigarh,Chandigarh,"Sector 22, Chandigarh - CPCC",17-04-2026 19:00,30.735567,76.775714,PM2.5,25,117,58
India,Chandigarh,Chandigarh,"Sector 22, Chandigarh - CPCC",17-04-2026 19:00,30.735567,76.775714,NO2,8,44,22
India,Chandigarh,Chandigarh,"Sector 22, Chandigarh - CPCC",17-04-2026 19:00,30.735567,76.775714,OZONE,3,75,46
India,Chhattisgarh,Raipur,"Bhatagaon New ISBT, Raipur - CECB",17-04-2026 19:00,21.219665,81.630094,PM10,59,103,81
India,Chhattisgarh,Raipur,"Siltara Phase-II, Raipur - CECB",17-04-2026 19:00,21.371751,81.664929,CO,17,26,17
India,Chhattisgarh,Tumidih,"OP Jindal Industrial Park, Tumidih - CECB",17-04-2026 19:00,22.06631475,83.33820077,PM2.5,33,65,50
India,Delhi,Delhi,"Alipur, Delhi - DPCC",17-04-2026 19:00,28.815329,77.15301,PM2.5,68,414,237
India,Delhi,Delhi,"Alipur, Delhi - DPCC",17-04-2026 19:00,28.815329,77.15301,NO2,28,107,57
India,Delhi,Delhi,"IGNOU_Maidan Garhi, Delhi - DPCC",17-04-2026 19:00,28.493624,77.201159,SO2,7,24,18
India,Delhi,Delhi,"IHBAS, Dilshad Garden, Delhi - CPCB",17-04-2026 19:00,28.6811736,77.3025234,PM2.5,65,346,242
India,Delhi,Delhi,"IHBAS, Dilshad Garden, Delhi - CPCB",17-04-2026 19:00,28.6811736,77.3025234,PM10,110,317,212
India,Delhi,Delhi,"IIT Delhi, Delhi - IITM",17-04-2026 19:00,28.54246,77.191651,NO2,32,133,78
India,Delhi,Delhi,"IIT Delhi, Delhi - IITM",17-04-2026 19:00,28.54246,77.191651,CO,16,101,36
India,Delhi,Delhi,"ITO, Delhi - CPCB",17-04-2026 19:00,28.628624,77.24106,OZONE,19,72,48
India,Delhi,Delhi,"JNU, Delhi - DPCC",17-04-2026 19:00,28.540721,77.168544,NH3,3,8,5
India,Delhi,Delhi,"Jahangirpuri, Delhi - DPCC",17-04-2026 19:00,28.73282,77.170633,PM2.5,75,430,273
India,Delhi,Delhi,"Jawaharlal Nehru Stadium, Delhi - DPCC",17-04-2026 19:00,28.58028,77.233829,PM2.5,40,329,227
India,Delhi,Delhi,"Lodhi Road, Delhi - IMD",17-04-2026 19:00,28.5918245,77.2273074,OZONE,21,233,142
India,Delhi,Delhi,"Major Dhyan Chand National Stadium, Delhi - DPCC",17-04-2026 19:00,28.611281,77.237738,NH3,14,19,17
India,Delhi,Delhi,"Anand Vihar, Delhi - DPCC",17-04-2026 19:00,28.647622,77.315809,NH3,8,20,14
India,Delhi,Delhi,"Bawana, Delhi - DPCC",17-04-2026 19:00,28.7762,77.051074,PM10,172,482,354
India,Delhi,Delhi,"Bawana, Delhi - DPCC",17-04-2026 19:00,28.7762,77.051074,CO,26,124,41
India,Delhi,Delhi,"IGNOU_Maidan Garhi, Delhi - DPCC",17-04-2026 19:00,28.493624,77.201159,NO2,6,118,50
India,Delhi,Delhi,"R K Puram, Delhi - DPCC",17-04-2026 19:00,28.563262,77.186937,SO2,34,137,43
India,Delhi,Delhi,"R K Puram, Delhi - DPCC",17-04-2026 19:00,28.563262,77.186937,CO,18,140,45
India,Delhi,Delhi,"Rohini, Delhi - DPCC",17-04-2026 19:00,28.732528,77.11992,NO2,25,169,86
India,Delhi,Delhi,"Shadipur, Delhi - CPCB",17-04-2026 19:00,28.6514781,77.1473105,PM2.5,89,333,258
India,Delhi,Delhi,"Shadipur, Delhi - CPCB",17-04-2026 19:00,28.6514781,77.1473105,PM10,105,304,148
India,Delhi,Delhi,"Shadipur, Delhi - CPCB",17-04-2026 19:00,28.6514781,77.1473105,NO2,49,138,88
India,Delhi,Delhi,"Shadipur, Delhi - CPCB",17-04-2026 19:00,28.6514781,77.1473105,SO2,1,25,14
India,Delhi,Delhi,"Sirifort, Delhi - CPCB",17-04-2026 19:00,28.5504249,77.2159377,PM2.5,72,325,234
India,Delhi,Delhi,"Sirifort, Delhi - CPCB",17-04-2026 19:00,28.5504249,77.2159377,OZONE,12,35,24
India,Delhi,Delhi,"Sonia Vihar, Delhi - DPCC",17-04-2026 19:00,28.710508,77.249485,PM10,107,424,255
India,Delhi,Delhi,"Sonia Vihar, Delhi - DPCC",17-04-2026 19:00,28.710508,77.249485,OZONE,2,96,65
India,Delhi,Delhi,"Sri Aurobindo Marg, Delhi - DPCC",17-04-2026 19:00,28.531346,77.190156,NO2,29,136,68
India,Gujarat,Ahmedabad,"SVPI Airport Hansol, Ahmedabad - IITM",17-04-2026 19:00,23.076793,72.627874,SO2,7,62,31
India,Gujarat,Ahmedabad,"SVPI Airport Hansol, Ahmedabad - IITM",17-04-2026 19:00,23.076793,72.627874,OZONE,8,87,66
India,Gujarat,Ankleshwar,"GIDC, Ankleshwar - GPCB",17-04-2026 19:00,21.613267,73.010555,CO,32,51,38
India,Gujarat,Ankleshwar,"GIDC, Ankleshwar - GPCB",17-04-2026 19:00,21.613267,73.010555,OZONE,14,52,31
India,Gujarat,Bhavnagar,"Vidhyanagar, Bhavnagar - Nexteng Enviro",17-04-2026 19:00,21.755417,72.139056,PM2.5,18,68,45
India,Gujarat,Bhavnagar,"Vidhyanagar, Bhavnagar - Nexteng Enviro",17-04-2026 19:00,21.755417,72.139056,NO2,60,78,67
India,Gujarat,Gandhinagar,"GIFT City, Gandhinagar - IITM",17-04-2026 19:00,23.163798,72.677768,PM10,129,254,162
India,Gujarat,Gandhinagar,"GIFT City, Gandhinagar - IITM",17-04-2026 19:00,23.163798,72.677768,NO2,18,74,34
India,Gujarat,Gandhinagar,"GIFT City, Gandhinagar - IITM",17-04-2026 19:00,23.163798,72.677768,NH3,5,12,7
India,Gujarat,Gandhinagar,"IIPHG Lekawada, Gandhinagar - IITM",17-04-2026 19:00,23.243639,72.68994,PM10,74,134,101
India,Gujarat,Gandhinagar,"IIPHG Lekawada, Gandhinagar - IITM",17-04-2026 19:00,23.243639,72.68994,SO2,2,50,11
India,Gujarat,Vadodara,"Bapunagar, Vadodara - Nexteng Enviro",17-04-2026 19:00,22.320153,73.216285,SO2,5,11,7
India,Gujarat,Vapi,"Phase-1 GIDC, Vapi - GPCB",17-04-2026 19:00,20.362421,72.918013,OZONE,4,30,22
India,Gujarat,Vatva,"Phase-4 GIDC, Vatva - GPCB",17-04-2026 19:00,22.969611,72.6435,CO,18,73,31
India,Haryana,Ambala,"Patti Mehar, Ambala - HSPCB",17-04-2026 19:00,30.379589,76.778328,PM2.5,74,241,145
India,Haryana,Ambala,"Patti Mehar, Ambala - HSPCB",17-04-2026 19:00,30.379589,76.778328,NH3,7,8,8
India,Haryana,Ambala,"Patti Mehar, Ambala - HSPCB",17-04-2026 19:00,30.379589,76.778328,CO,22,48,28
India,Haryana,Bahadurgarh,"Arya Nagar, Bahadurgarh - HSPCB",17-04-2026 19:00,28.6701,76.9254,PM2.5,113,163,136
India,Haryana,Bahadurgarh,"Arya Nagar, Bahadurgarh - HSPCB",17-04-2026 19:00,28.6701,76.9254,SO2,5,7,6
India,Haryana,Ballabgarh,"Nathu Colony, Ballabgarh - HSPCB",17-04-2026 19:00,28.3419248,77.319699,NO2,19,21,20
India,Gujarat,Ahmedabad,"Maninagar, Ahmedabad - GPCB",17-04-2026 19:00,23.002657,72.591912,PM10,81,179,107
India,Gujarat,Ahmedabad,"Maninagar, Ahmedabad - GPCB",17-04-2026 19:00,23.002657,72.591912,CO,5,40,22
India,Gujarat,Ahmedabad,"Raikhad, Ahmedabad - IITM",17-04-2026 19:00,23.020509,72.579261,SO2,5,116,31
India,Gujarat,Ahmedabad,"Rakhial, Ahmedabad - IITM",17-04-2026 19:00,23.016834,72.625775,PM2.5,32,70,49
India,Gujarat,Ahmedabad,"SAC ISRO Satellite, Ahmedabad - IITM",17-04-2026 19:00,23.023389,72.515201,SO2,6,66,24
India,Gujarat,Ahmedabad,"SVPI Airport Hansol, Ahmedabad - IITM",17-04-2026 19:00,23.076793,72.627874,PM2.5,38,84,55
India,Delhi,Delhi,"Okhla Phase-2, Delhi - DPCC",17-04-2026 19:00,28.530785,77.271255,NO2,45,168,116
India,Delhi,Delhi,"Okhla Phase-2, Delhi - DPCC",17-04-2026 19:00,28.530785,77.271255,SO2,16,74,43
India,Delhi,Delhi,"Okhla Phase-2, Delhi - DPCC",17-04-2026 19:00,28.530785,77.271255,CO,10,112,31
India,Delhi,Delhi,"Patparganj, Delhi - DPCC",17-04-2026 19:00,28.623763,77.287209,NO2,29,164,105
India,Delhi,Delhi,"Pusa, Delhi - DPCC",17-04-2026 19:00,28.639652,77.146275,PM2.5,NA,NA,NA
India,Delhi,Delhi,"R K Puram, Delhi - DPCC",17-04-2026 19:00,28.563262,77.186937,NO2,26,148,85
India,Delhi,Delhi,"Sri Aurobindo Marg, Delhi - DPCC",17-04-2026 19:00,28.531346,77.190156,CO,6,106,32
India,Delhi,Delhi,"Talkatora Garden, Delhi - DPCC",17-04-2026 19:00,28.62181,77.1944633,PM2.5,55,413,214
India,Delhi,Delhi,"Wazirpur, Delhi - DPCC",17-04-2026 19:00,28.699793,77.165453,SO2,12,39,21
India,Gujarat,Ahmedabad,"Chandkheda, Ahmedabad - IITM",17-04-2026 19:00,23.107969,72.574648,NH3,2,8,6
India,Gujarat,Gandhinagar,"Sector-10, Gandhinagar - GPCB",17-04-2026 19:00,23.221714,72.654328,OZONE,33,40,39
India,Gujarat,Mehsana,"Sadanand Nagar, Mehsana - Nexteng Enviro",17-04-2026 19:00,23.59315,72.372792,NH3,2,5,3
India,Gujarat,Mehsana,"Sadanand Nagar, Mehsana - Nexteng Enviro",17-04-2026 19:00,23.59315,72.372792,CO,52,67,54
India,Gujarat,Surat,"Science Center, Surat - SMC",17-04-2026 19:00,21.170046,72.795405,SO2,18,20,19
India,Delhi,Delhi,"Mandir Marg, Delhi - DPCC",17-04-2026 19:00,28.636429,77.201067,PM2.5,NA,NA,NA
India,Delhi,Delhi,"Mandir Marg, Delhi - DPCC",17-04-2026 19:00,28.636429,77.201067,CO,102,132,107
India,Delhi,Delhi,"Mundka, Delhi - DPCC",17-04-2026 19:00,28.684678,77.076574,PM10,173,500,378
India,Delhi,Delhi,"NSIT Dwarka, Delhi - CPCB",17-04-2026 19:00,28.60909,77.0325413,PM2.5,50,212,102
India,Delhi,Delhi,"Najafgarh, Delhi - DPCC",17-04-2026 19:00,28.570173,76.933762,NO2,20,142,77
India,Delhi,Delhi,"Najafgarh, Delhi - DPCC",17-04-2026 19:00,28.570173,76.933762,OZONE,3,77,58
India,Delhi,Delhi,"Narela, Delhi - DPCC",17-04-2026 19:00,28.822836,77.101981,CO,11,82,35
India,Delhi,Delhi,"Nehru Nagar, Delhi - DPCC",17-04-2026 19:00,28.56789,77.250515,PM10,197,446,348
India,Haryana,Panipat,"Sector-18, Panipat - HSPCB",17-04-2026 19:00,29.432304,76.972765,OZONE,30,30,30
India,Haryana,Rohtak,"MD University, Rohtak - HSPCB",17-04-2026 19:00,28.52123,76.37138,SO2,10,13,12
India,Haryana,Sonipat,"Murthal, Sonipat - HSPCB",17-04-2026 19:00,29.0272,77.0621,PM10,107,118,110
India,Haryana,Sonipat,"Murthal, Sonipat - HSPCB",17-04-2026 19:00,29.0272,77.0621,NO2,12,13,12
India,Haryana,Yamuna Nagar,"Gobind Pura, Yamuna Nagar - HSPCB",17-04-2026 19:00,30.1480566,77.2893471,PM10,NA,NA,NA
India,Haryana,Yamuna Nagar,"Gobind Pura, Yamuna Nagar - HSPCB",17-04-2026 19:00,30.1480566,77.2893471,OZONE,14,34,30
India,Himachal Pradesh,Baddi,"HIMUDA Complex Phase-1, Baddi - HPPCB",17-04-2026 19:00,30.943887,76.801991,PM10,52,278,139
India,Himachal Pradesh,Baddi,"HIMUDA Complex Phase-1, Baddi - HPPCB",17-04-2026 19:00,30.943887,76.801991,NO2,1,37,15
India,Jharkhand,Jorapokhar,"Tata Stadium, Jorapokhar - JSPCB",17-04-2026 19:00,23.707909,86.41467,PM2.5,38,229,65
India,Jharkhand,Jorapokhar,"Tata Stadium, Jorapokhar - JSPCB",17-04-2026 19:00,23.707909,86.41467,CO,37,40,39
India,Karnataka,Bagalkot,"Vidayagiri, Bagalkot - KSPCB",17-04-2026 19:00,16.172806,75.659694,CO,5,54,25
India,Karnataka,Belgaum,"Ramteerth Nagar, Belgaum - KSPCB",17-04-2026 19:00,15.888653,74.541751,NO2,10,68,39
India,Karnataka,Bengaluru,"BTM Layout, Bengaluru - CPCB",17-04-2026 19:00,12.9135218,77.5950804,SO2,18,18,18
India,Karnataka,Bengaluru,"BWSSB Kadabesanahalli, Bengaluru - CPCB",17-04-2026 19:00,12.9352049,77.6814488,PM10,26,91,64
India,Karnataka,Bengaluru,"BWSSB Kadabesanahalli, Bengaluru - CPCB",17-04-2026 19:00,12.9352049,77.6814488,NH3,NA,NA,NA
India,Haryana,Faridabad,"Sector 30, Faridabad - HSPCB",17-04-2026 19:00,28.4417,77.3217,OZONE,10,10,10
India,Haryana,Gurugram,"Sector-51, Gurugram - HSPCB",17-04-2026 19:00,28.4227,77.0667,PM2.5,304,500,375
India,Haryana,Gurugram,"Sector-51, Gurugram - HSPCB",17-04-2026 19:00,28.4227,77.0667,NH3,6,10,8
India,Haryana,Gurugram,"Teri Gram, Gurugram - HSPCB",17-04-2026 19:00,28.4275,77.1465,SO2,3,15,9
India,Haryana,Gurugram,"Teri Gram, Gurugram - HSPCB",17-04-2026 19:00,28.4275,77.1465,CO,22,55,43
India,Haryana,Gurugram,"Vikas Sadan, Gurugram - HSPCB",17-04-2026 19:00,28.4501238,77.0263051,PM10,NA,NA,NA
India,Haryana,Jind,"Police Lines, Jind - HSPCB",17-04-2026 19:00,29.307814,76.337619,PM10,79,457,132
India,Haryana,Karnal,"Sector-12, Karnal - HSPCB",17-04-2026 19:00,29.6953,77.0027,PM2.5,97,305,199
India,Haryana,Karnal,"Sector-12, Karnal - HSPCB",17-04-2026 19:00,29.6953,77.0027,PM10,88,160,123
India,Haryana,Karnal,"Sector-12, Karnal - HSPCB",17-04-2026 19:00,29.6953,77.0027,NO2,6,7,6
India,Haryana,Karnal,"Sector-12, Karnal - HSPCB",17-04-2026 19:00,29.6953,77.0027,NH3,6,7,6
India,Haryana,Karnal,"Sector-12, Karnal - HSPCB",17-04-2026 19:00,29.6953,77.0027,SO2,4,9,7
India,Haryana,Kurukshetra,"Sector-7, Kurukshetra - HSPCB",17-04-2026 19:00,29.966942,76.875879,NH3,6,7,6
India,Haryana,Kurukshetra,"Sector-7, Kurukshetra - HSPCB",17-04-2026 19:00,29.966942,76.875879,SO2,14,22,18
India,Haryana,Kurukshetra,"Sector-7, Kurukshetra - HSPCB",17-04-2026 19:00,29.966942,76.875879,OZONE,9,76,61
India,Haryana,Bhiwani,"H.B. Colony, Bhiwani - HSPCB",17-04-2026 19:00,28.806223,76.141105,CO,2,10,7
India,Haryana,Charkhi Dadri,"Mini Secretariat, Charkhi Dadri - HSPCB",17-04-2026 19:00,28.593883,76.270653,PM10,116,301,193
India,Haryana,Dharuhera,"Municipal Corporation Office, Dharuhera -  HSPCB",17-04-2026 19:00,28.2068,76.7997,CO,54,102,76
India,Haryana,Palwal,"Shyam Nagar, Palwal - HSPCB",17-04-2026 19:00,28.1485564,77.3320667,SO2,12,13,13
India,Haryana,Panchgaon,"Amity University, Panchgaon - IITM",17-04-2026 19:00,28.3153,76.9143,SO2,2,31,16
India,Haryana,Panchkula,"Sector-6, Panchkula - HSPCB ",17-04-2026 19:00,30.7057778,76.85318056,SO2,13,14,14
India,Jharkhand,Dhanbad,"Sardar Patel Nagar, Dhanbad - JSPCB",17-04-2026 19:00,23.80569,86.44268,PM10,NA,NA,NA
India,Jharkhand,Dhanbad,"Sardar Patel Nagar, Dhanbad - JSPCB",17-04-2026 19:00,23.80569,86.44268,NO2,NA,NA,NA
India,Himachal Pradesh,Baddi,"HIMUDA Complex Phase-1, Baddi - HPPCB",17-04-2026 19:00,30.943887,76.801991,CO,36,73,44
India,Haryana,Narnaul,"Shastri Nagar, Narnaul - HSPCB",17-04-2026 19:00,28.060249,76.113115,CO,18,56,44
India,Karnataka,Chikkamagaluru,"Kalyana Nagara, Chikkamagaluru - KSPCB",17-04-2026 19:00,13.328028,75.797056,PM2.5,NA,NA,NA
India,Karnataka,Chikkamagaluru,"Kalyana Nagara, Chikkamagaluru - KSPCB",17-04-2026 19:00,13.328028,75.797056,PM10,NA,NA,NA
India,Karnataka,Chikkamagaluru,"Kalyana Nagara, Chikkamagaluru - KSPCB",17-04-2026 19:00,13.328028,75.797056,NH3,NA,NA,NA
India,Karnataka,Chikkamagaluru,"Kalyana Nagara, Chikkamagaluru - KSPCB",17-04-2026 19:00,13.328028,75.797056,CO,6,106,47
India,Karnataka,Dharwad,"Kalabhavan, Dharwad - KSPCB",17-04-2026 19:00,15.459706,75.008381,PM10,63,134,90
India,Karnataka,Hubballi,"Lingaraj Nagar, Hubballi - KSPCB",17-04-2026 19:00,15.3714823,75.1160168,PM10,NA,NA,NA
India,Karnataka,Hubballi,"Lingaraj Nagar, Hubballi - KSPCB",17-04-2026 19:00,15.3714823,75.1160168,NO2,NA,NA,NA
India,Karnataka,Kalaburagi,"Lal Bahadur Shastri Nagar, Kalaburagi - KSPCB",17-04-2026 19:00,17.321993,76.822628,PM10,NA,NA,NA
India,Karnataka,Kalaburagi,"Lal Bahadur Shastri Nagar, Kalaburagi - KSPCB",17-04-2026 19:00,17.321993,76.822628,NH3,1,1,1
India,Karnataka,Kalaburagi,"Lal Bahadur Shastri Nagar, Kalaburagi - KSPCB",17-04-2026 19:00,17.321993,76.822628,OZONE,20,22,21
India,Madhya Pradesh,Gwalior,"City Center, Gwalior - MPPCB",17-04-2026 19:00,26.203442,78.193251,PM2.5,15,82,42
India,Madhya Pradesh,Gwalior,"City Center, Gwalior - MPPCB",17-04-2026 19:00,26.203442,78.193251,CO,14,168,132
India,Madhya Pradesh,Gwalior,"Deen Dayal Nagar, Gwalior - MPPCB",17-04-2026 19:00,26.259242,78.216432,PM2.5,60,386,218
India,Madhya Pradesh,Gwalior,"Maharaj Bada, Gwalior - MPPCB",17-04-2026 19:00,26.200388,78.147714,OZONE,3,188,167
India,Madhya Pradesh,Indore,"Airport Area, Indore - IMC",17-04-2026 19:00,22.7289,75.8076,SO2,12,15,14
India,Madhya Pradesh,Indore,"Chhoti Gwaltoli, Indore - MPPCB",17-04-2026 19:00,22.431,75.5213,NO2,32,142,80
India,Madhya Pradesh,Indore,"Chhoti Gwaltoli, Indore - MPPCB",17-04-2026 19:00,22.431,75.5213,SO2,10,68,18
India,Madhya Pradesh,Indore,"Chhoti Gwaltoli, Indore - MPPCB",17-04-2026 19:00,22.431,75.5213,CO,16,108,37
India,Karnataka,Bengaluru,"Jigani, Bengaluru - KSPCB",17-04-2026 19:00,12.7816279,77.6299145,CO,27,28,28
India,Karnataka,Bengaluru,"Kasturi Nagar, Bengaluru - KSPCB",17-04-2026 19:00,13.003872,77.664217,NO2,37,39,38
India,Karnataka,Bengaluru,"RVCE-Mailasandra, Bengaluru - KSPCB",17-04-2026 19:00,12.921418,77.502466,NH3,3,4,4
India,Karnataka,Bengaluru,"Shivapura_Peenya, Bengaluru - KSPCB",17-04-2026 19:00,13.0246342,77.5080115,NH3,4,4,4
India,Karnataka,Bengaluru,"Silk Board, Bengaluru - KSPCB",17-04-2026 19:00,12.917348,77.622813,PM10,94,135,110
India,Karnataka,Chamarajanagar,"Urban, Chamarajanagar - KSPCB",17-04-2026 19:00,11.55358,76.55521,PM2.5,26,39,30
India,Karnataka,Chamarajanagar,"Urban, Chamarajanagar - KSPCB",17-04-2026 19:00,11.55358,76.55521,NO2,14,29,19
India,Madhya Pradesh,Indore,"Maguda Nagar, Indore - IMC",17-04-2026 19:00,22.7524,75.8872,OZONE,12,21,17
India,Madhya Pradesh,Indore,"Residency Area, Indore - IMC",17-04-2026 19:00,22.7084,75.8815,PM10,35,128,69
India,Madhya Pradesh,Jabalpur,"Govindh Bhavan Colony, Jabalpur - JMC",17-04-2026 19:00,23.163174,79.973061,NH3,2,2,2
India,Madhya Pradesh,Jabalpur,"Govindh Bhavan Colony, Jabalpur - JMC",17-04-2026 19:00,23.163174,79.973061,SO2,2,6,4
India,Madhya Pradesh,Jabalpur,"Marhatal, Jabalpur - MPPCB",17-04-2026 19:00,23.168606,79.932247,PM10,109,472,197
India,Madhya Pradesh,Jabalpur,"Marhatal, Jabalpur - MPPCB",17-04-2026 19:00,23.168606,79.932247,NH3,6,11,8
India,Madhya Pradesh,Jabalpur,"Marhatal, Jabalpur - MPPCB",17-04-2026 19:00,23.168606,79.932247,SO2,15,19,17
India,Madhya Pradesh,Jabalpur,"Marhatal, Jabalpur - MPPCB",17-04-2026 19:00,23.168606,79.932247,CO,84,119,89
India,Karnataka,Vijayapura,"Ibrahimpur, Vijayapura - KSPCB",17-04-2026 19:00,16.802639,75.722694,NH3,4,4,4
India,Karnataka,Vijayapura,"Ibrahimpur, Vijayapura - KSPCB",17-04-2026 19:00,16.802639,75.722694,CO,8,36,26
India,Karnataka,Yadgir,"Collector Office, Yadgir - KSPCB",17-04-2026 19:00,16.7602,77.1428,NO2,10,21,14
India,Karnataka,Yadgir,"Collector Office, Yadgir - KSPCB",17-04-2026 19:00,16.7602,77.1428,CO,18,47,21
India,Kerala,Kollam,"Polayathode, Kollam - Kerala PCB",17-04-2026 19:00,8.8787,76.6073,PM10,NA,NA,NA
India,Kerala,Kollam,"Polayathode, Kollam - Kerala PCB",17-04-2026 19:00,8.8787,76.6073,SO2,NA,NA,NA
India,Kerala,Thrissur,"Corporation Ground, Thrissur - Kerala PCB",17-04-2026 19:00,10.5324,76.2159,PM2.5,35,53,46
India,Madhya Pradesh,Bhopal,"Idgah Hills, Bhopal - MPPCB",17-04-2026 19:00,23.264759,77.381568,NO2,20,75,34
India,Madhya Pradesh,Bhopal,"Paryavaran Parisar, Bhopal - MPPCB",17-04-2026 19:00,23.210494,77.425409,NO2,21,117,54
India,Madhya Pradesh,Bhopal,"Paryavaran Parisar, Bhopal - MPPCB",17-04-2026 19:00,23.210494,77.425409,SO2,22,32,27
India,Madhya Pradesh,Bhopal,"T T Nagar, Bhopal - MPPCB",17-04-2026 19:00,23.233584,77.400574,PM10,78,203,131
India,Madhya Pradesh,Bhopal,"T T Nagar, Bhopal - MPPCB",17-04-2026 19:00,23.233584,77.400574,NH3,5,6,6
India,Madhya Pradesh,Bhopal,"T T Nagar, Bhopal - MPPCB",17-04-2026 19:00,23.233584,77.400574,OZONE,21,268,151
India,Madhya Pradesh,Damoh,"Shrivastav Colony, Damoh - MPPCB",17-04-2026 19:00,23.81748678,79.446246,PM10,87,220,118
India,Karnataka,Kalaburagi,"Mahatma Basaveswar Colony, Kalaburgi - KSPCB",17-04-2026 19:00,17.336318,76.847397,SO2,3,5,4
India,Karnataka,Madikeri,"Stuart Hill, Madikeri - KSPCB",17-04-2026 19:00,12.415911,75.73505,PM2.5,28,224,49
India,Karnataka,Mysuru,"Hebbal 1st Stage, Mysuru - KSPCB",17-04-2026 19:00,12.21041,76.37376,NO2,5,27,18
India,Karnataka,Mysuru,"Hebbal 1st Stage, Mysuru - KSPCB",17-04-2026 19:00,12.21041,76.37376,NH3,2,6,4
India,Karnataka,Ramanagara,"Vijay Nagar, Ramanagara - KSPCB",17-04-2026 19:00,12.733409,77.298051,PM2.5,51,78,66
India,Karnataka,Ramanagara,"Vijay Nagar, Ramanagara - KSPCB",17-04-2026 19:00,12.733409,77.298051,PM10,NA,NA,NA
India,Karnataka,Bengaluru,"Bapuji Nagar, Bengaluru - KSPCB",17-04-2026 19:00,12.951913,77.539784,PM2.5,40,84,57
India,Karnataka,Bengaluru,"Bapuji Nagar, Bengaluru - KSPCB",17-04-2026 19:00,12.951913,77.539784,SO2,8,33,20
India,Karnataka,Bengaluru,"City Railway Station, Bengaluru - KSPCB",17-04-2026 19:00,12.9756843,77.5660749,PM10,106,108,107
India,Karnataka,Bengaluru,"Hebbal, Bengaluru - KSPCB",17-04-2026 19:00,13.029152,77.585901,NH3,1,6,2
India,Karnataka,Bengaluru,"Hebbal, Bengaluru - KSPCB",17-04-2026 19:00,13.029152,77.585901,SO2,4,17,10
India,Karnataka,Bengaluru,"Hebbal, Bengaluru - KSPCB",17-04-2026 19:00,13.029152,77.585901,CO,3,42,19
India,Karnataka,Bengaluru,"Jayanagar 5th Block, Bengaluru - KSPCB",17-04-2026 19:00,12.920984,77.584908,NO2,NA,NA,NA
India,Karnataka,Bengaluru,"Jigani, Bengaluru - KSPCB",17-04-2026 19:00,12.7816279,77.6299145,SO2,18,19,18
India,Maharashtra,Mahad,"Kamble Tarf Birwadi, Mahad - MPCB",17-04-2026 19:00,18.1023399,73.4783687,PM2.5,29,75,49
India,Maharashtra,Mahad,"Kamble Tarf Birwadi, Mahad - MPCB",17-04-2026 19:00,18.1023399,73.4783687,NO2,5,37,20
India,Maharashtra,Mahad,"Kamble Tarf Birwadi, Mahad - MPCB",17-04-2026 19:00,18.1023399,73.4783687,NH3,2,11,6
India,Maharashtra,Mahad,"Kamble Tarf Birwadi, Mahad - MPCB",17-04-2026 19:00,18.1023399,73.4783687,SO2,13,102,32
India,Maharashtra,Malegaon,"Mahesh Nagar, Malegaon - MPCB",17-04-2026 19:00,20.555712,74.529236,PM10,56,112,88
India,Maharashtra,Malegaon,"Mahesh Nagar, Malegaon - MPCB",17-04-2026 19:00,20.555712,74.529236,NH3,1,6,1
India,Maharashtra,Malegaon,"Mahesh Nagar, Malegaon - MPCB",17-04-2026 19:00,20.555712,74.529236,CO,8,40,12
India,Maharashtra,Malegaon,"Mahesh Nagar, Malegaon - MPCB",17-04-2026 19:00,20.555712,74.529236,OZONE,1,78,60
India,Maharashtra,Mira-Bhayandar,"Bhayandar West, Mira-Bhayandar - MPCB",17-04-2026 19:00,19.296481,72.840923,SO2,NA,NA,NA
India,Maharashtra,Mumbai,"Bandra Kurla Complex, Mumbai - IITM",17-04-2026 19:00,19.053536,72.84643,CO,3,78,38
India,Maharashtra,Mumbai,"Bandra Kurla Complex, Mumbai - MPCB",17-04-2026 19:00,19.065931,72.862131,PM2.5,26,93,47
India,Maharashtra,Mumbai,"Bandra Kurla Complex, Mumbai - MPCB",17-04-2026 19:00,19.065931,72.862131,NO2,8,31,16
India,Maharashtra,Bhiwandi,"Gokul Nagar, Bhiwandi - MPCB",17-04-2026 19:00,19.309073,73.057223,PM10,43,97,67
India,Maharashtra,Boisar,"Khaira, Boisar - MPCB",17-04-2026 19:00,19.786089,72.757971,NO2,20,22,21
India,Maharashtra,Boisar,"Khaira, Boisar - MPCB",17-04-2026 19:00,19.786089,72.757971,SO2,16,17,17
India,Maharashtra,Boisar,"Khaira, Boisar - MPCB",17-04-2026 19:00,19.786089,72.757971,OZONE,52,53,53
India,Maharashtra,Chandrapur,"MIDC Khutala, Chandrapur - MPCB",17-04-2026 19:00,19.9775302,79.2337086,OZONE,9,150,136
India,Maharashtra,Dhule,"Deopur, Dhule - MPCB",17-04-2026 19:00,20.918946,74.776388,CO,2,16,8
India,Maharashtra,Dhule,"Deopur, Dhule - MPCB",17-04-2026 19:00,20.918946,74.776388,OZONE,28,68,49
India,Maharashtra,Dombivli,"Kalu Nagar, Dombivli - MPCB",17-04-2026 19:00,19.2268427,73.0788456,NO2,13,48,28
India,Maharashtra,Dombivli,"Kalu Nagar, Dombivli - MPCB",17-04-2026 19:00,19.2268427,73.0788456,OZONE,1,35,29
India,Maharashtra,Hingoli,"Ashta Vinayak Nagar, Hingoli - MPCB",17-04-2026 19:00,19.710842,77.151824,PM2.5,22,75,37
India,Maharashtra,Hingoli,"Ashta Vinayak Nagar, Hingoli - MPCB",17-04-2026 19:00,19.710842,77.151824,NO2,7,72,23
India,Maharashtra,Hingoli,"Ashta Vinayak Nagar, Hingoli - MPCB",17-04-2026 19:00,19.710842,77.151824,NH3,1,3,1
India,Maharashtra,Jalgaon,"Prabhat Colony, Jalgaon - MPCB",17-04-2026 19:00,21.001264,75.565602,PM10,37,168,84
India,Maharashtra,Jalgaon,"Prabhat Colony, Jalgaon - MPCB",17-04-2026 19:00,21.001264,75.565602,NO2,6,38,12
India,Maharashtra,Jalgaon,"Prabhat Colony, Jalgaon - MPCB",17-04-2026 19:00,21.001264,75.565602,OZONE,37,108,96
India,Maharashtra,Jalna,"Old MIDC, Jalna - MPCB",17-04-2026 19:00,19.854616,75.905894,OZONE,2,73,66
India,Maharashtra,Kolhapur,"Shivaji University, Kolhapur - MPCB",17-04-2026 19:00,16.6870449,74.2505872,PM10,40,88,55
India,Maharashtra,Kolhapur,"Sinchan Bhavan, Kolhapur - MPCB",17-04-2026 19:00,16.7143745,74.2426398,NH3,NA,NA,NA
India,Maharashtra,Latur,"Sawe Wadi, Latur - MPCB",17-04-2026 19:00,18.39963,76.57452,NH3,3,30,9
India,Maharashtra,Aurangabad,"More Chowk Waluj, Aurangabad - MPCB",17-04-2026 19:00,19.8389439,75.244448,NH3,14,17,16
India,Maharashtra,Aurangabad,"More Chowk Waluj, Aurangabad - MPCB",17-04-2026 19:00,19.8389439,75.244448,OZONE,16,69,58
India,Maharashtra,Aurangabad,"Rachnakar Colony, Aurangabad - MPCB",17-04-2026 19:00,19.863756,75.321188,NO2,12,102,37
India,Maharashtra,Aurangabad,"Rachnakar Colony, Aurangabad - MPCB",17-04-2026 19:00,19.863756,75.321188,SO2,3,43,14
India,Maharashtra,Aurangabad,"Rachnakar Colony, Aurangabad - MPCB",17-04-2026 19:00,19.863756,75.321188,OZONE,14,86,70
India,Maharashtra,Badlapur,"Katrap, Badlapur - MPCB",17-04-2026 19:00,19.16485,73.23409,PM10,70,109,93
India,Maharashtra,Badlapur,"Katrap, Badlapur - MPCB",17-04-2026 19:00,19.16485,73.23409,SO2,4,16,9
India,Maharashtra,Beed,"Bir, Beed - MPCB",17-04-2026 19:00,18.988474,75.753873,NO2,NA,NA,NA
India,Maharashtra,Belapur,"CBD Belapur, Belapur - MPCB",17-04-2026 19:00,19.0243902,73.0406721,NH3,1,5,4
India,Maharashtra,Ahmednagar,"Tarakpur, Ahmednagar - MPCB",17-04-2026 19:00,19.10122,74.73339,PM2.5,17,64,44
India,Maharashtra,Ahmednagar,"Tarakpur, Ahmednagar - MPCB",17-04-2026 19:00,19.10122,74.73339,PM10,47,119,79
India,Maharashtra,Ahmednagar,"Tarakpur, Ahmednagar - MPCB",17-04-2026 19:00,19.10122,74.73339,NO2,17,25,21
India,Maharashtra,Ambernath,"Chinchpada, Ambernath - MPCB",17-04-2026 19:00,19.215784,73.199781,PM10,41,83,55
India,Maharashtra,Amravati,"Shivneri Colony, Amravati - MPCB",17-04-2026 19:00,20.9402359,77.7895248,NH3,2,3,2
India,Maharashtra,Amravati,"Shri Shivaji Science College, Amravati - MPCB",17-04-2026 19:00,20.939198,77.765701,SO2,15,24,19
India,Maharashtra,Aurangabad,"MIDC Chilkalthana, Aurangabad - MPCB",17-04-2026 19:00,19.87562,75.38731,NO2,11,68,29
India,Maharashtra,Mumbai,"Colaba, Mumbai - MPCB",17-04-2026 19:00,18.91,72.82,CO,64,80,77
India,Maharashtra,Mumbai,"Deonar, Mumbai - IITM",17-04-2026 19:00,19.04946,72.923,PM10,85,172,137
India,Maharashtra,Mumbai,"Ghatkopar, Mumbai - BMC",17-04-2026 19:00,19.083694,72.920967,PM2.5,42,96,65
India,Maharashtra,Mumbai,"Ghatkopar, Mumbai - BMC",17-04-2026 19:00,19.083694,72.920967,PM10,53,111,84
India,Maharashtra,Mumbai,"Kandivali West, Mumbai - BMC",17-04-2026 19:00,19.215859,72.831718,NH3,NA,NA,NA
India,Maharashtra,Mumbai,"Kherwadi_Bandra East, Mumbai - MPCB",17-04-2026 19:00,19.0632143,72.8456324,PM2.5,20,58,38
India,Maharashtra,Mumbai,"Khindipada-Bhandup West, Mumbai - IITM",17-04-2026 19:00,19.1653323,72.922099,SO2,6,17,11
India,Madhya Pradesh,Jabalpur,"Suhagi, Jabalpur - JMC",17-04-2026 19:00,23.218135,79.95777,NH3,NA,NA,NA
India,Madhya Pradesh,Mandideep,"Sector-D Industrial Area, Mandideep - MPPCB",17-04-2026 19:00,23.10844,77.511428,PM2.5,65,266,141
India,Madhya Pradesh,Mandideep,"Sector-D Industrial Area, Mandideep - MPPCB",17-04-2026 19:00,23.10844,77.511428,PM10,92,170,123
India,Madhya Pradesh,Mandideep,"Sector-D Industrial Area, Mandideep - MPPCB",17-04-2026 19:00,23.10844,77.511428,NH3,2,7,6
India,Madhya Pradesh,Mandideep,"Sector-D Industrial Area, Mandideep - MPPCB",17-04-2026 19:00,23.10844,77.511428,CO,16,90,21
India,Madhya Pradesh,Ratlam,"Shasthri Nagar, Ratlam - IPCA Lab",17-04-2026 19:00,23.331731,75.045981,NO2,12,25,15
India,Madhya Pradesh,Sagar,"Civil Lines, Sagar - MPPCB",17-04-2026 19:00,23.838586,78.759431,PM10,64,113,90
India,Madhya Pradesh,Sagar,"Civil Lines, Sagar - MPPCB",17-04-2026 19:00,23.838586,78.759431,CO,10,48,19
India,Madhya Pradesh,Singrauli,"Suryakiran Bhawan NCL, Singrauli - MPPCB",17-04-2026 19:00,24.10897,82.64558,CO,22,89,35
India,Madhya Pradesh,Singrauli,"Suryakiran Bhawan NCL, Singrauli - MPPCB",17-04-2026 19:00,24.10897,82.64558,OZONE,2,13,4
India,Maharashtra,Mumbai,"Borivali East, Mumbai - MPCB",17-04-2026 19:00,19.2243333,72.8658113,NO2,NA,NA,NA
India,Maharashtra,Mumbai,"Byculla, Mumbai - BMC",17-04-2026 19:00,18.9767,72.838,SO2,1,7,3
India,Maharashtra,Mumbai,"Chakala-Andheri East, Mumbai - IITM",17-04-2026 19:00,19.11074,72.86084,OZONE,14,69,60
India,Maharashtra,Pimpri-Chinchwad,"Bhumkar Nagar, Pimpri-Chinchwad - IITM",17-04-2026 19:00,18.60577,73.749976,NO2,9,32,18
India,Maharashtra,Pimpri-Chinchwad,"Gavalinagar, Pimpri Chinchwad - MPCB",17-04-2026 19:00,18.63673,73.82487,PM10,62,91,77
India,Maharashtra,Pimpri-Chinchwad,"Gavalinagar, Pimpri Chinchwad - MPCB",17-04-2026 19:00,18.63673,73.82487,CO,12,52,19
India,Maharashtra,Pimpri-Chinchwad,"Gavalinagar, Pimpri Chinchwad - MPCB",17-04-2026 19:00,18.63673,73.82487,OZONE,2,77,67
India,Maharashtra,Pimpri-Chinchwad,"Park Street Wakad, Pimpri Chinchwad - MPCB",17-04-2026 19:00,18.59051,73.77946,NH3,2,4,3
India,Maharashtra,Pimpri-Chinchwad,"Park Street Wakad, Pimpri Chinchwad - MPCB",17-04-2026 19:00,18.59051,73.77946,SO2,1,18,5
India,Maharashtra,Pimpri-Chinchwad,"Park Street Wakad, Pimpri Chinchwad - MPCB",17-04-2026 19:00,18.59051,73.77946,CO,17,68,30
India,Maharashtra,Pimpri-Chinchwad,"Park Street Wakad, Pimpri Chinchwad - MPCB",17-04-2026 19:00,18.59051,73.77946,OZONE,2,87,60
India,Maharashtra,Pimpri-Chinchwad,"Savta Mali Nagar, Pimpri-Chinchwad - IITM",17-04-2026 19:00,18.614767,73.799516,CO,20,71,34
India,Maharashtra,Pimpri-Chinchwad,"Thergaon, Pimpri Chinchwad - MPCB",17-04-2026 19:00,18.616318,73.765797,PM2.5,38,150,65
India,Maharashtra,Pimpri-Chinchwad,"Thergaon, Pimpri Chinchwad - MPCB",17-04-2026 19:00,18.616318,73.765797,OZONE,22,87,77
India,Maharashtra,Pimpri-Chinchwad,"Transport Nagar-Nigdi, Pimpri-Chinchwad- IITM",17-04-2026 19:00,18.664282,73.763966,PM10,42,88,63
India,Maharashtra,Pimpri-Chinchwad,"Transport Nagar-Nigdi, Pimpri-Chinchwad- IITM",17-04-2026 19:00,18.664282,73.763966,NO2,16,75,35
India,Maharashtra,Pune,"Dhankawadi, Pune - IITM",17-04-2026 19:00,18.459883,73.852193,NO2,26,34,29
India,Maharashtra,Navi Mumbai,"Mahape, Navi Mumbai - MPCB",17-04-2026 19:00,19.1135051,73.008978,OZONE,6,12,9
India,Maharashtra,Navi Mumbai,"Nerul, Navi Mumbai - MPCB",17-04-2026 19:00,19.008751,73.01662,NO2,56,56,56
India,Maharashtra,Navi Mumbai,"Nerul, Navi Mumbai - MPCB",17-04-2026 19:00,19.008751,73.01662,NH3,7,7,7
India,Maharashtra,Navi Mumbai,"Sanpada, Navi Mumbai - MPCB",17-04-2026 19:00,19.0575752,73.0151367,CO,4,61,20
India,Maharashtra,Navi Mumbai,"Sector-2E Kalamboli, Navi Mumbai - MPCB",17-04-2026 19:00,19.02579,73.10297,NO2,15,26,21
India,Maharashtra,Navi Mumbai,"Tondare-Taloja, Navi Mumbai - MPCB",17-04-2026 19:00,19.063,73.1209,PM2.5,29,169,77
India,Maharashtra,Parbhani,"Masoom Colony, Parbhani - MPCB",17-04-2026 19:00,19.265594,76.761463,NH3,3,5,4
India,Maharashtra,Pimpri-Chinchwad,"Bhosari,Pimpri-Chinchwad - IITM",17-04-2026 19:00,18.640051,73.848956,PM2.5,24,70,43
India,Maharashtra,Pimpri-Chinchwad,"Bhosari,Pimpri-Chinchwad - IITM",17-04-2026 19:00,18.640051,73.848956,PM10,52,109,76
India,Maharashtra,Ulhasnagar,"Vithalwadi, Ulhasnagar - MPCB",17-04-2026 19:00,19.2307571,73.155192,PM10,42,98,64
India,Maharashtra,Ulhasnagar,"Vithalwadi, Ulhasnagar - MPCB",17-04-2026 19:00,19.2307571,73.155192,NO2,18,53,31
India,Maharashtra,Ulhasnagar,"Vithalwadi, Ulhasnagar - MPCB",17-04-2026 19:00,19.2307571,73.155192,CO,1,49,21
India,Maharashtra,Virar,"Bolinj, Virar - MPCB",17-04-2026 19:00,19.445821,72.7988231,CO,9,104,13
India,Meghalaya,Byrnihat,"15th Mile-Nongthymmai, Byrnihat - Meghalaya PCB",17-04-2026 19:00,26.05374,91.86796,CO,90,120,98
India,Meghalaya,Shillong,"JN Stadium, Shillong - Meghalaya PCB",17-04-2026 19:00,25.5803419,91.8942571,CO,22,57,26
India,Meghalaya,Shillong,"Lumpyngngad, Shillong - Meghalaya PCB",17-04-2026 19:00,25.5586,91.8985,CO,15,20,19
India,Mizoram,Aizawl,"Sikulpuikawn, Aizawl - Mizoram PCB",17-04-2026 19:00,23.7176342,92.7192841,PM10,67,123,90
India,Mizoram,Aizawl,"Sikulpuikawn, Aizawl - Mizoram PCB",17-04-2026 19:00,23.7176342,92.7192841,SO2,15,16,15
India,Maharashtra,Solapur,"Dnyaneshwar Nagar, Solapur - MPCB",17-04-2026 19:00,17.6336264,75.9132495,PM10,NA,NA,NA
India,Maharashtra,Solapur,"Dnyaneshwar Nagar, Solapur - MPCB",17-04-2026 19:00,17.6336264,75.9132495,CO,10,45,11
India,Maharashtra,Solapur,"Dnyaneshwar Nagar, Solapur - MPCB",17-04-2026 19:00,17.6336264,75.9132495,OZONE,34,77,71
India,Maharashtra,Solapur,"Ratandeep Housing Society, Solapur - MPCB",17-04-2026 19:00,17.65439,75.90649,PM2.5,60,102,82
India,Maharashtra,Solapur,"Ratandeep Housing Society, Solapur - MPCB",17-04-2026 19:00,17.65439,75.90649,SO2,4,22,8
India,Maharashtra,Thane,"Kasarvadavali, Thane - MPCB",17-04-2026 19:00,19.26777,72.97182,NO2,12,23,17
India,Maharashtra,Thane,"Kasarvadavali, Thane - MPCB",17-04-2026 19:00,19.26777,72.97182,SO2,1,5,2
India,Maharashtra,Thane,"Upvan Fort, Thane - MPCB",17-04-2026 19:00,19.222279,72.957979,SO2,1,22,10
India,Maharashtra,Ulhasnagar,"Sidhi Vinayak Nagar, Ulhasnagar - MPCB",17-04-2026 19:00,19.235581,73.159121,PM2.5,1,439,88
India,Maharashtra,Ulhasnagar,"Sidhi Vinayak Nagar, Ulhasnagar - MPCB",17-04-2026 19:00,19.235581,73.159121,NO2,9,30,18
India,Maharashtra,Mumbai,"Khindipada-Bhandup West, Mumbai - IITM",17-04-2026 19:00,19.1653323,72.922099,CO,8,38,17
India,Maharashtra,Mumbai,"Khindipada-Bhandup West, Mumbai - IITM",17-04-2026 19:00,19.1653323,72.922099,OZONE,2,75,62
India,Maharashtra,Mumbai,"Kurla, Mumbai - MPCB",17-04-2026 19:00,19.0863,72.8888,PM2.5,NA,NA,NA
India,Maharashtra,Mumbai,"Kurla, Mumbai - MPCB",17-04-2026 19:00,19.0863,72.8888,NO2,NA,NA,NA
India,Maharashtra,Mumbai,"Kurla, Mumbai - MPCB",17-04-2026 19:00,19.0863,72.8888,SO2,NA,NA,NA
India,Maharashtra,Mumbai,"Mazgaon, Mumbai - IITM",17-04-2026 19:00,18.96702,72.84214,SO2,7,14,10
India,Maharashtra,Mumbai,"Mindspace-Malad West, Mumbai - MPCB",17-04-2026 19:00,19.1878657,72.8304069,PM2.5,14,34,21
India,Maharashtra,Mumbai,"Mindspace-Malad West, Mumbai - MPCB",17-04-2026 19:00,19.1878657,72.8304069,CO,6,24,9
India,Maharashtra,Mumbai,"Navy Nagar-Colaba, Mumbai - IITM",17-04-2026 19:00,18.897756,72.81332,NO2,21,44,30
India,Maharashtra,Mumbai,"Navy Nagar-Colaba, Mumbai - IITM",17-04-2026 19:00,18.897756,72.81332,NH3,23,29,26
India,Maharashtra,Nashik,"Gangapur Road, Nashik - MPCB",17-04-2026 19:00,20.0073285,73.7762427,NO2,5,5,5
India,Maharashtra,Nashik,"Hirawadi, Nashik - MPCB",17-04-2026 19:00,20.021503,73.813844,PM2.5,34,63,48
India,Maharashtra,Nashik,"Pandav Nagari, Nashik - MPCB",17-04-2026 19:00,19.9591346,73.7788008,PM2.5,36,87,58
India,Maharashtra,Nashik,"Pandav Nagari, Nashik - MPCB",17-04-2026 19:00,19.9591346,73.7788008,PM10,47,89,73
India,Maharashtra,Navi Mumbai,"Kopripada-Vashi, Navi Mumbai - MPCB",17-04-2026 19:00,19.090337,73.014232,PM10,NA,NA,NA
India,Maharashtra,Navi Mumbai,"Kopripada-Vashi, Navi Mumbai - MPCB",17-04-2026 19:00,19.090337,73.014232,CO,20,92,32
India,Maharashtra,Navi Mumbai,"Kopripada-Vashi, Navi Mumbai - MPCB",17-04-2026 19:00,19.090337,73.014232,OZONE,NA,NA,NA
India,Maharashtra,Navi Mumbai,"Mahape, Navi Mumbai - MPCB",17-04-2026 19:00,19.1135051,73.008978,PM10,61,129,94
India,Maharashtra,Nagpur,"Ambazari, Nagpur - MPCB",17-04-2026 19:00,21.121801,79.04952,NO2,10,20,13
India,Maharashtra,Nagpur,"Opp GPO Civil Lines, Nagpur - MPCB",17-04-2026 19:00,21.152875,79.0517531,NH3,3,19,8
India,Maharashtra,Nagpur,"Opp GPO Civil Lines, Nagpur - MPCB",17-04-2026 19:00,21.152875,79.0517531,SO2,11,101,23
India,Maharashtra,Nagpur,"Opp GPO Civil Lines, Nagpur - MPCB",17-04-2026 19:00,21.152875,79.0517531,OZONE,6,88,68
India,Maharashtra,Nagpur,"Ram Nagar, Nagpur - MPCB",17-04-2026 19:00,21.143383,79.048912,SO2,5,90,24
India,Maharashtra,Nanded,"Sneh Nagar, Nanded - MPCB",17-04-2026 19:00,19.173852,77.296291,CO,18,24,20
India,Maharashtra,Mumbai,"Sewri, Mumbai - BMC",17-04-2026 19:00,19.000084,72.85673,PM10,32,75,50
India,Maharashtra,Mumbai,"Shivaji Nagar, Mumbai - BMC",17-04-2026 19:00,19.060498,72.923356,NO2,13,23,17
India,Maharashtra,Mumbai,"Shivaji Nagar, Mumbai - BMC",17-04-2026 19:00,19.060498,72.923356,SO2,3,14,8
India,Maharashtra,Mumbai,"Siddharth Nagar-Worli, Mumbai - IITM",17-04-2026 19:00,19.000083,72.813993,PM10,35,86,55
India,Maharashtra,Mumbai,"Sion, Mumbai - MPCB",17-04-2026 19:00,19.047,72.8746,NO2,26,31,29
India,Maharashtra,Mumbai,"Sion, Mumbai - MPCB",17-04-2026 19:00,19.047,72.8746,CO,12,18,14
India,Maharashtra,Pune,"Katraj Dairy, Pune - MPCB",17-04-2026 19:00,18.45445,73.854155,OZONE,12,35,13
India,Maharashtra,Pune,"Savitribai Phule Pune University, Pune - MPCB",17-04-2026 19:00,18.547056,73.826908,NH3,1,8,1
India,Maharashtra,Sangli,"Vijay Nagar, Sangli - MPCB",17-04-2026 19:00,16.5038,74.3623,PM10,19,62,40
India,Maharashtra,Sangli,"Vijay Nagar, Sangli - MPCB",17-04-2026 19:00,16.5038,74.3623,NO2,2,80,17
India,Odisha,Talcher,"Talcher Coalfields,Talcher - OSPCB",17-04-2026 19:00,20.9360711,85.1707021,NH3,6,8,6
India,Odisha,Tensa,"Barsua Iron Ore Mines, Tensa - OSPCB",17-04-2026 19:00,21.869985,85.167016,PM10,NA,NA,NA
India,Odisha,Tensa,"Barsua Iron Ore Mines, Tensa - OSPCB",17-04-2026 19:00,21.869985,85.167016,CO,16,40,28
India,Puducherry,Puducherry,"Jawahar Nagar, Puducherry - PPCC",17-04-2026 19:00,11.9309,79.8027,SO2,3,12,7
India,Puducherry,Puducherry,"Jawahar Nagar, Puducherry - PPCC",17-04-2026 19:00,11.9309,79.8027,CO,2,30,16
India,Punjab,Bathinda,"Hardev Nagar, Bathinda - PPCB",17-04-2026 19:00,30.233011,74.907758,PM10,86,393,190
India,Punjab,Bathinda,"Hardev Nagar, Bathinda - PPCB",17-04-2026 19:00,30.233011,74.907758,NO2,15,36,19
India,Punjab,Bathinda,"Hardev Nagar, Bathinda - PPCB",17-04-2026 19:00,30.233011,74.907758,SO2,10,10,10
India,Punjab,Jalandhar,"Civil Line, Jalandhar - PPCB",17-04-2026 19:00,31.321907,75.578914,SO2,20,23,21
India,Odisha,Bhubaneswar,"Patia, Bhubaneswar - OSPCB",17-04-2026 19:00,20.34652,85.8163,NO2,4,12,8
India,Odisha,Bileipada,"Tata Township, Bileipada - OSPCB",17-04-2026 19:00,22.06156703,85.47409613,NO2,14,15,14
India,Odisha,Bileipada,"Tata Township, Bileipada - OSPCB",17-04-2026 19:00,22.06156703,85.47409613,NH3,5,5,5
India,Odisha,Bileipada,"Tata Township, Bileipada - OSPCB",17-04-2026 19:00,22.06156703,85.47409613,SO2,10,14,12
India,Odisha,Brajrajnagar,"GM Office, Brajrajnagar - OSPCB",17-04-2026 19:00,21.8004996,83.8396977,OZONE,44,52,49
India,Odisha,Byasanagar,"Ferro Chrome Colony, Byasanagar - OSPCB",17-04-2026 19:00,20.94185,86.1151,CO,2,144,74
India,Odisha,Cuttack,"CDA Area, Cuttack - OSPCB",17-04-2026 19:00,20.48891,85.84768,NO2,4,6,5
India,Rajasthan,Alwar,"Moti Doongri, Alwar - RSPCB",17-04-2026 19:00,27.554793,76.611536,PM10,80,188,114
India,Rajasthan,Alwar,"Moti Doongri, Alwar - RSPCB",17-04-2026 19:00,27.554793,76.611536,CO,24,110,32
India,Rajasthan,Baran,"Bamboliya, Baran - RSPCB",17-04-2026 19:00,25.106006,76.469948,PM2.5,33,307,121
India,Rajasthan,Barmer,"Railway Colony, Barmer - RSPCB",17-04-2026 19:00,25.747299,71.393989,PM2.5,2,25,12
India,Rajasthan,Bharatpur,"Krishna Nagar, Bharatpur - RSPCB",17-04-2026 19:00,27.215415,77.50873,PM10,43,179,91
India,Odisha,Balasore,"Kalidaspur, Balasore - OSPCB",17-04-2026 19:00,21.51161,86.89088,NO2,1,15,7
India,Odisha,Barbil,"Forest Office, Barbil - OSPCB",17-04-2026 19:00,22.1166054,85.3945546,CO,50,77,54
India,Odisha,Baripada,"Meher Colony, Baripada - OSPCB",17-04-2026 19:00,21.941841,86.728318,PM10,25,73,53
India,Odisha,Baripada,"Meher Colony, Baripada - OSPCB",17-04-2026 19:00,21.941841,86.728318,OZONE,6,29,16
India,Odisha,Bhubaneswar,"Lingraj Mandir, Bhubaneswar - OSPCB",17-04-2026 19:00,20.24079,85.836784,SO2,1,16,7
India,Rajasthan,Bundi,"New Colony, Bundi - RSPCB",17-04-2026 19:00,25.435774,75.644272,SO2,6,18,12
India,Rajasthan,Chittorgarh,"Shastri Nagar, Chittorgarh - RSPCB",17-04-2026 19:00,24.892047,74.623527,CO,2,57,3
India,Rajasthan,Churu,"Subash Chowk, Churu - RSPCB",17-04-2026 19:00,28.296139,74.961696,NO2,11,48,20
India,Rajasthan,Churu,"Subash Chowk, Churu - RSPCB",17-04-2026 19:00,28.296139,74.961696,CO,16,46,20
India,Rajasthan,Dausa,"Khatikan Mohalla, Dausa - RSPCB",17-04-2026 19:00,26.895552,76.334753,OZONE,9,128,99
India,Odisha,Keonjhar,"Jagamohanpur, Keonjhar - OSPCB",17-04-2026 19:00,21.6439,85.599355,NH3,2,3,2
India,Odisha,Keonjhar,"Jagamohanpur, Keonjhar - OSPCB",17-04-2026 19:00,21.6439,85.599355,CO,16,34,26
India,Odisha,Nayagarh,"Dabuna, Nayagarh - OSPCB",17-04-2026 19:00,21.847279,85.416905,PM2.5,37,104,67
India,Odisha,Nayagarh,"Dabuna, Nayagarh - OSPCB",17-04-2026 19:00,21.847279,85.416905,CO,12,18,16
India,Odisha,Rairangpur,"Divisional Forest Office, Rairangpur - OSPCB",17-04-2026 19:00,22.265816,86.174829,OZONE,3,22,19
India,Rajasthan,Bharatpur,"Krishna Nagar, Bharatpur - RSPCB",17-04-2026 19:00,27.215415,77.50873,CO,18,102,23
India,Rajasthan,Bhiwadi,"Vasundhara Nagar_UIT, Bhiwadi - RSPCB",17-04-2026 19:00,28.207266,76.829265,NH3,2,6,4
India,Rajasthan,Bikaner,"MM Ground, Bikaner - RSPCB",17-04-2026 19:00,28.018792,73.292658,PM2.5,13,104,55
India,Punjab,Jalandhar,"Civil Line, Jalandhar - PPCB",17-04-2026 19:00,31.321907,75.578914,OZONE,41,51,44
India,Punjab,Mandi Gobindgarh,"RIMT University, Mandi Gobindgarh - PPCB",17-04-2026 19:00,30.649961,76.331442,PM10,NA,NA,NA
India,Punjab,Patiala,"Model Town, Patiala - PPCB",17-04-2026 19:00,30.349388,76.366642,OZONE,15,53,38
India,Odisha,Rourkela,"Sector-2, Rourkela - OSPCB",17-04-2026 19:00,22.245,84.88111111,PM10,47,88,79
India,Odisha,Suakati,"OMC Colony, Suakati - OSPCB",17-04-2026 19:00,21.606865,85.510538,OZONE,25,67,47
India,TamilNadu,Chennai,"Perungudi, Chennai - TNPCB",17-04-2026 19:00,12.9533,80.2357,PM10,11,362,63
India,TamilNadu,Chennai,"Perungudi, Chennai - TNPCB",17-04-2026 19:00,12.9533,80.2357,NO2,3,7,4
India,TamilNadu,Chennai,"Royapuram, Chennai - TNPCB",17-04-2026 19:00,13.1036,80.2909,SO2,4,8,6
India,TamilNadu,Chennai,"Royapuram, Chennai - TNPCB",17-04-2026 19:00,13.1036,80.2909,OZONE,16,19,17
India,TamilNadu,Chennai,"Velachery Res. Area, Chennai - CPCB",17-04-2026 19:00,13.0052189,80.2398125,PM2.5,29,29,29
India,TamilNadu,Coimbatore,"SIDCO Kurichi, Coimbatore - TNPCB",17-04-2026 19:00,10.942451,76.978996,NH3,1,1,1
India,TamilNadu,Coimbatore,"SIDCO Kurichi, Coimbatore - TNPCB",17-04-2026 19:00,10.942451,76.978996,SO2,24,25,24
India,TamilNadu,Coimbatore,"SIDCO Kurichi, Coimbatore - TNPCB",17-04-2026 19:00,10.942451,76.978996,OZONE,20,20,20
India,TamilNadu,Madurai,"Uchapatti, Madurai - TNPCB",17-04-2026 19:00,9.865935,78.022669,PM10,56,102,66
India,TamilNadu,Madurai,"Uchapatti, Madurai - TNPCB",17-04-2026 19:00,9.865935,78.022669,NH3,9,9,9
India,Rajasthan,Jhalawar,"Rajlaxmi Nagar, Jhalawar - RSPCB",17-04-2026 19:00,24.588397,76.172782,CO,14,96,19
India,Rajasthan,Jhunjhunu,"Indra Nagar, Jhunjhunu - RSPCB",17-04-2026 19:00,28.108988,75.386577,PM10,108,254,153
India,Rajasthan,Jodhpur,"Collectorate, Jodhpur - RSPCB",17-04-2026 19:00,26.268249,73.0193853,PM10,28,124,84
India,Rajasthan,Jodhpur,"Collectorate, Jodhpur - RSPCB",17-04-2026 19:00,26.268249,73.0193853,NO2,17,27,22
India,Rajasthan,Jodhpur,"Collectorate, Jodhpur - RSPCB",17-04-2026 19:00,26.268249,73.0193853,OZONE,15,64,60
India,Rajasthan,Jodhpur,"Digari Kalan, Jodhpur - RSPCB",17-04-2026 19:00,26.29581,73.082283,NH3,NA,NA,NA
India,Rajasthan,Jodhpur,"Jhalamand, Jodhpur - RSPCB",17-04-2026 19:00,26.215415,73.070156,PM2.5,3,65,33
India,Rajasthan,Jodhpur,"Jhalamand, Jodhpur - RSPCB",17-04-2026 19:00,26.215415,73.070156,NH3,4,13,9
India,Rajasthan,Jodhpur,"Jhalamand, Jodhpur - RSPCB",17-04-2026 19:00,26.215415,73.070156,OZONE,30,91,83
India,Rajasthan,Udaipur,"Ashok Nagar, Udaipur - RSPCB",17-04-2026 19:00,24.5886166,73.6321397,OZONE,3,55,41
India,Sikkim,Gangtok,"Zero Point GICI, Gangtok - SSPCB",17-04-2026 19:00,27.33853,88.614099,NO2,6,7,6
India,Sikkim,Gangtok,"Zero Point GICI, Gangtok - SSPCB",17-04-2026 19:00,27.33853,88.614099,NH3,1,1,1
India,Sikkim,Gangtok,"Zero Point GICI, Gangtok - SSPCB",17-04-2026 19:00,27.33853,88.614099,SO2,1,1,1
India,TamilNadu,Chennai,"Arumbakkam, Chennai - TNPCB",17-04-2026 19:00,13.0664,80.2112,NO2,10,17,13
India,TamilNadu,Chennai,"Arumbakkam, Chennai - TNPCB",17-04-2026 19:00,13.0664,80.2112,SO2,1,3,2
India,TamilNadu,Chennai,"Manali Village, Chennai - TNPCB",17-04-2026 19:00,13.1662,80.2584,NH3,2,6,3
India,TamilNadu,Chennai,"Manali, Chennai - CPCB",17-04-2026 19:00,13.164544,80.26285,PM10,19,62,39
India,Rajasthan,Dholpur,"Raja Ganj, Dholpur - RSPCB",17-04-2026 19:00,26.699557,77.898881,NH3,12,20,15
India,Rajasthan,Hanumangarh,"Housing Board, Hanumangarh - RSPCB",17-04-2026 19:00,29.61075,74.283608,SO2,8,21,12
India,Rajasthan,Jaipur,"Adarsh Nagar, Jaipur - RSPCB",17-04-2026 19:00,26.902909,75.836858,PM2.5,72,189,111
India,Rajasthan,Jaipur,"Adarsh Nagar, Jaipur - RSPCB",17-04-2026 19:00,26.902909,75.836858,NH3,5,21,11
India,Rajasthan,Jaipur,"Adarsh Nagar, Jaipur - RSPCB",17-04-2026 19:00,26.902909,75.836858,OZONE,3,93,47
India,Rajasthan,Jaipur,"Mansarovar Sector-12, Jaipur - RSPCB",17-04-2026 19:00,26.843698,75.766894,CO,12,103,15
India,Rajasthan,Jaipur,"Police Commissionerate, Jaipur - RSPCB",17-04-2026 19:00,26.9164092,75.7994901,NO2,1,75,23
India,Rajasthan,Sawai Madhopur,"Sahu Nagar, Sawai Madhopur - RSPCB",17-04-2026 19:00,26.031443,76.359327,PM2.5,17,162,51
India,Rajasthan,Sawai Madhopur,"Sahu Nagar, Sawai Madhopur - RSPCB",17-04-2026 19:00,26.031443,76.359327,CO,30,90,36
India,Rajasthan,Sirohi,"Vedhaynath Colony, Sirohi - RSPCB",17-04-2026 19:00,24.885261,72.857549,NH3,NA,NA,NA
India,Rajasthan,Sirohi,"Vedhaynath Colony, Sirohi - RSPCB",17-04-2026 19:00,24.885261,72.857549,SO2,3,9,6
India,Rajasthan,Tonk,"Shastri Nagar, Tonk - RSPCB",17-04-2026 19:00,26.159933,75.780517,PM10,106,475,187
India,Rajasthan,Tonk,"Shastri Nagar, Tonk - RSPCB",17-04-2026 19:00,26.159933,75.780517,NH3,5,14,9
India,Rajasthan,Tonk,"Shastri Nagar, Tonk - RSPCB",17-04-2026 19:00,26.159933,75.780517,SO2,4,10,7
India,Rajasthan,Tonk,"Shastri Nagar, Tonk - RSPCB",17-04-2026 19:00,26.159933,75.780517,OZONE,2,138,111
India,Rajasthan,Jodhpur,"Mandor, Jodhpur - RSPCB",17-04-2026 19:00,26.358805,73.047444,OZONE,23,82,70
India,Rajasthan,Jodhpur,"Samrat Ashok Udhyan, Jodhpur - RSPCB",17-04-2026 19:00,26.253384,72.976571,PM10,37,196,93
India,Rajasthan,Jodhpur,"Samrat Ashok Udhyan, Jodhpur - RSPCB",17-04-2026 19:00,26.253384,72.976571,SO2,2,6,3
India,Rajasthan,Karauli,"Satyawati Vihar, Karauli - RSPCB",17-04-2026 19:00,26.506177,77.025989,NO2,17,76,43
India,Rajasthan,Karauli,"Satyawati Vihar, Karauli - RSPCB",17-04-2026 19:00,26.506177,77.025989,OZONE,22,180,168
India,Rajasthan,Kota,"Dhanmandi, Kota - RSPCB",17-04-2026 19:00,25.16409,75.858137,SO2,12,94,23
India,Rajasthan,Kota,"Nayapura, Kota - RSPCB",17-04-2026 19:00,25.196024,75.855668,NH3,NA,NA,NA
India,Rajasthan,Jaipur,"RIICO Sitapura, Jaipur - RSPCB",17-04-2026 19:00,26.786682,75.827928,PM2.5,33,341,181
India,Rajasthan,Jaipur,"RIICO Sitapura, Jaipur - RSPCB",17-04-2026 19:00,26.786682,75.827928,NO2,28,165,78
India,Rajasthan,Jaipur,"RIICO Sitapura, Jaipur - RSPCB",17-04-2026 19:00,26.786682,75.827928,SO2,11,18,15
India,Rajasthan,Jaipur,"RIICO Sitapura, Jaipur - RSPCB",17-04-2026 19:00,26.786682,75.827928,CO,80,107,94
India,Rajasthan,Jaipur,"Sector-2 Murlipura, Jaipur - RSPCB",17-04-2026 19:00,26.960669,75.771817,NH3,4,7,5
India,Rajasthan,Jaipur,"Sector-2 Murlipura, Jaipur - RSPCB",17-04-2026 19:00,26.960669,75.771817,OZONE,9,99,88
India,Rajasthan,Jaipur,"Shastri Nagar, Jaipur - RSPCB",17-04-2026 19:00,26.9502929,75.730943,NH3,9,22,13
India,Rajasthan,Jaipur,"Shastri Nagar, Jaipur - RSPCB",17-04-2026 19:00,26.9502929,75.730943,SO2,4,53,24
India,Rajasthan,Jaisalmer,"Sadar Bazar, Jaisalmer - RSPCB",17-04-2026 19:00,26.912329,70.909168,PM2.5,10,58,25
India,Rajasthan,Jaisalmer,"Sadar Bazar, Jaisalmer - RSPCB",17-04-2026 19:00,26.912329,70.909168,NO2,11,22,16
India,Rajasthan,Jaisalmer,"Sadar Bazar, Jaisalmer - RSPCB",17-04-2026 19:00,26.912329,70.909168,NH3,12,26,16
India,Rajasthan,Jaisalmer,"Sadar Bazar, Jaisalmer - RSPCB",17-04-2026 19:00,26.912329,70.909168,SO2,3,5,4
India,Rajasthan,Kota,"Shrinath Puram, Kota - RSPCB",17-04-2026 19:00,25.14389,75.821256,PM10,90,148,113
India,Rajasthan,Pratapgarh,"Pragati Nagar, Pratapgarh - RSPCB",17-04-2026 19:00,24.041198,74.780702,SO2,6,30,12
India,Uttar_Pradesh,Agra,"Sanjay Palace, Agra - UPPCB",17-04-2026 19:00,27.19865833,78.00598056,PM2.5,32,357,170
India,Uttar_Pradesh,Agra,"Sanjay Palace, Agra - UPPCB",17-04-2026 19:00,27.19865833,78.00598056,PM10,101,386,171
India,Uttar_Pradesh,Agra,"Sector-3B Avas Vikas Colony, Agra - UPPCB",17-04-2026 19:00,27.19412,77.96237,PM10,NA,NA,NA
India,Uttar_Pradesh,Agra,"Shahjahan Garden, Agra - UPPCB",17-04-2026 19:00,27.169338,78.03582,PM2.5,1,83,35
India,Uttar_Pradesh,Agra,"Shahjahan Garden, Agra - UPPCB",17-04-2026 19:00,27.169338,78.03582,PM10,67,232,136
India,Uttar_Pradesh,Agra,"Shahjahan Garden, Agra - UPPCB",17-04-2026 19:00,27.169338,78.03582,NH3,3,3,3
India,Uttar_Pradesh,Agra,"Shahjahan Garden, Agra - UPPCB",17-04-2026 19:00,27.169338,78.03582,SO2,85,104,95
India,Uttar_Pradesh,Agra,"Shastripuram, Agra - UPPCB",17-04-2026 19:00,27.19862,77.92066,PM10,51,259,130
India,Uttar_Pradesh,Agra,"Shastripuram, Agra - UPPCB",17-04-2026 19:00,27.19862,77.92066,OZONE,12,14,12
India,Uttar_Pradesh,Bulandshahr,"Yamunapuram, Bulandshahr - UPPCB",17-04-2026 19:00,28.406963,77.849831,NO2,13,158,62
India,Uttar_Pradesh,Bulandshahr,"Yamunapuram, Bulandshahr - UPPCB",17-04-2026 19:00,28.406963,77.849831,OZONE,2,84,70
India,Uttar_Pradesh,Firozabad,"Vibhab Nagar, Firozabad - UPPCB",17-04-2026 19:00,27.1594,78.3953,SO2,3,4,4
India,Uttar_Pradesh,Firozabad,"Vibhab Nagar, Firozabad - UPPCB",17-04-2026 19:00,27.1594,78.3953,CO,12,18,14
India,Uttar_Pradesh,Ghaziabad,"Govindpuram, Ghaziabad - UPPCB",17-04-2026 19:00,28.694528,77.494705,PM2.5,NA,NA,NA
India,Uttar_Pradesh,Ghaziabad,"Indirapuram, Ghaziabad - UPPCB",17-04-2026 19:00,28.646233,77.358075,PM2.5,81,395,270
India,Uttar_Pradesh,Greater Noida,"Knowledge Park - III, Greater Noida - UPPCB",17-04-2026 19:00,28.47272,77.482,PM10,126,450,319
India,Uttar_Pradesh,Greater Noida,"Knowledge Park - III, Greater Noida - UPPCB",17-04-2026 19:00,28.47272,77.482,SO2,9,28,15
India,Uttar_Pradesh,Greater Noida,"Knowledge Park - V, Greater Noida - UPPCB",17-04-2026 19:00,28.557054,77.453663,CO,7,104,23
India,Uttar_Pradesh,Jhansi,"Shivaji Nagar, Jhansi - UPPCB",17-04-2026 19:00,25.4547,78.6039,NO2,6,6,6
India,Uttar_Pradesh,Jhansi,"Shivaji Nagar, Jhansi - UPPCB",17-04-2026 19:00,25.4547,78.6039,NH3,4,4,4
India,Uttar_Pradesh,Jhansi,"Shivaji Nagar, Jhansi - UPPCB",17-04-2026 19:00,25.4547,78.6039,SO2,14,28,18
India,TamilNadu,Thoothukudi,"Meelavittan, Thoothukudi - TNPCB",17-04-2026 19:00,8.816428,78.099039,NO2,16,20,18
India,TamilNadu,Thoothukudi,"Meelavittan, Thoothukudi - TNPCB",17-04-2026 19:00,8.816428,78.099039,CO,9,48,33
India,TamilNadu,Thoothukudi,"Meelavittan, Thoothukudi - TNPCB",17-04-2026 19:00,8.816428,78.099039,OZONE,25,34,30
India,Telangana,Hyderabad,"Central University, Hyderabad - TSPCB",17-04-2026 19:00,17.460103,78.334361,SO2,NA,NA,NA
India,Telangana,Hyderabad,"Central University, Hyderabad - TSPCB",17-04-2026 19:00,17.460103,78.334361,OZONE,6,18,15
India,Telangana,Hyderabad,"ECIL Kapra, Hyderabad - TSPCB",17-04-2026 19:00,17.470431,78.566959,OZONE,15,43,36
India,Uttar_Pradesh,Ghaziabad,"Loni, Ghaziabad - UPPCB",17-04-2026 19:00,28.757294,77.278792,PM10,316,500,454
India,Uttar_Pradesh,Ghaziabad,"Loni, Ghaziabad - UPPCB",17-04-2026 19:00,28.757294,77.278792,SO2,9,44,27
India,Uttar_Pradesh,Ghaziabad,"Loni, Ghaziabad - UPPCB",17-04-2026 19:00,28.757294,77.278792,CO,14,70,51
India,Uttar_Pradesh,Gorakhpur,"Madan Mohan Malaviya University of Technology, Gorakhpur - UPPCB",17-04-2026 19:00,26.730136,83.433859,PM10,39,139,96
India,Uttar_Pradesh,Gorakhpur,"Madan Mohan Malaviya University of Technology, Gorakhpur - UPPCB",17-04-2026 19:00,26.730136,83.433859,SO2,47,48,48
India,Telangana,Hyderabad,"IDA Pashamylaram, Hyderabad - TSPCB",17-04-2026 19:00,17.5316895,78.218939,NO2,NA,NA,NA
India,Telangana,Hyderabad,"IDA Pashamylaram, Hyderabad - TSPCB",17-04-2026 19:00,17.5316895,78.218939,NH3,NA,NA,NA
India,Telangana,Hyderabad,"IDA Pashamylaram, Hyderabad - TSPCB",17-04-2026 19:00,17.5316895,78.218939,SO2,2,28,9
India,Telangana,Hyderabad,"Kokapet, Hyderabad - TSPCB",17-04-2026 19:00,17.393559,78.339194,OZONE,19,44,36
India,Telangana,Hyderabad,"Kompally Municipal Office, Hyderabad - TSPCB",17-04-2026 19:00,17.544899,78.486949,SO2,7,16,11
India,Tripura,Agartala,"Bardowali, Agartala - Tripura SPCB",17-04-2026 19:00,23.8175497,91.2726974,SO2,2,4,3
India,Uttar_Pradesh,Agra,"Rohta, Agra - UPPCB",17-04-2026 19:00,27.106972,78.000111,NH3,5,5,5
India,Uttar_Pradesh,Agra,"Rohta, Agra - UPPCB",17-04-2026 19:00,27.106972,78.000111,CO,10,28,18
India,TamilNadu,Madurai,"Uchapatti, Madurai - TNPCB",17-04-2026 19:00,9.865935,78.022669,SO2,47,63,53
India,TamilNadu,Madurai,"Uchapatti, Madurai - TNPCB",17-04-2026 19:00,9.865935,78.022669,OZONE,NA,NA,NA
India,TamilNadu,Ooty,"Bombay Castel, Ooty - TNPCB",17-04-2026 19:00,11.4068288,76.7138973,PM2.5,NA,NA,NA
India,Telangana,Hyderabad,"Ramachandrapuram, Hyderabad - TSPCB",17-04-2026 19:00,17.528544,78.286195,NH3,3,5,4
India,Telangana,Hyderabad,"Sanathnagar, Hyderabad - TSPCB",17-04-2026 19:00,17.4559458,78.4332152,OZONE,10,17,15
India,Uttar_Pradesh,Khora,"Prashant Garden, Khora - UPPCB",17-04-2026 19:00,28.61119,77.34206,PM10,161,426,330
India,Uttar_Pradesh,Khora,"Prashant Garden, Khora - UPPCB",17-04-2026 19:00,28.61119,77.34206,SO2,11,33,26
India,Uttar_Pradesh,Khora,"Prashant Garden, Khora - UPPCB",17-04-2026 19:00,28.61119,77.34206,CO,43,120,59
India,Uttar_Pradesh,Khurja,"Kalindi Kunj, Khurja - UPPCB",17-04-2026 19:00,28.2348927,77.8683002,PM2.5,43,276,130
India,Uttar_Pradesh,Khurja,"Kalindi Kunj, Khurja - UPPCB",17-04-2026 19:00,28.2348927,77.8683002,NO2,12,13,12
India,Uttar_Pradesh,Khurja,"Kalindi Kunj, Khurja - UPPCB",17-04-2026 19:00,28.2348927,77.8683002,CO,14,67,45
India,Uttar_Pradesh,Khurja,"Kalindi Kunj, Khurja - UPPCB",17-04-2026 19:00,28.2348927,77.8683002,OZONE,10,46,23
India,Uttar_Pradesh,Lucknow,"B R Ambedkar University, Lucknow - UPPCB",17-04-2026 19:00,26.766433,80.927299,PM2.5,39,361,163
India,Uttar_Pradesh,Lucknow,"Gomti Nagar, Lucknow - UPPCB",17-04-2026 19:00,26.86812,81.005119,PM2.5,48,233,114
India,Uttar_Pradesh,Lucknow,"Gomti Nagar, Lucknow - UPPCB",17-04-2026 19:00,26.86812,81.005119,PM10,56,146,98
India,Uttar_Pradesh,Lucknow,"Gomti Nagar, Lucknow - UPPCB",17-04-2026 19:00,26.86812,81.005119,SO2,11,13,12
India,Uttar_Pradesh,Lucknow,"Gomti Nagar, Lucknow - UPPCB",17-04-2026 19:00,26.86812,81.005119,CO,36,45,44
India,Uttar_Pradesh,Meerut,"Jai Bhim Nagar, Meerut - UPPCB",17-04-2026 19:00,28.9535882,77.7622941,OZONE,1,167,141
India,Uttar_Pradesh,Meerut,"MIET College, Meerut - UPPCB",17-04-2026 19:00,28.972677,77.641018,PM2.5,NA,NA,NA
India,Uttar_Pradesh,Meerut,"MIET College, Meerut - UPPCB",17-04-2026 19:00,28.972677,77.641018,PM10,NA,NA,NA
India,Uttar_Pradesh,Meerut,"MIET College, Meerut - UPPCB",17-04-2026 19:00,28.972677,77.641018,SO2,NA,NA,NA
India,Uttar_Pradesh,Meerut,"MIET College, Meerut - UPPCB",17-04-2026 19:00,28.972677,77.641018,CO,49,55,49
India,Uttar_Pradesh,Meerut,"Pallavpuram Phase 2, Meerut - UPPCB",17-04-2026 19:00,29.06351,77.709723,PM10,57,176,119
India,Uttar_Pradesh,Meerut,"Pallavpuram Phase 2, Meerut - UPPCB",17-04-2026 19:00,29.06351,77.709723,CO,8,118,20
India,Uttar_Pradesh,Moradabad,"Eco Herbal Park, Moradabad - UPPCB",17-04-2026 19:00,28.840739,78.697531,PM10,115,227,170
India,Uttar_Pradesh,Moradabad,"Employment Office, Moradabad - UPPCB",17-04-2026 19:00,28.88528,78.7388,PM2.5,38,244,105
India,Uttar_Pradesh,Moradabad,"Employment Office, Moradabad - UPPCB",17-04-2026 19:00,28.88528,78.7388,PM10,98,201,141
India,West_Bengal,Haldia,"Priyambada Housing Estate, Haldia - WBPCB",17-04-2026 19:00,22.06047,88.109737,NO2,7,12,8
India,West_Bengal,Haldia,"Priyambada Housing Estate, Haldia - WBPCB",17-04-2026 19:00,22.06047,88.109737,OZONE,11,46,38
India,West_Bengal,Howrah,"Belur Math, Howrah - WBPCB",17-04-2026 19:00,22.629801,88.352017,PM2.5,17,70,32
India,West_Bengal,Howrah,"Belur Math, Howrah - WBPCB",17-04-2026 19:00,22.629801,88.352017,NH3,4,5,5
India,West_Bengal,Howrah,"Botanical Garden, Howrah - WBPCB",17-04-2026 19:00,22.554954,88.292568,PM10,35,60,42
India,West_Bengal,Howrah,"Botanical Garden, Howrah - WBPCB",17-04-2026 19:00,22.554954,88.292568,SO2,2,5,3
India,West_Bengal,Howrah,"Dasnagar, Howrah - WBPCB",17-04-2026 19:00,22.6025571,88.3105664,PM2.5,7,84,39
India,West_Bengal,Howrah,"Dasnagar, Howrah - WBPCB",17-04-2026 19:00,22.6025571,88.3105664,CO,12,30,23
India,West_Bengal,Howrah,"Ghusuri, Howrah - WBPCB",17-04-2026 19:00,22.611968,88.347422,NH3,2,15,10
India,Uttar_Pradesh,Moradabad,"Jigar Colony, Moradabad - UPPCB",17-04-2026 19:00,28.856664,78.772638,PM2.5,32,134,73
India,Uttar_Pradesh,Moradabad,"Jigar Colony, Moradabad - UPPCB",17-04-2026 19:00,28.856664,78.772638,NH3,6,6,6
India,Uttar_Pradesh,Moradabad,"Kashiram Nagar, Moradabad - UPPCB",17-04-2026 19:00,28.849399,78.742362,SO2,NA,NA,NA
India,Uttar_Pradesh,Moradabad,"Kashiram Nagar, Moradabad - UPPCB",17-04-2026 19:00,28.849399,78.742362,CO,20,70,26
India,Uttar_Pradesh,Moradabad,"Transport Nagar, Moradabad - UPPCB",17-04-2026 19:00,28.802625,78.753728,PM10,55,215,117
India,Uttar_Pradesh,Moradabad,"Transport Nagar, Moradabad - UPPCB",17-04-2026 19:00,28.802625,78.753728,OZONE,27,74,49
India,Uttar_Pradesh,Muzaffarnagar,"New Mandi, Muzaffarnagar - UPPCB",17-04-2026 19:00,29.4723508,77.7194031,NH3,1,13,8
India,Uttar_Pradesh,Muzaffarnagar,"New Mandi, Muzaffarnagar - UPPCB",17-04-2026 19:00,29.4723508,77.7194031,CO,28,129,54
India,Uttar_Pradesh,Raebareli," Indira Nagar, Raebareli - NTPC Unchahar",17-04-2026 19:00,26.207781,81.245571,PM2.5,NA,NA,NA
India,Uttar_Pradesh,Raebareli," Indira Nagar, Raebareli - NTPC Unchahar",17-04-2026 19:00,26.207781,81.245571,NO2,15,24,18
India,Uttar_Pradesh,Varanasi,"Ardhali Bazar, Varanasi - UPPCB",17-04-2026 19:00,25.3505986,82.9083074,SO2,10,13,11
India,Uttar_Pradesh,Varanasi,"Bhelupur, Varanasi - UPPCB",17-04-2026 19:00,25.301778,82.996789,NH3,1,1,1
India,Uttar_Pradesh,Varanasi,"IESD Banaras Hindu University, Varanasi - UPPCB",17-04-2026 19:00,25.262326,82.995408,PM2.5,21,97,58
India,Uttar_Pradesh,Varanasi,"IESD Banaras Hindu University, Varanasi - UPPCB",17-04-2026 19:00,25.262326,82.995408,NH3,1,5,2
India,Uttar_Pradesh,Varanasi,"IESD Banaras Hindu University, Varanasi - UPPCB",17-04-2026 19:00,25.262326,82.995408,OZONE,1,7,5
India,Uttarakhand,Dehradun,"Doon University, Dehradun - UKPCB",17-04-2026 19:00,30.269444,78.044167,SO2,1,2,1
India,Uttarakhand,Kashipur,"Govt. Girls Inter College, Kashipur - UKPCB",17-04-2026 19:00,29.2124114,78.9611753,PM10,NA,NA,NA
India,West_Bengal,Asansol,"Asansol Court Area, Asansol - WBPCB",17-04-2026 19:00,23.685297,86.945968,SO2,11,16,13
India,West_Bengal,Asansol,"Evelyn Lodge, Asansol - WBPCB",17-04-2026 19:00,23.697936,86.944395,PM10,NA,NA,NA
India,West_Bengal,Asansol,"Mahabir Colliery, Asansol - WBPCB",17-04-2026 19:00,23.618183,87.105718,PM2.5,10,92,43
India,West_Bengal,Asansol,"Mahabir Colliery, Asansol - WBPCB",17-04-2026 19:00,23.618183,87.105718,SO2,2,11,5
India,West_Bengal,Asansol,"Mahabir Colliery, Asansol - WBPCB",17-04-2026 19:00,23.618183,87.105718,CO,4,105,27
India,West_Bengal,Barrackpore,"SVSPA Campus, Barrackpore - WBPCB",17-04-2026 19:00,22.7605581,88.3617589,NO2,15,34,21
India,West_Bengal,Barrackpore,"SVSPA Campus, Barrackpore - WBPCB",17-04-2026 19:00,22.7605581,88.3617589,NH3,3,5,4
India,West_Bengal,Barrackpore,"SVSPA Campus, Barrackpore - WBPCB",17-04-2026 19:00,22.7605581,88.3617589,OZONE,10,36,28
India,West_Bengal,Durgapur,"PCBL Residential Complex, Durgapur - WBPCB",17-04-2026 19:00,23.508764,87.35444,OZONE,1,40,9
India,Uttar_Pradesh,Noida,"Sector - 62, Noida - IMD",17-04-2026 19:00,28.6245479,77.3577104,CO,79,118,102
India,Uttar_Pradesh,Noida,"Sector-1, Noida - UPPCB",17-04-2026 19:00,28.5898,77.3101,PM10,172,444,328
India,Uttar_Pradesh,Noida,"Sector-1, Noida - UPPCB",17-04-2026 19:00,28.5898,77.3101,SO2,17,46,26
India,Uttar_Pradesh,Noida,"Sector-116, Noida - UPPCB",17-04-2026 19:00,28.56923,77.393848,CO,26,124,49
India,Uttar_Pradesh,Prayagraj,"Motilal Nehru NIT, Prayagraj - UPPCB",17-04-2026 19:00,25.494,81.863,OZONE,1,61,45
India,Uttar_Pradesh,Lucknow,"Lalbagh, Lucknow - CPCB",17-04-2026 19:00,26.8458805,80.9365541,NO2,40,47,43
India,Uttar_Pradesh,Meerut,"Ganga Nagar, Meerut - UPPCB",17-04-2026 19:00,28.999264,77.7590354,SO2,36,43,39
India,Uttar_Pradesh,Meerut,"Jai Bhim Nagar, Meerut - UPPCB",17-04-2026 19:00,28.9535882,77.7622941,PM10,134,391,232
India,Uttar_Pradesh,Meerut,"Jai Bhim Nagar, Meerut - UPPCB",17-04-2026 19:00,28.9535882,77.7622941,NH3,8,18,12
India,West_Bengal,Howrah,"Padmapukur, Howrah - WBPCB",17-04-2026 19:00,22.5687319,88.2797276,SO2,6,40,15
India,West_Bengal,Howrah,"Padmapukur, Howrah - WBPCB",17-04-2026 19:00,22.5687319,88.2797276,OZONE,10,30,26
India,West_Bengal,Kolkata,"Fort William, Kolkata - WBPCB",17-04-2026 19:00,22.55664,88.342674,SO2,3,19,6
India,West_Bengal,Kolkata,"Fort William, Kolkata - WBPCB",17-04-2026 19:00,22.55664,88.342674,OZONE,2,19,14
India,West_Bengal,Kolkata,"Rabindra Sarobar, Kolkata - WBPCB",17-04-2026 19:00,22.51106,88.35142,SO2,5,6,5
India,Andhra_Pradesh,Rajamahendravaram,"Anand Kala Kshetram, Rajamahendravaram - APPCB",17-04-2026 19:00,16.9872867,81.7363176,OZONE,6,20,18
India,Andhra_Pradesh,Tirumala,"Toll Gate, Tirumala - APPCB",17-04-2026 19:00,13.67,79.35,PM2.5,34,85,58
India,Andhra_Pradesh,Tirumala,"Toll Gate, Tirumala - APPCB",17-04-2026 19:00,13.67,79.35,NH3,3,4,3
India,Andhra_Pradesh,Tirumala,"Toll Gate, Tirumala - APPCB",17-04-2026 19:00,13.67,79.35,CO,16,34,22
India,Andhra_Pradesh,Tirupati,"Vaikuntapuram, Tirupati - APPCB",17-04-2026 19:00,13.615387,79.40923,PM2.5,50,75,59
India,Andhra_Pradesh,Tirupati,"Vaikuntapuram, Tirupati - APPCB",17-04-2026 19:00,13.615387,79.40923,PM10,49,74,58
India,Andhra_Pradesh,Vijayawada,"Kanuru, Vijayawada - APPCB",17-04-2026 19:00,16.486692,80.699436,NO2,23,34,26
India,Andhra_Pradesh,Vijayawada,"Kanuru, Vijayawada - APPCB",17-04-2026 19:00,16.486692,80.699436,SO2,8,17,13
India,Andhra_Pradesh,Vijayawada,"Rajiv Gandhi Park, Vijayawada - APPCB",17-04-2026 19:00,16.509717,80.612222,PM10,40,62,49
India,Andhra_Pradesh,Vijayawada,"Rajiv Gandhi Park, Vijayawada - APPCB",17-04-2026 19:00,16.509717,80.612222,NO2,16,26,20
India,Andhra_Pradesh,Vijayawada,"Rajiv Gandhi Park, Vijayawada - APPCB",17-04-2026 19:00,16.509717,80.612222,NH3,7,9,7
India,Andhra_Pradesh,Vijayawada,"Rajiv Gandhi Park, Vijayawada - APPCB",17-04-2026 19:00,16.509717,80.612222,OZONE,15,36,30
India,Bihar,Munger,"Town Hall, Munger - BSPCB",17-04-2026 19:00,25.376776,86.471523,SO2,39,119,82
India,Bihar,Muzaffarpur,"Buddha Colony, Muzaffarpur - BSPCB",17-04-2026 19:00,26.11442,85.39813,OZONE,28,79,70
India,Bihar,Muzaffarpur,"MIT-Daudpur Kothi, Muzaffarpur - BSPCB",17-04-2026 19:00,26.1403345,85.3650192,PM10,52,70,55
India,Bihar,Muzaffarpur,"MIT-Daudpur Kothi, Muzaffarpur - BSPCB",17-04-2026 19:00,26.1403345,85.3650192,NO2,2,8,5
India,Bihar,Muzaffarpur,"Muzaffarpur Collectorate, Muzaffarpur - BSPCB",17-04-2026 19:00,26.1209,85.3647,NO2,9,16,12
India,Bihar,Muzaffarpur,"Muzaffarpur Collectorate, Muzaffarpur - BSPCB",17-04-2026 19:00,26.1209,85.3647,SO2,4,10,6
India,Bihar,Muzaffarpur,"Muzaffarpur Collectorate, Muzaffarpur - BSPCB",17-04-2026 19:00,26.1209,85.3647,CO,28,70,47
India,Bihar,Patna,"DRM Office Danapur, Patna - BSPCB",17-04-2026 19:00,25.586562,85.043586,NO2,33,40,37
India,Bihar,Patna,"DRM Office Danapur, Patna - BSPCB",17-04-2026 19:00,25.586562,85.043586,NH3,8,9,8
India,Bihar,Patna,"DRM Office Danapur, Patna - BSPCB",17-04-2026 19:00,25.586562,85.043586,SO2,4,9,6
India,Andhra_Pradesh,Guntur,"Rajendra Nagar North, Guntur - APPCB",17-04-2026 19:00,16.316553,80.413302,PM2.5,41,146,54
India,Andhra_Pradesh,Guntur,"Rajendra Nagar North, Guntur - APPCB",17-04-2026 19:00,16.316553,80.413302,NO2,4,22,11
India,Andhra_Pradesh,Guntur,"Rajendra Nagar North, Guntur - APPCB",17-04-2026 19:00,16.316553,80.413302,SO2,7,25,11
India,Andhra_Pradesh,Kadapa,"Yerramukkapalli, Kadapa - APPCB",17-04-2026 19:00,14.465052,78.824187,PM2.5,56,82,72
India,Andhra_Pradesh,Kadapa,"Yerramukkapalli, Kadapa - APPCB",17-04-2026 19:00,14.465052,78.824187,SO2,11,18,12
India,Andhra_Pradesh,Kadapa,"Yerramukkapalli, Kadapa - APPCB",17-04-2026 19:00,14.465052,78.824187,OZONE,25,45,36
India,Andhra_Pradesh,Machilipatnam,"Srinivas Nagar Colony, Machilipatnam - APPCB",17-04-2026 19:00,16.186555,81.13219,OZONE,30,44,37
India,Andhra_Pradesh,Rajamahendravaram,"Anand Kala Kshetram, Rajamahendravaram - APPCB",17-04-2026 19:00,16.9872867,81.7363176,NH3,NA,NA,NA
India,Andhra_Pradesh,Rajamahendravaram,"Anand Kala Kshetram, Rajamahendravaram - APPCB",17-04-2026 19:00,16.9872867,81.7363176,CO,21,46,27
India,Assam,Guwahati,"Railway Colony, Guwahati - PCBA",17-04-2026 19:00,26.181742,91.78063,NO2,3,3,3
India,Assam,Guwahati,"Railway Colony, Guwahati - PCBA",17-04-2026 19:00,26.181742,91.78063,SO2,2,9,4
India,Assam,Nagaon,"Christianpatty, Nagaon - PCBA",17-04-2026 19:00,26.349082,92.68449,CO,12,25,21
India,Assam,Nalbari,"Bata Chowk, Nalbari - PCBA",17-04-2026 19:00,26.446912,91.439057,PM2.5,23,49,36
India,Assam,Silchar,"Tarapur, Silchar - PCBA",17-04-2026 19:00,24.82827,92.79525,PM2.5,32,72,49
India,Assam,Sivasagar,"Girls College, Sivasagar - PCBA",17-04-2026 19:00,26.987634,94.636574,PM2.5,28,76,45
India,Assam,Sivasagar,"Girls College, Sivasagar - PCBA",17-04-2026 19:00,26.987634,94.636574,CO,17,56,19
India,Bihar,Araria,"Kharahiya Basti, Araria - BSPCB",17-04-2026 19:00,26.146529,87.454184,SO2,44,62,53
India,Bihar,Bihar Sharif,"D M Colony, Bihar Sharif - BSPCB",17-04-2026 19:00,25.204762,85.51496,PM2.5,23,47,35
India,Bihar,Bihar Sharif,"D M Colony, Bihar Sharif - BSPCB",17-04-2026 19:00,25.204762,85.51496,SO2,10,10,10
India,Bihar,Buxar,"Charitra Van, Buxar - BSPCB",17-04-2026 19:00,25.56752,83.966379,OZONE,1,23,16
India,Bihar,Chhapra,"Darshan Nagar, Chhapra - BSPCB",17-04-2026 19:00,25.7808257,84.7446768,PM10,66,90,77
India,Bihar,Chhapra,"Darshan Nagar, Chhapra - BSPCB",17-04-2026 19:00,25.7808257,84.7446768,NO2,2,4,3
India,Bihar,Gaya,"Collectorate, Gaya - BSPCB",17-04-2026 19:00,24.7955,84.9994,NO2,9,9,9
India,Bihar,Gaya,"Kareemganj, Gaya - BSPCB",17-04-2026 19:00,24.792403,84.992416,CO,1,28,19
India,Bihar,Gaya,"SFTI Kusdihra, Gaya - BSPCB",17-04-2026 19:00,24.762518,84.982348,PM2.5,49,93,69
India,Andhra_Pradesh,Vijayawada,"Rajiv Nagar, Vijayawada - APPCB",17-04-2026 19:00,16.554731,80.64911,CO,19,30,24
India,Andhra_Pradesh,Vijayawada,"Rajiv Nagar, Vijayawada - APPCB",17-04-2026 19:00,16.554731,80.64911,OZONE,19,38,30
India,Andhra_Pradesh,Visakhapatnam,"GVM Corporation, Visakhapatnam - APPCB",17-04-2026 19:00,17.72,83.3,CO,5,63,14
India,Arunachal_Pradesh,Naharlagun,"Naharlagun, Naharlagun - APSPCB",17-04-2026 19:00,27.103358,93.679645,NO2,7,8,8
India,Arunachal_Pradesh,Naharlagun,"Naharlagun, Naharlagun - APSPCB",17-04-2026 19:00,27.103358,93.679645,SO2,10,12,11
India,Assam,Byrnihat,"Central Academy for SFS, Byrnihat - PCBA",17-04-2026 19:00,26.071318,91.87488,NO2,3,21,10
India,Assam,Guwahati,"LGBI Airport, Guwahati - PCBA",17-04-2026 19:00,26.10887,91.589544,PM2.5,34,61,45
India,Bihar,Patna,"Muradpur, Patna - BSPCB",17-04-2026 19:00,25.619651,85.147382,SO2,5,11,9
India,Bihar,Patna,"Rajbansi Nagar, Patna - BSPCB",17-04-2026 19:00,25.599486,85.113666,PM2.5,45,66,57
India,Bihar,Patna,"Rajbansi Nagar, Patna - BSPCB",17-04-2026 19:00,25.599486,85.113666,NH3,2,3,3
India,Bihar,Patna,"Rajbansi Nagar, Patna - BSPCB",17-04-2026 19:00,25.599486,85.113666,OZONE,26,32,29
India,Bihar,Purnia,"Mariam Nagar, Purnia - BSPCB",17-04-2026 19:00,25.366336,87.117468,PM2.5,57,72,67
India,Bihar,Rajgir,"Dangi Tola, Rajgir - BSPCB",17-04-2026 19:00,25.0328,85.41948,PM2.5,NA,NA,NA
India,Bihar,Saharsa,"Police Line, Saharsa - BSPCB",17-04-2026 19:00,25.892357,86.590325,PM2.5,4,67,32
India,Bihar,Hajipur,"Industrial Area, Hajipur - BSPCB",17-04-2026 19:00,25.697189,85.2459,PM10,48,115,80
India,Bihar,Kishanganj,"SDM Office_Khagra, Kishanganj - BSPCB",17-04-2026 19:00,26.0881305,87.93840336,NO2,8,9,8
India,Bihar,Kishanganj,"SDM Office_Khagra, Kishanganj - BSPCB",17-04-2026 19:00,26.0881305,87.93840336,CO,14,16,14
India,Bihar,Manguraha,"Forest Rest House, Manguraha - BSPCB",17-04-2026 19:00,27.308328,84.531742,NO2,3,36,9
India,Bihar,Motihari,"Gandak Colony, Motihari - BSPCB",17-04-2026 19:00,26.63086,84.90051,PM10,46,123,72
India,Bihar,Motihari,"Gandak Colony, Motihari - BSPCB",17-04-2026 19:00,26.63086,84.90051,OZONE,2,5,4
India,Andhra_Pradesh,Amaravati,"Secretariat, Amaravati - APPCB",17-04-2026 19:00,16.5150833,80.5181667,PM2.5,11,57,26
India,Andhra_Pradesh,Amaravati,"Secretariat, Amaravati - APPCB",17-04-2026 19:00,16.5150833,80.5181667,SO2,7,22,12
India,Andhra_Pradesh,Anantapur,"Gulzarpet, Anantapur - APPCB",17-04-2026 19:00,14.675886,77.593027,NO2,16,27,24
India,Andhra_Pradesh,Anantapur,"Gulzarpet, Anantapur - APPCB",17-04-2026 19:00,14.675886,77.593027,OZONE,31,55,42
India,Andhra_Pradesh,Chittoor,"Gangineni Cheruvu, Chittoor - APPCB",17-04-2026 19:00,13.20488,79.097889,NO2,13,28,22
India,Bihar,Arrah,"New DM Office, Arrah - BSPCB",17-04-2026 19:00,25.5626095,84.663264,NH3,1,2,2
India,Bihar,Bettiah,"Kamalnath Nagar, Bettiah - BSPCB",17-04-2026 19:00,26.80365,84.51954,OZONE,16,22,19
India,Bihar,Bhagalpur,"DM Office_Kachari Chowk, Bhagalpur - BSPCB",17-04-2026 19:00,25.251013,86.989001,PM10,40,103,62
India,Chhattisgarh,Raipur,"AIIMS, Raipur - CECB",17-04-2026 19:00,21.258815,81.578979,OZONE,7,83,45
India,Chhattisgarh,Raipur,"Bhatagaon New ISBT, Raipur - CECB",17-04-2026 19:00,21.219665,81.630094,NO2,27,58,35
India,Chhattisgarh,Raipur,"Bhatagaon New ISBT, Raipur - CECB",17-04-2026 19:00,21.219665,81.630094,NH3,2,2,2
India,Chhattisgarh,Raipur,"Bhatagaon New ISBT, Raipur - CECB",17-04-2026 19:00,21.219665,81.630094,SO2,10,65,26
India,Chhattisgarh,Raipur,"Bhatagaon New ISBT, Raipur - CECB",17-04-2026 19:00,21.219665,81.630094,CO,26,90,39
India,Chhattisgarh,Raipur,"Krishak Nagar, Raipur - CECB",17-04-2026 19:00,21.237755,81.705301,NO2,10,32,18
India,Chhattisgarh,Raipur,"Krishak Nagar, Raipur - CECB",17-04-2026 19:00,21.237755,81.705301,NH3,2,2,2
India,Chhattisgarh,Raipur,"Krishak Nagar, Raipur - CECB",17-04-2026 19:00,21.237755,81.705301,SO2,6,59,25
India,Chhattisgarh,Raipur,"Krishak Nagar, Raipur - CECB",17-04-2026 19:00,21.237755,81.705301,OZONE,3,94,68
India,Chhattisgarh,Raipur,"Siltara Phase-II, Raipur - CECB",17-04-2026 19:00,21.371751,81.664929,OZONE,5,87,60
India,Chhattisgarh,Tumidih,"OP Jindal Industrial Park, Tumidih - CECB",17-04-2026 19:00,22.06631475,83.33820077,NO2,22,91,59
India,Chhattisgarh,Tumidih,"OP Jindal Industrial Park, Tumidih - CECB",17-04-2026 19:00,22.06631475,83.33820077,NH3,1,3,2
India,Delhi,Delhi,"Alipur, Delhi - DPCC",17-04-2026 19:00,28.815329,77.15301,PM10,160,500,325
India,Delhi,Delhi,"JNU, Delhi - DPCC",17-04-2026 19:00,28.540721,77.168544,NO2,7,90,44
India,Delhi,Delhi,"JNU, Delhi - DPCC",17-04-2026 19:00,28.540721,77.168544,CO,66,122,83
India,Delhi,Delhi,"Jahangirpuri, Delhi - DPCC",17-04-2026 19:00,28.73282,77.170633,NO2,60,135,101
India,Delhi,Delhi,"Jahangirpuri, Delhi - DPCC",17-04-2026 19:00,28.73282,77.170633,SO2,38,94,75
India,Delhi,Delhi,"Jahangirpuri, Delhi - DPCC",17-04-2026 19:00,28.73282,77.170633,CO,18,128,43
India,Delhi,Delhi,"Jawaharlal Nehru Stadium, Delhi - DPCC",17-04-2026 19:00,28.58028,77.233829,NH3,9,12,11
India,Delhi,Delhi,"Lodhi Road, Delhi - IMD",17-04-2026 19:00,28.5918245,77.2273074,PM2.5,29,324,196
India,Delhi,Delhi,"Lodhi Road, Delhi - IMD",17-04-2026 19:00,28.5918245,77.2273074,PM10,111,376,225
India,Delhi,Delhi,"Major Dhyan Chand National Stadium, Delhi - DPCC",17-04-2026 19:00,28.611281,77.237738,PM10,125,376,243
India,Chhattisgarh,Korba,"Rampur, Korba - CECB",17-04-2026 19:00,22.368195,82.746431,PM10,50,148,74
India,Chhattisgarh,Korba,"Rampur, Korba - CECB",17-04-2026 19:00,22.368195,82.746431,NO2,7,48,21
India,Chhattisgarh,Korba,"Rampur, Korba - CECB",17-04-2026 19:00,22.368195,82.746431,OZONE,5,23,19
India,Chhattisgarh,Kunjemura,"OP Jindal School, Kunjemura - CECB",17-04-2026 19:00,22.12665,83.483212,PM10,40,107,69
India,Chhattisgarh,Milupara,"Govt. Higher Secondary School, Milupara - CECB",17-04-2026 19:00,22.1910172,83.5197009,NH3,NA,NA,NA
India,Chhattisgarh,Raipur,"AIIMS, Raipur - CECB",17-04-2026 19:00,21.258815,81.578979,SO2,1,64,9
India,Delhi,Delhi,"Alipur, Delhi - DPCC",17-04-2026 19:00,28.815329,77.15301,CO,28,95,43
India,Delhi,Delhi,"Alipur, Delhi - DPCC",17-04-2026 19:00,28.815329,77.15301,OZONE,3,65,48
India,Delhi,Delhi,"Ashok Vihar, Delhi - DPCC",17-04-2026 19:00,28.695381,77.181665,PM10,159,455,316
India,Delhi,Delhi,"Ashok Vihar, Delhi - DPCC",17-04-2026 19:00,28.695381,77.181665,NH3,6,7,6
India,Delhi,Delhi,"Ashok Vihar, Delhi - DPCC",17-04-2026 19:00,28.695381,77.181665,CO,6,126,37
India,Delhi,Delhi,"Bawana, Delhi - DPCC",17-04-2026 19:00,28.7762,77.051074,NO2,19,109,62
India,Delhi,Delhi,"Burari Crossing, Delhi - IMD",17-04-2026 19:00,28.7256504,77.2011573,NO2,22,111,61
India,Delhi,Delhi,"IGNOU_Maidan Garhi, Delhi - DPCC",17-04-2026 19:00,28.493624,77.201159,OZONE,12,213,147
India,Delhi,Delhi,"IHBAS, Dilshad Garden, Delhi - CPCB",17-04-2026 19:00,28.6811736,77.3025234,SO2,2,41,22
India,Delhi,Delhi,"IIT Delhi, Delhi - IITM",17-04-2026 19:00,28.54246,77.191651,PM2.5,68,265,150
India,Delhi,Delhi,"IIT Delhi, Delhi - IITM",17-04-2026 19:00,28.54246,77.191651,PM10,127,440,235
India,Delhi,Delhi,"ITO, Delhi - CPCB",17-04-2026 19:00,28.628624,77.24106,CO,22,140,43
India,Bihar,Saharsa,"Police Line, Saharsa - BSPCB",17-04-2026 19:00,25.892357,86.590325,CO,24,38,31
India,Chandigarh,Chandigarh,"Sector 22, Chandigarh - CPCC",17-04-2026 19:00,30.735567,76.775714,PM10,39,152,92
India,Chandigarh,Chandigarh,"Sector 22, Chandigarh - CPCC",17-04-2026 19:00,30.735567,76.775714,NH3,8,28,19
India,Chandigarh,Chandigarh,"Sector-25, Chandigarh - CPCC",17-04-2026 19:00,30.751462,76.762879,PM10,NA,NA,NA
India,Delhi,Delhi,"Cantonment Area, Delhi - DPCC ",17-04-2026 19:00,28.594169,77.1251,CO,46,117,71
India,Delhi,Delhi,"Commonwealth Sports Complex, Delhi - DPCC",17-04-2026 19:00,28.615828,77.271992,PM2.5,3,136,63
India,Delhi,Delhi,"DTU, Delhi - CPCB",17-04-2026 19:00,28.7500499,77.1112615,NO2,28,82,36
India,Delhi,Delhi,"IGI Airport (T3), Delhi - IMD",17-04-2026 19:00,28.5627763,77.1180053,PM2.5,54,304,185
India,Delhi,Delhi,"IGI Airport (T3), Delhi - IMD",17-04-2026 19:00,28.5627763,77.1180053,CO,18,105,42
India,Delhi,Delhi,"IGI Airport (T3), Delhi - IMD",17-04-2026 19:00,28.5627763,77.1180053,OZONE,20,109,65
India,Chhattisgarh,Bhilai,"Civic Center, Bhilai - Bhilai Steel Plant",17-04-2026 19:00,21.185571,81.343175,NH3,1,2,1
India,Chhattisgarh,Bhilai,"Hathkhoj, Bhilai - CECB",17-04-2026 19:00,21.224231,81.40835,NH3,4,6,5
India,Delhi,Delhi,"North Campus, DU, Delhi - IMD",17-04-2026 19:00,28.6573814,77.1585447,CO,44,154,68
India,Delhi,Delhi,"Okhla Phase-2, Delhi - DPCC",17-04-2026 19:00,28.530785,77.271255,PM10,147,476,333
India,Delhi,Delhi,"Patparganj, Delhi - DPCC",17-04-2026 19:00,28.623763,77.287209,PM10,150,441,325
India,Delhi,Delhi,"Punjabi Bagh, Delhi - DPCC",17-04-2026 19:00,28.674045,77.131023,PM2.5,8,345,230
India,Delhi,Delhi,"Punjabi Bagh, Delhi - DPCC",17-04-2026 19:00,28.674045,77.131023,CO,38,106,50
India,Delhi,Delhi,"Punjabi Bagh, Delhi - DPCC",17-04-2026 19:00,28.674045,77.131023,OZONE,4,99,64
India,Delhi,Delhi,"Pusa, Delhi - DPCC",17-04-2026 19:00,28.639652,77.146275,NO2,NA,NA,NA
India,Delhi,Delhi,"Pusa, Delhi - DPCC",17-04-2026 19:00,28.639652,77.146275,NH3,NA,NA,NA
India,Delhi,Delhi,"Pusa, Delhi - IMD",17-04-2026 19:00,28.63611,77.173332,PM10,121,407,232
India,Delhi,Delhi,"Pusa, Delhi - IMD",17-04-2026 19:00,28.63611,77.173332,NO2,27,124,79
India,Delhi,Delhi,"R K Puram, Delhi - DPCC",17-04-2026 19:00,28.563262,77.186937,PM2.5,60,352,241
India,Gujarat,Mehsana,"Sadanand Nagar, Mehsana - Nexteng Enviro",17-04-2026 19:00,23.59315,72.372792,NO2,33,45,39
India,Gujarat,Mehsana,"Sadanand Nagar, Mehsana - Nexteng Enviro",17-04-2026 19:00,23.59315,72.372792,SO2,5,13,8
India,Gujarat,Nandesari,"GIDC, Nandesari - Nandesari Ind. Association",17-04-2026 19:00,22.410802,73.097923,PM2.5,46,357,138
India,Gujarat,Rajkot,"Mavdi, Rajkot - Nexteng Enviro ",17-04-2026 19:00,22.248853,70.776774,PM2.5,19,91,55
India,Gujarat,Surat,"Katargam, Surat - Nexteng Enviro",17-04-2026 19:00,21.217779,72.834787,PM2.5,2,195,66
India,Gujarat,Vadodara,"Bapunagar, Vadodara - Nexteng Enviro",17-04-2026 19:00,22.320153,73.216285,PM2.5,42,192,93
India,Gujarat,Vadodara,"Bapunagar, Vadodara - Nexteng Enviro",17-04-2026 19:00,22.320153,73.216285,PM10,60,170,105
India,Delhi,Delhi,"Talkatora Garden, Delhi - DPCC",17-04-2026 19:00,28.62181,77.1944633,NH3,NA,NA,NA
India,Delhi,Delhi,"Talkatora Garden, Delhi - DPCC",17-04-2026 19:00,28.62181,77.1944633,SO2,20,34,27
India,Delhi,Delhi,"Vivek Vihar, Delhi - DPCC",17-04-2026 19:00,28.672342,77.31526,PM2.5,59,384,244
India,Delhi,Delhi,"Vivek Vihar, Delhi - DPCC",17-04-2026 19:00,28.672342,77.31526,CO,23,130,34
India,Delhi,Delhi,"Vivek Vihar, Delhi - DPCC",17-04-2026 19:00,28.672342,77.31526,OZONE,7,94,61
India,Delhi,Delhi,"Wazirpur, Delhi - DPCC",17-04-2026 19:00,28.699793,77.165453,NO2,81,210,145
India,Gujarat,Ahmedabad,"Chandkheda, Ahmedabad - IITM",17-04-2026 19:00,23.107969,72.574648,OZONE,1,88,68
India,Gujarat,Ahmedabad,"Gyaspur, Ahmedabad - IITM",17-04-2026 19:00,22.977134,72.553024,CO,1,69,63
India,Gujarat,Ahmedabad,"SVPI Airport Hansol, Ahmedabad - IITM",17-04-2026 19:00,23.076793,72.627874,PM10,96,220,115
India,Gujarat,Ahmedabad,"SVPI Airport Hansol, Ahmedabad - IITM",17-04-2026 19:00,23.076793,72.627874,NH3,1,5,2
India,Gujarat,Ankleshwar,"GIDC, Ankleshwar - GPCB",17-04-2026 19:00,21.613267,73.010555,PM2.5,NA,NA,NA
India,Gujarat,Ankleshwar,"GIDC, Ankleshwar - GPCB",17-04-2026 19:00,21.613267,73.010555,NH3,NA,NA,NA
India,Gujarat,Gandhinagar,"GIFT City, Gandhinagar - IITM",17-04-2026 19:00,23.163798,72.677768,OZONE,2,74,56
India,Gujarat,Gandhinagar,"IIPHG Lekawada, Gandhinagar - IITM",17-04-2026 19:00,23.243639,72.68994,NH3,1,2,1
India,Gujarat,Gandhinagar,"Sector-10, Gandhinagar - GPCB",17-04-2026 19:00,23.221714,72.654328,PM10,67,128,95
India,Delhi,Delhi,"NSUT Jaffarpur, Delhi - DPCC",17-04-2026 19:00,28.594004,76.909423,NO2,10,148,83
India,Delhi,Delhi,"NSUT Jaffarpur, Delhi - DPCC",17-04-2026 19:00,28.594004,76.909423,CO,36,108,46
India,Delhi,Delhi,"Narela, Delhi - DPCC",17-04-2026 19:00,28.822836,77.101981,NH3,5,8,7
India,Delhi,Delhi,"Narela, Delhi - DPCC",17-04-2026 19:00,28.822836,77.101981,SO2,9,69,35
India,Delhi,Delhi,"Nehru Nagar, Delhi - DPCC",17-04-2026 19:00,28.56789,77.250515,OZONE,1,74,52
India,Delhi,Delhi,"North Campus, DU, Delhi - IMD",17-04-2026 19:00,28.6573814,77.1585447,PM2.5,47,402,245
India,Gujarat,Ahmedabad,"Maninagar, Ahmedabad - GPCB",17-04-2026 19:00,23.002657,72.591912,OZONE,65,100,86
India,Gujarat,Ahmedabad,"Raikhad, Ahmedabad - IITM",17-04-2026 19:00,23.020509,72.579261,PM10,75,158,109
India,Gujarat,Ahmedabad,"Rakhial, Ahmedabad - IITM",17-04-2026 19:00,23.016834,72.625775,PM10,96,143,116
India,Gujarat,Ahmedabad,"SAC ISRO Bopal, Ahmedabad - IITM",17-04-2026 19:00,23.041137,72.456691,PM2.5,43,218,78
India,Gujarat,Ahmedabad,"SAC ISRO Bopal, Ahmedabad - IITM",17-04-2026 19:00,23.041137,72.456691,PM10,49,152,82
India,Gujarat,Ahmedabad,"SAC ISRO Bopal, Ahmedabad - IITM",17-04-2026 19:00,23.041137,72.456691,SO2,6,26,13
India,Delhi,Delhi,"Mandir Marg, Delhi - DPCC",17-04-2026 19:00,28.636429,77.201067,PM10,129,417,216
India,Delhi,Delhi,"Mandir Marg, Delhi - DPCC",17-04-2026 19:00,28.636429,77.201067,NO2,33,158,88
India,Delhi,Delhi,"Mundka, Delhi - DPCC",17-04-2026 19:00,28.684678,77.076574,PM2.5,58,376,245
India,Delhi,Delhi,"Mundka, Delhi - DPCC",17-04-2026 19:00,28.684678,77.076574,NO2,47,121,84
India,Delhi,Delhi,"Mundka, Delhi - DPCC",17-04-2026 19:00,28.684678,77.076574,NH3,6,11,8
India,Delhi,Delhi,"Mundka, Delhi - DPCC",17-04-2026 19:00,28.684678,77.076574,SO2,14,42,27
India,Delhi,Delhi,"Rohini, Delhi - DPCC",17-04-2026 19:00,28.732528,77.11992,PM2.5,88,444,287
India,Delhi,Delhi,"Rohini, Delhi - DPCC",17-04-2026 19:00,28.732528,77.11992,CO,18,136,31
India,Delhi,Delhi,"Shadipur, Delhi - CPCB",17-04-2026 19:00,28.6514781,77.1473105,NH3,6,12,8
India,Delhi,Delhi,"Sirifort, Delhi - CPCB",17-04-2026 19:00,28.5504249,77.2159377,NO2,29,39,36
India,Delhi,Delhi,"NSIT Dwarka, Delhi - CPCB",17-04-2026 19:00,28.60909,77.0325413,NO2,44,242,144
India,Haryana,Palwal,"Shyam Nagar, Palwal - HSPCB",17-04-2026 19:00,28.1485564,77.3320667,NO2,23,24,24
India,Haryana,Palwal,"Shyam Nagar, Palwal - HSPCB",17-04-2026 19:00,28.1485564,77.3320667,NH3,9,9,9
India,Haryana,Palwal,"Shyam Nagar, Palwal - HSPCB",17-04-2026 19:00,28.1485564,77.3320667,OZONE,23,25,24
India,Haryana,Panchgaon,"Amity University, Panchgaon - IITM",17-04-2026 19:00,28.3153,76.9143,PM10,59,246,109
India,Haryana,Panchgaon,"Amity University, Panchgaon - IITM",17-04-2026 19:00,28.3153,76.9143,NO2,3,16,10
India,Haryana,Panchgaon,"Amity University, Panchgaon - IITM",17-04-2026 19:00,28.3153,76.9143,NH3,2,3,3
India,Haryana,Panchgaon,"Amity University, Panchgaon - IITM",17-04-2026 19:00,28.3153,76.9143,CO,6,56,17
India,Haryana,Panchgaon,"Amity University, Panchgaon - IITM",17-04-2026 19:00,28.3153,76.9143,OZONE,21,103,79
India,Haryana,Panchkula,"Sector-6, Panchkula - HSPCB ",17-04-2026 19:00,30.7057778,76.85318056,NO2,22,25,24
India,Haryana,Panipat,"Sector-18, Panipat - HSPCB",17-04-2026 19:00,29.432304,76.972765,NH3,NA,NA,NA
India,Gujarat,Vadodara,"Bapunagar, Vadodara - Nexteng Enviro",17-04-2026 19:00,22.320153,73.216285,CO,74,105,79
India,Gujarat,Vapi,"Phase-1 GIDC, Vapi - GPCB",17-04-2026 19:00,20.362421,72.918013,NH3,3,5,4
India,Gujarat,Vatva,"Phase-4 GIDC, Vatva - GPCB",17-04-2026 19:00,22.969611,72.6435,NH3,10,29,22
India,Haryana,Bahadurgarh,"Arya Nagar, Bahadurgarh - HSPCB",17-04-2026 19:00,28.6701,76.9254,PM10,104,122,112
India,Haryana,Bahadurgarh,"Arya Nagar, Bahadurgarh - HSPCB",17-04-2026 19:00,28.6701,76.9254,CO,46,50,48
India,Haryana,Ballabgarh,"Nathu Colony, Ballabgarh - HSPCB",17-04-2026 19:00,28.3419248,77.319699,CO,1,112,41
India,Haryana,Gurugram,"NISE Gwal Pahari, Gurugram - IMD",17-04-2026 19:00,28.422681,77.148944,NO2,19,75,38
India,Haryana,Gurugram,"NISE Gwal Pahari, Gurugram - IMD",17-04-2026 19:00,28.422681,77.148944,CO,42,96,57
India,Haryana,Gurugram,"NISE Gwal Pahari, Gurugram - IMD",17-04-2026 19:00,28.422681,77.148944,OZONE,12,94,78
India,Haryana,Gurugram,"Vikas Sadan, Gurugram - HSPCB",17-04-2026 19:00,28.4501238,77.0263051,SO2,2,8,5
India,Haryana,Hisar,"Urban Estate-II, Hisar - HSPCB",17-04-2026 19:00,29.14056,75.744941,PM2.5,5,48,17
India,Haryana,Hisar,"Urban Estate-II, Hisar - HSPCB",17-04-2026 19:00,29.14056,75.744941,NO2,31,33,32
India,Haryana,Hisar,"Urban Estate-II, Hisar - HSPCB",17-04-2026 19:00,29.14056,75.744941,NH3,13,13,13
India,Haryana,Hisar,"Urban Estate-II, Hisar - HSPCB",17-04-2026 19:00,29.14056,75.744941,SO2,2,24,13
India,Haryana,Faridabad,"New Industrial Town, Faridabad - HSPCB",17-04-2026 19:00,28.39072,77.30059,NO2,24,26,25
India,Haryana,Faridabad,"New Industrial Town, Faridabad - HSPCB",17-04-2026 19:00,28.39072,77.30059,SO2,8,8,8
India,Haryana,Faridabad,"New Industrial Town, Faridabad - HSPCB",17-04-2026 19:00,28.39072,77.30059,OZONE,13,19,15
India,Haryana,Faridabad,"Sector 11, Faridabad - HSPCB",17-04-2026 19:00,28.376058,77.315741,PM2.5,120,500,387
India,Haryana,Faridabad,"Sector 11, Faridabad - HSPCB",17-04-2026 19:00,28.376058,77.315741,PM10,NA,NA,NA
India,Haryana,Faridabad,"Sector 11, Faridabad - HSPCB",17-04-2026 19:00,28.376058,77.315741,SO2,3,106,11
India,Haryana,Faridabad,"Sector 30, Faridabad - HSPCB",17-04-2026 19:00,28.4417,77.3217,PM2.5,54,87,67
India,Haryana,Faridabad,"Sector 30, Faridabad - HSPCB",17-04-2026 19:00,28.4417,77.3217,NO2,36,38,37
India,Haryana,Charkhi Dadri,"Mini Secretariat, Charkhi Dadri - HSPCB",17-04-2026 19:00,28.593883,76.270653,SO2,10,11,10
India,Haryana,Dharuhera,"Municipal Corporation Office, Dharuhera -  HSPCB",17-04-2026 19:00,28.2068,76.7997,PM2.5,58,307,152
India,Haryana,Dharuhera,"Municipal Corporation Office, Dharuhera -  HSPCB",17-04-2026 19:00,28.2068,76.7997,NH3,9,26,19
India,Haryana,Dharuhera,"Municipal Corporation Office, Dharuhera -  HSPCB",17-04-2026 19:00,28.2068,76.7997,OZONE,10,72,57
India,Haryana,Rohtak,"MD University, Rohtak - HSPCB",17-04-2026 19:00,28.52123,76.37138,CO,22,38,33
India,Haryana,Sonipat,"Murthal, Sonipat - HSPCB",17-04-2026 19:00,29.0272,77.0621,CO,40,79,53
India,Himachal Pradesh,Baddi,"HIMUDA Complex Phase-1, Baddi - HPPCB",17-04-2026 19:00,30.943887,76.801991,NH3,2,4,3
India,Haryana,Manesar,"Sector-2 IMT, Manesar - HSPCB",17-04-2026 19:00,28.360699,76.93609,PM2.5,NA,NA,NA
India,Haryana,Manesar,"Sector-2 IMT, Manesar - HSPCB",17-04-2026 19:00,28.360699,76.93609,NO2,NA,NA,NA
India,Haryana,Narnaul,"Shastri Nagar, Narnaul - HSPCB",17-04-2026 19:00,28.060249,76.113115,PM2.5,86,271,183
India,Haryana,Narnaul,"Shastri Nagar, Narnaul - HSPCB",17-04-2026 19:00,28.060249,76.113115,OZONE,12,61,31
India,Haryana,Karnal,"Sector-12, Karnal - HSPCB",17-04-2026 19:00,29.6953,77.0027,OZONE,1,47,37
India,Haryana,Kurukshetra,"Sector-7, Kurukshetra - HSPCB",17-04-2026 19:00,29.966942,76.875879,PM10,132,205,173
India,Haryana,Faridabad,"New Industrial Town, Faridabad - HSPCB",17-04-2026 19:00,28.39072,77.30059,PM2.5,97,106,101
India,Karnataka,Vijayapura,"Ibrahimpur, Vijayapura - KSPCB",17-04-2026 19:00,16.802639,75.722694,SO2,3,3,3
India,Karnataka,Yadgir,"Collector Office, Yadgir - KSPCB",17-04-2026 19:00,16.7602,77.1428,PM10,92,140,113
India,Kerala,Kannur,"Thavakkara, Kannur - Kerala PCB",17-04-2026 19:00,11.875,75.3732,CO,14,16,15
India,Kerala,Kollam,"Polayathode, Kollam - Kerala PCB",17-04-2026 19:00,8.8787,76.6073,PM2.5,NA,NA,NA
India,Kerala,Thiruvananthapuram,"Kariavattom, Thiruvananthapuram - Kerala PCB",17-04-2026 19:00,8.5637,76.8865,PM10,NA,NA,NA
India,Kerala,Thiruvananthapuram,"Plammoodu, Thiruvananthapuram - Kerala PCB",17-04-2026 19:00,8.5149093,76.9435879,SO2,13,22,17
India,Kerala,Thrissur,"Corporation Ground, Thrissur - Kerala PCB",17-04-2026 19:00,10.5324,76.2159,PM10,67,84,77
India,Kerala,Thrissur,"Corporation Ground, Thrissur - Kerala PCB",17-04-2026 19:00,10.5324,76.2159,CO,9,18,16
India,Kerala,Thrissur,"Corporation Ground, Thrissur - Kerala PCB",17-04-2026 19:00,10.5324,76.2159,OZONE,29,29,29
India,Madhya Pradesh,Bhopal,"Idgah Hills, Bhopal - MPPCB",17-04-2026 19:00,23.264759,77.381568,NH3,6,7,7
India,Madhya Pradesh,Bhopal,"Idgah Hills, Bhopal - MPPCB",17-04-2026 19:00,23.264759,77.381568,CO,16,45,19
India,Madhya Pradesh,Bhopal,"Idgah Hills, Bhopal - MPPCB",17-04-2026 19:00,23.264759,77.381568,OZONE,24,86,71
India,Madhya Pradesh,Bhopal,"Paryavaran Parisar, Bhopal - MPPCB",17-04-2026 19:00,23.210494,77.425409,CO,1,93,20
India,Madhya Pradesh,Bhopal,"T T Nagar, Bhopal - MPPCB",17-04-2026 19:00,23.233584,77.400574,SO2,8,30,18
India,Madhya Pradesh,Dewas,"Bhopal Chauraha, Dewas - MPPCB",17-04-2026 19:00,22.9682591,76.064118,NO2,70,116,91
India,Madhya Pradesh,Dewas,"Bhopal Chauraha, Dewas - MPPCB",17-04-2026 19:00,22.9682591,76.064118,SO2,8,14,10
India,Karnataka,Chikkaballapur,"Chikkaballapur Rural, Chikkaballapur - KSPCB",17-04-2026 19:00,13.428828,77.731418,PM2.5,48,83,63
India,Karnataka,Chikkaballapur,"Chikkaballapur Rural, Chikkaballapur - KSPCB",17-04-2026 19:00,13.428828,77.731418,NH3,1,1,1
India,Karnataka,Dharwad,"Kalabhavan, Dharwad - KSPCB",17-04-2026 19:00,15.459706,75.008381,NO2,28,29,28
India,Karnataka,Dharwad,"Kalabhavan, Dharwad - KSPCB",17-04-2026 19:00,15.459706,75.008381,SO2,5,8,7
India,Karnataka,Dharwad,"Kalabhavan, Dharwad - KSPCB",17-04-2026 19:00,15.459706,75.008381,OZONE,40,41,40
India,Karnataka,Hubballi,"Lingaraj Nagar, Hubballi - KSPCB",17-04-2026 19:00,15.3714823,75.1160168,PM2.5,NA,NA,NA
India,Karnataka,Hubballi,"Lingaraj Nagar, Hubballi - KSPCB",17-04-2026 19:00,15.3714823,75.1160168,SO2,NA,NA,NA
India,Karnataka,Kalaburagi,"Mahatma Basaveswar Colony, Kalaburgi - KSPCB",17-04-2026 19:00,17.336318,76.847397,NO2,10,17,15
India,Karnataka,Kalaburagi,"Mahatma Basaveswar Colony, Kalaburgi - KSPCB",17-04-2026 19:00,17.336318,76.847397,NH3,2,4,3
India,Karnataka,Bengaluru,"Kasturi Nagar, Bengaluru - KSPCB",17-04-2026 19:00,13.003872,77.664217,NH3,4,4,4
India,Karnataka,Bengaluru,"Kasturi Nagar, Bengaluru - KSPCB",17-04-2026 19:00,13.003872,77.664217,CO,30,56,50
India,Karnataka,Bengaluru,"RVCE-Mailasandra, Bengaluru - KSPCB",17-04-2026 19:00,12.921418,77.502466,NO2,20,26,26
India,Karnataka,Bengaluru,"Shivapura_Peenya, Bengaluru - KSPCB",17-04-2026 19:00,13.0246342,77.5080115,CO,36,44,40
India,Karnataka,Bengaluru,"Shivapura_Peenya, Bengaluru - KSPCB",17-04-2026 19:00,13.0246342,77.5080115,OZONE,26,27,26
India,Karnataka,Bengaluru,"Silk Board, Bengaluru - KSPCB",17-04-2026 19:00,12.917348,77.622813,NO2,8,27,13
India,Karnataka,Chamarajanagar,"Urban, Chamarajanagar - KSPCB",17-04-2026 19:00,11.55358,76.55521,NH3,1,2,2
India,Karnataka,Chamarajanagar,"Urban, Chamarajanagar - KSPCB",17-04-2026 19:00,11.55358,76.55521,SO2,NA,NA,NA
India,Karnataka,Chamarajanagar,"Urban, Chamarajanagar - KSPCB",17-04-2026 19:00,11.55358,76.55521,OZONE,13,29,28
India,Jharkhand,Dhanbad,"Sardar Patel Nagar, Dhanbad - JSPCB",17-04-2026 19:00,23.80569,86.44268,OZONE,NA,NA,NA
India,Jharkhand,Jorapokhar,"Tata Stadium, Jorapokhar - JSPCB",17-04-2026 19:00,23.707909,86.41467,PM10,44,334,101
India,Karnataka,Bagalkot,"Vidayagiri, Bagalkot - KSPCB",17-04-2026 19:00,16.172806,75.659694,SO2,7,7,7
India,Karnataka,Bagalkot,"Vidayagiri, Bagalkot - KSPCB",17-04-2026 19:00,16.172806,75.659694,OZONE,12,12,12
India,Karnataka,Belgaum,"Ramteerth Nagar, Belgaum - KSPCB",17-04-2026 19:00,15.888653,74.541751,OZONE,18,20,19
India,Karnataka,Bengaluru,"BWSSB Kadabesanahalli, Bengaluru - CPCB",17-04-2026 19:00,12.9352049,77.6814488,NO2,NA,NA,NA
India,Karnataka,Bengaluru,"Hebbal, Bengaluru - KSPCB",17-04-2026 19:00,13.029152,77.585901,OZONE,51,241,163
India,Karnataka,Bengaluru,"Hombegowda Nagar, Bengaluru - KSPCB",17-04-2026 19:00,12.938539,77.5901,PM10,76,124,98
India,Karnataka,Bengaluru,"Hombegowda Nagar, Bengaluru - KSPCB",17-04-2026 19:00,12.938539,77.5901,NH3,2,4,3
India,Karnataka,Bengaluru,"Hombegowda Nagar, Bengaluru - KSPCB",17-04-2026 19:00,12.938539,77.5901,CO,10,30,13
India,Karnataka,Bengaluru,"Jayanagar 5th Block, Bengaluru - KSPCB",17-04-2026 19:00,12.920984,77.584908,PM10,77,153,108
India,Karnataka,Bengaluru,"Jayanagar 5th Block, Bengaluru - KSPCB",17-04-2026 19:00,12.920984,77.584908,CO,3,54,23
India,Karnataka,Bengaluru,"Jigani, Bengaluru - KSPCB",17-04-2026 19:00,12.7816279,77.6299145,NO2,17,19,18
India,Karnataka,Bengaluru,"Jigani, Bengaluru - KSPCB",17-04-2026 19:00,12.7816279,77.6299145,NH3,3,3,3
India,Karnataka,Kalaburagi,"Mahatma Basaveswar Colony, Kalaburgi - KSPCB",17-04-2026 19:00,17.336318,76.847397,OZONE,11,13,12
India,Karnataka,Ramanagara,"Vijay Nagar, Ramanagara - KSPCB",17-04-2026 19:00,12.733409,77.298051,NH3,2,5,3
India,Karnataka,Ramanagara,"Vijay Nagar, Ramanagara - KSPCB",17-04-2026 19:00,12.733409,77.298051,CO,14,30,18
India,Karnataka,Shivamogga,"Vinoba Nagara, Shivamogga - KSPCB",17-04-2026 19:00,13.94,75.555917,CO,18,36,26
India,Karnataka,Vijayapura,"Ibrahimpur, Vijayapura - KSPCB",17-04-2026 19:00,16.802639,75.722694,PM2.5,29,31,30
India,Karnataka,Bengaluru,"Hebbal, Bengaluru - KSPCB",17-04-2026 19:00,13.029152,77.585901,PM2.5,37,96,65
India,Karnataka,Bengaluru,"Hebbal, Bengaluru - KSPCB",17-04-2026 19:00,13.029152,77.585901,PM10,66,132,97
India,Jammu_and_Kashmir,Pampore,"Khrew, Pampore - JKPCC",17-04-2026 19:00,34.031606,75.009712,PM2.5,10,59,30
India,Jammu_and_Kashmir,Pampore,"Khrew, Pampore - JKPCC",17-04-2026 19:00,34.031606,75.009712,NO2,10,21,15
India,Madhya Pradesh,Ujjain,"Mahashweta Nagar, Ujjain - MPPCB",17-04-2026 19:00,23.1633321,75.800225,CO,22,44,22
India,Maharashtra,Ahmednagar,"Tarakpur, Ahmednagar - MPCB",17-04-2026 19:00,19.10122,74.73339,CO,11,110,29
India,Maharashtra,Akola,"Ramdaspeth, Akola - MPCB",17-04-2026 19:00,20.719516,77.000253,CO,18,61,19
India,Maharashtra,Ambernath,"Chinchpada, Ambernath - MPCB",17-04-2026 19:00,19.215784,73.199781,NH3,3,9,5
India,Maharashtra,Ambernath,"Chinchpada, Ambernath - MPCB",17-04-2026 19:00,19.215784,73.199781,OZONE,1,41,37
India,Maharashtra,Amravati,"Shivneri Colony, Amravati - MPCB",17-04-2026 19:00,20.9402359,77.7895248,NO2,7,39,17
India,Maharashtra,Amravati,"Shri Shivaji Science College, Amravati - MPCB",17-04-2026 19:00,20.939198,77.765701,PM2.5,47,98,68
India,Maharashtra,Amravati,"Shri Shivaji Science College, Amravati - MPCB",17-04-2026 19:00,20.939198,77.765701,NH3,2,8,3
India,Maharashtra,Aurangabad,"MIDC Chilkalthana, Aurangabad - MPCB",17-04-2026 19:00,19.87562,75.38731,PM10,40,109,82
India,Maharashtra,Bhiwandi,"Gokul Nagar, Bhiwandi - MPCB",17-04-2026 19:00,19.309073,73.057223,NO2,12,29,19
India,Maharashtra,Boisar,"Khaira, Boisar - MPCB",17-04-2026 19:00,19.786089,72.757971,PM2.5,56,58,57
India,Maharashtra,Chandrapur,"Chauhan Colony, Chandrapur - MPCB",17-04-2026 19:00,19.9629,79.298714,NO2,32,48,36
India,Maharashtra,Chandrapur,"Chauhan Colony, Chandrapur - MPCB",17-04-2026 19:00,19.9629,79.298714,NH3,NA,NA,NA
India,Maharashtra,Chandrapur,"MIDC Khutala, Chandrapur - MPCB",17-04-2026 19:00,19.9775302,79.2337086,NH3,1,4,2
India,Maharashtra,Chandrapur,"MIDC Khutala, Chandrapur - MPCB",17-04-2026 19:00,19.9775302,79.2337086,SO2,NA,NA,NA
India,Maharashtra,Dhule,"Deopur, Dhule - MPCB",17-04-2026 19:00,20.918946,74.776388,NO2,3,24,12
India,Maharashtra,Dhule,"Deopur, Dhule - MPCB",17-04-2026 19:00,20.918946,74.776388,SO2,1,11,8
India,Maharashtra,Dombivli,"Kalu Nagar, Dombivli - MPCB",17-04-2026 19:00,19.2268427,73.0788456,CO,9,36,12
India,Madhya Pradesh,Indore,"Maguda Nagar, Indore - IMC",17-04-2026 19:00,22.7524,75.8872,SO2,20,30,26
India,Madhya Pradesh,Indore,"Regional Park, Indore - IMC",17-04-2026 19:00,22.678,75.8559,NO2,18,26,20
India,Madhya Pradesh,Indore,"Residency Area, Indore - IMC",17-04-2026 19:00,22.7084,75.8815,PM2.5,25,133,57
India,Madhya Pradesh,Indore,"Residency Area, Indore - IMC",17-04-2026 19:00,22.7084,75.8815,CO,29,67,31
India,Madhya Pradesh,Jabalpur,"Govindh Bhavan Colony, Jabalpur - JMC",17-04-2026 19:00,23.163174,79.973061,NO2,9,14,10
India,Madhya Pradesh,Jabalpur,"Govindh Bhavan Colony, Jabalpur - JMC",17-04-2026 19:00,23.163174,79.973061,CO,12,35,17
India,Madhya Pradesh,Jabalpur,"Gupteshwar, Jabalpur - JMC",17-04-2026 19:00,23.142888,79.916147,PM10,69,156,107
India,Madhya Pradesh,Jabalpur,"Gupteshwar, Jabalpur - JMC",17-04-2026 19:00,23.142888,79.916147,CO,28,111,32
India,Madhya Pradesh,Gwalior,"City Center, Gwalior - MPPCB",17-04-2026 19:00,26.203442,78.193251,NH3,2,5,4
India,Madhya Pradesh,Gwalior,"City Center, Gwalior - MPPCB",17-04-2026 19:00,26.203442,78.193251,OZONE,69,168,82
India,Madhya Pradesh,Gwalior,"Deen Dayal Nagar, Gwalior - MPPCB",17-04-2026 19:00,26.259242,78.216432,OZONE,30,162,153
India,Madhya Pradesh,Gwalior,"Maharaj Bada, Gwalior - MPPCB",17-04-2026 19:00,26.200388,78.147714,PM2.5,25,213,94
India,Madhya Pradesh,Gwalior,"Maharaj Bada, Gwalior - MPPCB",17-04-2026 19:00,26.200388,78.147714,NO2,35,141,53
India,Madhya Pradesh,Indore,"Airport Area, Indore - IMC",17-04-2026 19:00,22.7289,75.8076,PM10,46,147,84
India,Madhya Pradesh,Indore,"Chhoti Gwaltoli, Indore - MPPCB",17-04-2026 19:00,22.431,75.5213,PM2.5,28,113,66
India,Maharashtra,Hingoli,"Ashta Vinayak Nagar, Hingoli - MPCB",17-04-2026 19:00,19.710842,77.151824,OZONE,37,218,192
India,Maharashtra,Jalgaon,"Prabhat Colony, Jalgaon - MPCB",17-04-2026 19:00,21.001264,75.565602,SO2,5,21,10
India,Maharashtra,Kolhapur,"Shivaji University, Kolhapur - MPCB",17-04-2026 19:00,16.6870449,74.2505872,SO2,2,32,7
India,Maharashtra,Kolhapur,"Sinchan Bhavan, Kolhapur - MPCB",17-04-2026 19:00,16.7143745,74.2426398,PM2.5,NA,NA,NA
India,Maharashtra,Kolhapur,"Sinchan Bhavan, Kolhapur - MPCB",17-04-2026 19:00,16.7143745,74.2426398,OZONE,33,91,66
India,Maharashtra,Latur,"Sawe Wadi, Latur - MPCB",17-04-2026 19:00,18.39963,76.57452,PM2.5,33,85,67
India,Maharashtra,Malegaon,"Mahesh Nagar, Malegaon - MPCB",17-04-2026 19:00,20.555712,74.529236,NO2,6,40,19
India,Maharashtra,Malegaon,"Mahesh Nagar, Malegaon - MPCB",17-04-2026 19:00,20.555712,74.529236,SO2,1,25,9
India,Maharashtra,Mira-Bhayandar,"Bhayandar West, Mira-Bhayandar - MPCB",17-04-2026 19:00,19.296481,72.840923,PM2.5,NA,NA,NA
India,Maharashtra,Mira-Bhayandar,"Bhayandar West, Mira-Bhayandar - MPCB",17-04-2026 19:00,19.296481,72.840923,NH3,NA,NA,NA
India,Maharashtra,Mumbai,"Bandra Kurla Complex, Mumbai - MPCB",17-04-2026 19:00,19.065931,72.862131,PM10,56,107,76
India,Maharashtra,Mumbai,"Bandra Kurla Complex, Mumbai - MPCB",17-04-2026 19:00,19.065931,72.862131,CO,6,14,10
India,Maharashtra,Mumbai,"Bandra Kurla Complex, Mumbai - MPCB",17-04-2026 19:00,19.065931,72.862131,OZONE,1,54,41
India,Madhya Pradesh,Sagar,"Civil Lines, Sagar - MPPCB",17-04-2026 19:00,23.838586,78.759431,NO2,10,57,22
India,Madhya Pradesh,Singrauli,"Suryakiran Bhawan NCL, Singrauli - MPPCB",17-04-2026 19:00,24.10897,82.64558,SO2,39,85,59
India,Madhya Pradesh,Ujjain,"Mahashweta Nagar, Ujjain - MPPCB",17-04-2026 19:00,23.1633321,75.800225,PM2.5,62,187,105
India,Madhya Pradesh,Ujjain,"Mahashweta Nagar, Ujjain - MPPCB",17-04-2026 19:00,23.1633321,75.800225,SO2,4,18,10
India,Madhya Pradesh,Jabalpur,"Suhagi, Jabalpur - JMC",17-04-2026 19:00,23.218135,79.95777,CO,26,112,34
India,Madhya Pradesh,Katni,"Gole Bazar, Katni - MPPCB",17-04-2026 19:00,23.50016,80.23284,NO2,21,34,27
India,Madhya Pradesh,Pithampur,"Sector-2 Industrial Area, Pithampur - MPPCB",17-04-2026 19:00,22.624758,75.675238,PM2.5,31,164,73
India,Madhya Pradesh,Pithampur,"Sector-2 Industrial Area, Pithampur - MPPCB",17-04-2026 19:00,22.624758,75.675238,OZONE,63,144,129
India,Maharashtra,Badlapur,"Katrap, Badlapur - MPCB",17-04-2026 19:00,19.16485,73.23409,NH3,4,9,7
India,Maharashtra,Beed,"Bir, Beed - MPCB",17-04-2026 19:00,18.988474,75.753873,PM2.5,NA,NA,NA
India,Maharashtra,Beed,"Bir, Beed - MPCB",17-04-2026 19:00,18.988474,75.753873,CO,26,101,36
India,Maharashtra,Pune,"Dhankawadi, Pune - IITM",17-04-2026 19:00,18.459883,73.852193,OZONE,7,107,69
India,Maharashtra,Pune,"Katraj Dairy, Pune - MPCB",17-04-2026 19:00,18.45445,73.854155,NO2,11,44,27
India,Maharashtra,Pune,"Katraj Dairy, Pune - MPCB",17-04-2026 19:00,18.45445,73.854155,SO2,2,3,3
India,Maharashtra,Pune,"Mhada Colony, Pune - IITM",17-04-2026 19:00,18.57304,73.927715,PM2.5,14,85,50
India,Maharashtra,Pune,"Mhada Colony, Pune - IITM",17-04-2026 19:00,18.57304,73.927715,CO,2,125,32
India,Maharashtra,Pune,"Panchawati_Pashan, Pune - IITM",17-04-2026 19:00,18.536457,73.805454,OZONE,1,58,42
India,Maharashtra,Pune,"Revenue Colony-Shivajinagar, Pune - IITM",17-04-2026 19:00,18.530085,73.849598,SO2,20,77,45
India,Maharashtra,Pune,"Savitribai Phule Pune University, Pune - MPCB",17-04-2026 19:00,18.547056,73.826908,NO2,8,40,24
India,Maharashtra,Sangli,"Vijay Nagar, Sangli - MPCB",17-04-2026 19:00,16.5038,74.3623,PM2.5,18,61,42
India,Maharashtra,Nashik,"Gangapur Road, Nashik - MPCB",17-04-2026 19:00,20.0073285,73.7762427,NH3,3,3,3
India,Maharashtra,Nashik,"Gangapur Road, Nashik - MPCB",17-04-2026 19:00,20.0073285,73.7762427,SO2,2,13,11
India,Maharashtra,Nashik,"Hirawadi, Nashik - MPCB",17-04-2026 19:00,20.021503,73.813844,NO2,1,15,6
India,Maharashtra,Nashik,"Hirawadi, Nashik - MPCB",17-04-2026 19:00,20.021503,73.813844,CO,14,26,16
India,Maharashtra,Nashik,"Hirawadi, Nashik - MPCB",17-04-2026 19:00,20.021503,73.813844,OZONE,18,74,66
India,Maharashtra,Nashik,"MIDC Ambad, Nashik - MPCB",17-04-2026 19:00,19.95022,73.73148,PM2.5,48,88,64
India,Maharashtra,Nashik,"MIDC Ambad, Nashik - MPCB",17-04-2026 19:00,19.95022,73.73148,SO2,4,19,13
India,Maharashtra,Nashik,"Pandav Nagari, Nashik - MPCB",17-04-2026 19:00,19.9591346,73.7788008,NO2,8,28,14
India,Maharashtra,Navi Mumbai,"Kopripada-Vashi, Navi Mumbai - MPCB",17-04-2026 19:00,19.090337,73.014232,NH3,NA,NA,NA
India,Maharashtra,Navi Mumbai,"Mahape, Navi Mumbai - MPCB",17-04-2026 19:00,19.1135051,73.008978,SO2,17,19,18
India,Maharashtra,Mumbai,"Colaba, Mumbai - MPCB",17-04-2026 19:00,18.91,72.82,PM10,7,34,17
India,Maharashtra,Mumbai,"Deonar, Mumbai - IITM",17-04-2026 19:00,19.04946,72.923,NO2,9,28,16
India,Maharashtra,Mumbai,"Deonar, Mumbai - IITM",17-04-2026 19:00,19.04946,72.923,SO2,2,5,3
India,Maharashtra,Mumbai,"Ghatkopar, Mumbai - BMC",17-04-2026 19:00,19.083694,72.920967,NO2,2,25,15
India,Maharashtra,Mumbai,"Ghatkopar, Mumbai - BMC",17-04-2026 19:00,19.083694,72.920967,NH3,6,24,11
India,Maharashtra,Mumbai,"Kandivali West, Mumbai - BMC",17-04-2026 19:00,19.215859,72.831718,NO2,NA,NA,NA
India,Maharashtra,Mumbai,"Kherwadi_Bandra East, Mumbai - MPCB",17-04-2026 19:00,19.0632143,72.8456324,PM10,39,101,69
India,Maharashtra,Mumbai,"Kherwadi_Bandra East, Mumbai - MPCB",17-04-2026 19:00,19.0632143,72.8456324,OZONE,1,52,36
India,Maharashtra,Mumbai,"Khindipada-Bhandup West, Mumbai - IITM",17-04-2026 19:00,19.1653323,72.922099,PM2.5,2,69,19
India,Maharashtra,Mumbai,"Borivali East, Mumbai - IITM",17-04-2026 19:00,19.23241,72.86895,CO,26,58,36
India,Maharashtra,Mumbai,"Borivali East, Mumbai - IITM",17-04-2026 19:00,19.23241,72.86895,OZONE,5,80,72
India,Maharashtra,Mumbai,"Borivali East, Mumbai - MPCB",17-04-2026 19:00,19.2243333,72.8658113,PM2.5,23,63,37
India,Maharashtra,Mumbai,"Borivali East, Mumbai - MPCB",17-04-2026 19:00,19.2243333,72.8658113,CO,12,18,14
India,Maharashtra,Mumbai,"Byculla, Mumbai - BMC",17-04-2026 19:00,18.9767,72.838,OZONE,4,43,34
India,Maharashtra,Mumbai,"Chakala-Andheri East, Mumbai - IITM",17-04-2026 19:00,19.11074,72.86084,SO2,1,19,6
India,Maharashtra,Mumbai,"Chembur, Mumbai - MPCB",17-04-2026 19:00,19.0364585,72.8954371,PM10,49,101,74
India,Maharashtra,Mumbai,"Chhatrapati Shivaji Intl. Airport (T2), Mumbai - MPCB",17-04-2026 19:00,19.10078,72.87462,NO2,25,26,26
India,Maharashtra,Mumbai,"Kurla, Mumbai - MPCB",17-04-2026 19:00,19.0863,72.8888,NH3,NA,NA,NA
India,Maharashtra,Mumbai,"Kurla, Mumbai - MPCB",17-04-2026 19:00,19.0863,72.8888,OZONE,28,29,29
India,Maharashtra,Mumbai,"Malad West, Mumbai - IITM",17-04-2026 19:00,19.19709,72.82204,PM2.5,8,83,35
India,Maharashtra,Mumbai,"Malad West, Mumbai - IITM",17-04-2026 19:00,19.19709,72.82204,NO2,25,48,32
India,Maharashtra,Mumbai,"Malad West, Mumbai - IITM",17-04-2026 19:00,19.19709,72.82204,CO,32,48,38
India,Maharashtra,Mumbai,"Mazgaon, Mumbai - IITM",17-04-2026 19:00,18.96702,72.84214,PM2.5,40,81,56
India,Maharashtra,Mumbai,"Mindspace-Malad West, Mumbai - MPCB",17-04-2026 19:00,19.1878657,72.8304069,SO2,2,6,4
India,Maharashtra,Mumbai,"Navy Nagar-Colaba, Mumbai - IITM",17-04-2026 19:00,18.897756,72.81332,PM10,47,125,76
India,Maharashtra,Mumbai,"Navy Nagar-Colaba, Mumbai - IITM",17-04-2026 19:00,18.897756,72.81332,CO,8,34,26
India,Maharashtra,Mumbai,"Sewri, Mumbai - BMC",17-04-2026 19:00,19.000084,72.85673,PM2.5,10,81,33
India,Maharashtra,Mumbai,"Shivaji Nagar, Mumbai - BMC",17-04-2026 19:00,19.060498,72.923356,PM2.5,16,60,36
India,Maharashtra,Mumbai,"Shivaji Nagar, Mumbai - BMC",17-04-2026 19:00,19.060498,72.923356,OZONE,2,43,27
India,Maharashtra,Mumbai,"Siddharth Nagar-Worli, Mumbai - IITM",17-04-2026 19:00,19.000083,72.813993,NH3,NA,NA,NA
India,Maharashtra,Mumbai,"Siddharth Nagar-Worli, Mumbai - IITM",17-04-2026 19:00,19.000083,72.813993,CO,12,66,51
India,Maharashtra,Mumbai,"Sion, Mumbai - MPCB",17-04-2026 19:00,19.047,72.8746,NH3,7,7,7
India,Maharashtra,Mumbai,"Worli, Mumbai -MPCB",17-04-2026 19:00,18.994218,72.8158167,PM2.5,8,100,49
India,Maharashtra,Mumbai,"Worli, Mumbai -MPCB",17-04-2026 19:00,18.994218,72.8158167,NO2,12,12,12
India,Maharashtra,Mumbai,"Worli, Mumbai -MPCB",17-04-2026 19:00,18.994218,72.8158167,SO2,24,29,26
India,Maharashtra,Nagpur,"Ambazari, Nagpur - MPCB",17-04-2026 19:00,21.121801,79.04952,PM10,69,156,100
India,Maharashtra,Nagpur,"Ambazari, Nagpur - MPCB",17-04-2026 19:00,21.121801,79.04952,SO2,6,93,25
India,Maharashtra,Nagpur,"Ambazari, Nagpur - MPCB",17-04-2026 19:00,21.121801,79.04952,OZONE,4,143,102
India,Maharashtra,Nagpur,"Mahal, Nagpur - MPCB",17-04-2026 19:00,21.14472,79.107595,PM10,45,136,90
India,Maharashtra,Nagpur,"Mahal, Nagpur - MPCB",17-04-2026 19:00,21.14472,79.107595,NO2,20,137,56
India,Maharashtra,Nagpur,"Mahal, Nagpur - MPCB",17-04-2026 19:00,21.14472,79.107595,NH3,5,35,14
India,Maharashtra,Nagpur,"Mahal, Nagpur - MPCB",17-04-2026 19:00,21.14472,79.107595,SO2,17,131,59
India,Maharashtra,Nagpur,"Ram Nagar, Nagpur - MPCB",17-04-2026 19:00,21.143383,79.048912,PM10,81,134,105
India,Maharashtra,Nashik,"Gangapur Road, Nashik - MPCB",17-04-2026 19:00,20.0073285,73.7762427,PM10,54,105,78
India,Maharashtra,Pimpri-Chinchwad,"Bhumkar Nagar, Pimpri-Chinchwad - IITM",17-04-2026 19:00,18.60577,73.749976,OZONE,1,102,69
India,Maharashtra,Pimpri-Chinchwad,"Park Street Wakad, Pimpri Chinchwad - MPCB",17-04-2026 19:00,18.59051,73.77946,PM2.5,41,94,57
India,Maharashtra,Pimpri-Chinchwad,"Park Street Wakad, Pimpri Chinchwad - MPCB",17-04-2026 19:00,18.59051,73.77946,PM10,78,476,117
India,Maharashtra,Pimpri-Chinchwad,"Savta Mali Nagar, Pimpri-Chinchwad - IITM",17-04-2026 19:00,18.614767,73.799516,PM2.5,18,78,54
India,Maharashtra,Pimpri-Chinchwad,"Thergaon, Pimpri Chinchwad - MPCB",17-04-2026 19:00,18.616318,73.765797,NO2,20,62,46
India,Maharashtra,Pune,"Dhankawadi, Pune - IITM",17-04-2026 19:00,18.459883,73.852193,PM2.5,24,175,54
India,Maharashtra,Navi Mumbai,"Sanpada, Navi Mumbai - MPCB",17-04-2026 19:00,19.0575752,73.0151367,NH3,2,14,6
India,Maharashtra,Navi Mumbai,"Tondare-Taloja, Navi Mumbai - MPCB",17-04-2026 19:00,19.063,73.1209,NH3,2,5,3
India,Maharashtra,Parbhani,"Masoom Colony, Parbhani - MPCB",17-04-2026 19:00,19.265594,76.761463,SO2,8,26,15
India,Maharashtra,Virar,"Bolinj, Virar - MPCB",17-04-2026 19:00,19.445821,72.7988231,NH3,2,21,8
India,Meghalaya,Byrnihat,"15th Mile-Nongthymmai, Byrnihat - Meghalaya PCB",17-04-2026 19:00,26.05374,91.86796,PM2.5,1,98,37
India,Meghalaya,Shillong,"JN Stadium, Shillong - Meghalaya PCB",17-04-2026 19:00,25.5803419,91.8942571,PM10,7,46,28
India,Meghalaya,Shillong,"Lumpyngngad, Shillong - Meghalaya PCB",17-04-2026 19:00,25.5586,91.8985,PM2.5,NA,NA,NA
India,Mizoram,Aizawl,"Sikulpuikawn, Aizawl - Mizoram PCB",17-04-2026 19:00,23.7176342,92.7192841,CO,3,4,3
India,Nagaland,Kohima,"PWD Junction, Kohima - NPCB",17-04-2026 19:00,25.6635413,94.0989878,PM10,25,68,39
India,Nagaland,Kohima,"PWD Junction, Kohima - NPCB",17-04-2026 19:00,25.6635413,94.0989878,SO2,21,37,26
India,Odisha,Angul,"Hakimapada, Angul - OSPCB",17-04-2026 19:00,20.832874,85.104082,PM2.5,2,229,70
India,Odisha,Angul,"Hakimapada, Angul - OSPCB",17-04-2026 19:00,20.832874,85.104082,PM10,2,122,48
India,Odisha,Angul,"Hakimapada, Angul - OSPCB",17-04-2026 19:00,20.832874,85.104082,NH3,2,4,3
India,Odisha,Angul,"Hakimapada, Angul - OSPCB",17-04-2026 19:00,20.832874,85.104082,CO,45,80,61
India,Odisha,Balasore,"Kalidaspur, Balasore - OSPCB",17-04-2026 19:00,21.51161,86.89088,NH3,1,6,2
India,Odisha,Balasore,"Kalidaspur, Balasore - OSPCB",17-04-2026 19:00,21.51161,86.89088,CO,36,48,42
India,Odisha,Barbil,"Forest Office, Barbil - OSPCB",17-04-2026 19:00,22.1166054,85.3945546,NO2,10,19,14
India,Odisha,Barbil,"Forest Office, Barbil - OSPCB",17-04-2026 19:00,22.1166054,85.3945546,NH3,1,2,2
India,Odisha,Barbil,"Forest Office, Barbil - OSPCB",17-04-2026 19:00,22.1166054,85.3945546,OZONE,11,111,82
India,Odisha,Baripada,"Meher Colony, Baripada - OSPCB",17-04-2026 19:00,21.941841,86.728318,PM2.5,11,48,30
India,Maharashtra,Solapur,"Dnyaneshwar Nagar, Solapur - MPCB",17-04-2026 19:00,17.6336264,75.9132495,PM2.5,45,82,56
India,Maharashtra,Solapur,"Dnyaneshwar Nagar, Solapur - MPCB",17-04-2026 19:00,17.6336264,75.9132495,NH3,NA,NA,NA
India,Maharashtra,Solapur,"Ratandeep Housing Society, Solapur - MPCB",17-04-2026 19:00,17.65439,75.90649,NO2,29,147,67
India,Maharashtra,Solapur,"Ratandeep Housing Society, Solapur - MPCB",17-04-2026 19:00,17.65439,75.90649,CO,18,102,31
India,Maharashtra,Thane,"Kasarvadavali, Thane - MPCB",17-04-2026 19:00,19.26777,72.97182,OZONE,2,45,32
India,Maharashtra,Thane,"Upvan Fort, Thane - MPCB",17-04-2026 19:00,19.222279,72.957979,PM2.5,50,112,71
India,Maharashtra,Thane,"Upvan Fort, Thane - MPCB",17-04-2026 19:00,19.222279,72.957979,OZONE,22,79,65
India,Maharashtra,Ulhasnagar,"Sidhi Vinayak Nagar, Ulhasnagar - MPCB",17-04-2026 19:00,19.235581,73.159121,CO,18,46,24
India,Odisha,Tensa,"Barsua Iron Ore Mines, Tensa - OSPCB",17-04-2026 19:00,21.869985,85.167016,PM2.5,28,91,47
India,Puducherry,Puducherry,"Jawahar Nagar, Puducherry - PPCC",17-04-2026 19:00,11.9309,79.8027,NH3,1,5,2
India,Punjab,Amritsar,"Golden Temple, Amritsar - PPCB",17-04-2026 19:00,31.62,74.876512,NO2,6,29,11
India,Punjab,Amritsar,"Golden Temple, Amritsar - PPCB",17-04-2026 19:00,31.62,74.876512,SO2,15,89,33
India,Punjab,Amritsar,"Golden Temple, Amritsar - PPCB",17-04-2026 19:00,31.62,74.876512,CO,25,120,46
India,Punjab,Amritsar,"Golden Temple, Amritsar - PPCB",17-04-2026 19:00,31.62,74.876512,OZONE,40,58,50
India,Punjab,Jalandhar,"Civil Line, Jalandhar - PPCB",17-04-2026 19:00,31.321907,75.578914,PM10,28,97,69
India,Rajasthan,Alwar,"Moti Doongri, Alwar - RSPCB",17-04-2026 19:00,27.554793,76.611536,SO2,10,29,19
India,Rajasthan,Banswara,"Rati Talai, Banswara - RSPCB",17-04-2026 19:00,23.55519,74.44001,NO2,7,26,15
India,Rajasthan,Banswara,"Rati Talai, Banswara - RSPCB",17-04-2026 19:00,23.55519,74.44001,SO2,1,21,6
India,Rajasthan,Banswara,"Rati Talai, Banswara - RSPCB",17-04-2026 19:00,23.55519,74.44001,OZONE,16,119,94
India,Rajasthan,Baran,"Bamboliya, Baran - RSPCB",17-04-2026 19:00,25.106006,76.469948,NO2,15,59,31
India,Rajasthan,Baran,"Bamboliya, Baran - RSPCB",17-04-2026 19:00,25.106006,76.469948,NH3,1,4,2
India,Rajasthan,Barmer,"Railway Colony, Barmer - RSPCB",17-04-2026 19:00,25.747299,71.393989,NO2,4,25,11
India,Rajasthan,Barmer,"Railway Colony, Barmer - RSPCB",17-04-2026 19:00,25.747299,71.393989,CO,7,32,10
India,Punjab,Khanna,"Kalal Majra, Khanna - PPCB",17-04-2026 19:00,30.736056,76.209694,PM2.5,37,75,59
India,Punjab,Khanna,"Kalal Majra, Khanna - PPCB",17-04-2026 19:00,30.736056,76.209694,NH3,7,8,7
India,Punjab,Khanna,"Kalal Majra, Khanna - PPCB",17-04-2026 19:00,30.736056,76.209694,CO,12,44,27
India,Punjab,Mandi Gobindgarh,"RIMT University, Mandi Gobindgarh - PPCB",17-04-2026 19:00,30.649961,76.331442,NH3,NA,NA,NA
India,Punjab,Patiala,"Model Town, Patiala - PPCB",17-04-2026 19:00,30.349388,76.366642,NO2,16,19,18
India,Punjab,Patiala,"Model Town, Patiala - PPCB",17-04-2026 19:00,30.349388,76.366642,CO,2,100,16
India,Rajasthan,Ajmer,"Civil Lines,  Ajmer - RSPCB",17-04-2026 19:00,26.470859,74.646594,NH3,3,4,4
India,Odisha,Rourkela,"Fertilizer Township, Rourkela - OSPCB",17-04-2026 19:00,22.18972222,84.86277778,PM10,68,75,70
India,Odisha,Rourkela,"Raghunathpali, Rourkela - OSPCB",17-04-2026 19:00,22.220833,84.809444,SO2,6,7,7
India,Odisha,Rourkela,"Sector-2, Rourkela - OSPCB",17-04-2026 19:00,22.245,84.88111111,PM2.5,39,59,56
India,Odisha,Suakati,"OMC Colony, Suakati - OSPCB",17-04-2026 19:00,21.606865,85.510538,NH3,NA,NA,NA
India,Odisha,Suakati,"OMC Colony, Suakati - OSPCB",17-04-2026 19:00,21.606865,85.510538,SO2,NA,NA,NA
India,Odisha,Suakati,"OMC Colony, Suakati - OSPCB",17-04-2026 19:00,21.606865,85.510538,CO,6,22,22
India,Odisha,Bileipada,"Tata Township, Bileipada - OSPCB",17-04-2026 19:00,22.06156703,85.47409613,PM2.5,40,301,126
India,Odisha,Bileipada,"Tata Township, Bileipada - OSPCB",17-04-2026 19:00,22.06156703,85.47409613,OZONE,14,18,17
India,Odisha,Cuttack,"CDA Area, Cuttack - OSPCB",17-04-2026 19:00,20.48891,85.84768,NH3,2,2,2
India,Odisha,Cuttack,"CDA Area, Cuttack - OSPCB",17-04-2026 19:00,20.48891,85.84768,CO,47,62,58
India,Odisha,Keonjhar,"Jagamohanpur, Keonjhar - OSPCB",17-04-2026 19:00,21.6439,85.599355,PM10,64,102,78
India,Odisha,Rairangpur,"Divisional Forest Office, Rairangpur - OSPCB",17-04-2026 19:00,22.265816,86.174829,NO2,11,12,11
India,Rajasthan,Dholpur,"Raja Ganj, Dholpur - RSPCB",17-04-2026 19:00,26.699557,77.898881,SO2,5,11,8
India,Rajasthan,Dungarpur,"Bhoiwada, Dungarpur - RSPCB",17-04-2026 19:00,23.837789,73.714926,CO,27,45,29
India,Rajasthan,Hanumangarh,"Housing Board, Hanumangarh - RSPCB",17-04-2026 19:00,29.61075,74.283608,PM10,102,436,193
India,Rajasthan,Hanumangarh,"Housing Board, Hanumangarh - RSPCB",17-04-2026 19:00,29.61075,74.283608,CO,18,103,39
India,Rajasthan,Hanumangarh,"Housing Board, Hanumangarh - RSPCB",17-04-2026 19:00,29.61075,74.283608,OZONE,9,129,90
India,Rajasthan,Jaipur,"Adarsh Nagar, Jaipur - RSPCB",17-04-2026 19:00,26.902909,75.836858,PM10,48,102,74
India,Rajasthan,Jaipur,"Adarsh Nagar, Jaipur - RSPCB",17-04-2026 19:00,26.902909,75.836858,CO,3,77,28
India,Rajasthan,Jaipur,"Mansarovar Sector-12, Jaipur - RSPCB",17-04-2026 19:00,26.843698,75.766894,PM10,82,231,132
India,Rajasthan,Jaipur,"Mansarovar Sector-12, Jaipur - RSPCB",17-04-2026 19:00,26.843698,75.766894,NH3,13,26,18
India,Rajasthan,Jaipur,"Mansarovar Sector-12, Jaipur - RSPCB",17-04-2026 19:00,26.843698,75.766894,SO2,4,12,7
India,Rajasthan,Jaipur,"Police Commissionerate, Jaipur - RSPCB",17-04-2026 19:00,26.9164092,75.7994901,CO,41,66,56
India,Rajasthan,Nagaur,"Karni Colony, Nagaur - RSPCB",17-04-2026 19:00,27.213494,73.734444,PM2.5,13,77,41
India,Rajasthan,Nagaur,"Karni Colony, Nagaur - RSPCB",17-04-2026 19:00,27.213494,73.734444,NH3,7,10,8
India,Rajasthan,Pali,"Indira Colony Vistar, Pali - RSPCB",17-04-2026 19:00,25.771061,73.340227,NO2,14,18,15
India,Rajasthan,Pali,"Indira Colony Vistar, Pali - RSPCB",17-04-2026 19:00,25.771061,73.340227,NH3,1,8,4
India,Rajasthan,Pratapgarh,"Pragati Nagar, Pratapgarh - RSPCB",17-04-2026 19:00,24.041198,74.780702,PM2.5,28,70,49
India,Rajasthan,Pratapgarh,"Pragati Nagar, Pratapgarh - RSPCB",17-04-2026 19:00,24.041198,74.780702,NO2,11,39,19
India,Rajasthan,Pratapgarh,"Pragati Nagar, Pratapgarh - RSPCB",17-04-2026 19:00,24.041198,74.780702,NH3,2,11,5
India,Rajasthan,Pratapgarh,"Pragati Nagar, Pratapgarh - RSPCB",17-04-2026 19:00,24.041198,74.780702,OZONE,19,89,79
India,Rajasthan,Rajsamand,"Dhoinda, Rajsamand - RSPCB",17-04-2026 19:00,25.03636,73.883502,CO,6,64,13
India,Rajasthan,Bhilwara,"Pratap Nagar, Bhilwara - RSPCB",17-04-2026 19:00,25.339605,74.618883,SO2,5,36,14
India,Rajasthan,Bhiwadi,"RIICO Ind. Area III, Bhiwadi - RSPCB",17-04-2026 19:00,28.194909,76.862296,SO2,1,60,14
India,Rajasthan,Bhiwadi,"RIICO Ind. Area III, Bhiwadi - RSPCB",17-04-2026 19:00,28.194909,76.862296,CO,8,174,85
India,Rajasthan,Bhiwadi,"RIICO Ind. Area III, Bhiwadi - RSPCB",17-04-2026 19:00,28.194909,76.862296,OZONE,6,50,32
India,Rajasthan,Bhiwadi,"Vasundhara Nagar_UIT, Bhiwadi - RSPCB",17-04-2026 19:00,28.207266,76.829265,PM2.5,20,398,187
India,Rajasthan,Bikaner,"MM Ground, Bikaner - RSPCB",17-04-2026 19:00,28.018792,73.292658,PM10,55,234,136
India,Rajasthan,Bikaner,"MM Ground, Bikaner - RSPCB",17-04-2026 19:00,28.018792,73.292658,NH3,4,9,8
India,Rajasthan,Bikaner,"MM Ground, Bikaner - RSPCB",17-04-2026 19:00,28.018792,73.292658,SO2,1,15,6
India,Rajasthan,Bikaner,"MM Ground, Bikaner - RSPCB",17-04-2026 19:00,28.018792,73.292658,OZONE,11,96,88
India,Rajasthan,Bundi,"New Colony, Bundi - RSPCB",17-04-2026 19:00,25.435774,75.644272,NH3,3,8,5
India,Rajasthan,Bundi,"New Colony, Bundi - RSPCB",17-04-2026 19:00,25.435774,75.644272,CO,13,47,14
India,Rajasthan,Chittorgarh,"Shastri Nagar, Chittorgarh - RSPCB",17-04-2026 19:00,24.892047,74.623527,NO2,3,100,35
India,Rajasthan,Churu,"Subash Chowk, Churu - RSPCB",17-04-2026 19:00,28.296139,74.961696,PM2.5,32,120,69
India,Rajasthan,Churu,"Subash Chowk, Churu - RSPCB",17-04-2026 19:00,28.296139,74.961696,OZONE,50,153,129
India,Rajasthan,Dausa,"Khatikan Mohalla, Dausa - RSPCB",17-04-2026 19:00,26.895552,76.334753,CO,14,101,39
India,Rajasthan,Sawai Madhopur,"Sahu Nagar, Sawai Madhopur - RSPCB",17-04-2026 19:00,26.031443,76.359327,NO2,7,87,29
India,Rajasthan,Sikar,"Radhakishan Pura, Sikar - RSPCB",17-04-2026 19:00,27.608912,75.153302,NH3,8,14,11
India,Rajasthan,Sikar,"Radhakishan Pura, Sikar - RSPCB",17-04-2026 19:00,27.608912,75.153302,OZONE,21,113,95
India,Rajasthan,Sirohi,"Vedhaynath Colony, Sirohi - RSPCB",17-04-2026 19:00,24.885261,72.857549,CO,1,42,13
India,Rajasthan,Sri Ganganagar,"Old City, Sri Ganganagar - RSPCB",17-04-2026 19:00,29.931624,73.864511,NH3,4,5,5
India,Rajasthan,Udaipur,"Ashok Nagar, Udaipur - RSPCB",17-04-2026 19:00,24.5886166,73.6321397,PM2.5,51,154,95
India,Rajasthan,Jhalawar,"Rajlaxmi Nagar, Jhalawar - RSPCB",17-04-2026 19:00,24.588397,76.172782,SO2,4,33,13
India,Rajasthan,Jhunjhunu,"Indra Nagar, Jhunjhunu - RSPCB",17-04-2026 19:00,28.108988,75.386577,NO2,10,110,40
India,Rajasthan,Jhunjhunu,"Indra Nagar, Jhunjhunu - RSPCB",17-04-2026 19:00,28.108988,75.386577,CO,16,60,21
India,Rajasthan,Jodhpur,"Collectorate, Jodhpur - RSPCB",17-04-2026 19:00,26.268249,73.0193853,SO2,2,13,6
India,Rajasthan,Jodhpur,"Digari Kalan, Jodhpur - RSPCB",17-04-2026 19:00,26.29581,73.082283,PM10,NA,NA,NA
India,Rajasthan,Jodhpur,"Mandor, Jodhpur - RSPCB",17-04-2026 19:00,26.358805,73.047444,PM2.5,8,63,36
India,Rajasthan,Jodhpur,"Mandor, Jodhpur - RSPCB",17-04-2026 19:00,26.358805,73.047444,NO2,3,98,15
India,Rajasthan,Jodhpur,"Samrat Ashok Udhyan, Jodhpur - RSPCB",17-04-2026 19:00,26.253384,72.976571,PM2.5,12,62,32
India,Rajasthan,Karauli,"Satyawati Vihar, Karauli - RSPCB",17-04-2026 19:00,26.506177,77.025989,PM10,79,285,132
India,Rajasthan,Kota,"Nayapura, Kota - RSPCB",17-04-2026 19:00,25.196024,75.855668,PM10,80,230,133
India,Rajasthan,Kota,"Nayapura, Kota - RSPCB",17-04-2026 19:00,25.196024,75.855668,NO2,23,160,75
India,Rajasthan,Kota,"Nayapura, Kota - RSPCB",17-04-2026 19:00,25.196024,75.855668,SO2,5,24,14
India,Rajasthan,Kota,"Nayapura, Kota - RSPCB",17-04-2026 19:00,25.196024,75.855668,OZONE,5,163,139
India,Rajasthan,Jalore,"Mudtra Sili, Jalore - RSPCB",17-04-2026 19:00,25.344694,72.626208,PM2.5,12,48,29
India,Rajasthan,Jalore,"Mudtra Sili, Jalore - RSPCB",17-04-2026 19:00,25.344694,72.626208,NO2,4,37,16
India,Rajasthan,Jhalawar,"Rajlaxmi Nagar, Jhalawar - RSPCB",17-04-2026 19:00,24.588397,76.172782,PM2.5,25,107,66
India,Rajasthan,Jhalawar,"Rajlaxmi Nagar, Jhalawar - RSPCB",17-04-2026 19:00,24.588397,76.172782,NO2,28,44,34
India,Rajasthan,Jhalawar,"Rajlaxmi Nagar, Jhalawar - RSPCB",17-04-2026 19:00,24.588397,76.172782,NH3,8,14,10
India,Rajasthan,Jaipur,"RIICO Sitapura, Jaipur - RSPCB",17-04-2026 19:00,26.786682,75.827928,NH3,1,3,2
India,Rajasthan,Jaipur,"Sector-2 Murlipura, Jaipur - RSPCB",17-04-2026 19:00,26.960669,75.771817,PM10,70,267,117
India,Rajasthan,Jaipur,"Sector-2 Murlipura, Jaipur - RSPCB",17-04-2026 19:00,26.960669,75.771817,SO2,5,24,10
India,Telangana,Hyderabad,"Ramachandrapuram, Hyderabad - TSPCB",17-04-2026 19:00,17.528544,78.286195,PM2.5,45,59,53
India,Telangana,Hyderabad,"Ramachandrapuram, Hyderabad - TSPCB",17-04-2026 19:00,17.528544,78.286195,NO2,11,17,15
India,Telangana,Hyderabad,"Sanathnagar, Hyderabad - TSPCB",17-04-2026 19:00,17.4559458,78.4332152,PM2.5,38,59,49
India,Telangana,Hyderabad,"Sanathnagar, Hyderabad - TSPCB",17-04-2026 19:00,17.4559458,78.4332152,CO,34,56,43
India,Telangana,Hyderabad,"Somajiguda, Hyderabad - TSPCB",17-04-2026 19:00,17.417094,78.457437,NO2,17,18,18
India,Telangana,Hyderabad,"Somajiguda, Hyderabad - TSPCB",17-04-2026 19:00,17.417094,78.457437,NH3,5,6,5
India,Telangana,Hyderabad,"Somajiguda, Hyderabad - TSPCB",17-04-2026 19:00,17.417094,78.457437,SO2,NA,NA,NA
India,Telangana,Hyderabad,"Zoo Park, Hyderabad - TSPCB",17-04-2026 19:00,17.349694,78.451437,PM2.5,37,158,72
India,Telangana,Hyderabad,"Zoo Park, Hyderabad - TSPCB",17-04-2026 19:00,17.349694,78.451437,PM10,50,140,94
India,Telangana,Hyderabad,"Zoo Park, Hyderabad - TSPCB",17-04-2026 19:00,17.349694,78.451437,NO2,5,12,8
India,Telangana,Hyderabad,"Zoo Park, Hyderabad - TSPCB",17-04-2026 19:00,17.349694,78.451437,NH3,3,3,3
India,TamilNadu,Chennai,"Perungudi, Chennai - TNPCB",17-04-2026 19:00,12.9533,80.2357,PM2.5,4,430,77
India,TamilNadu,Chennai,"Perungudi, Chennai - TNPCB",17-04-2026 19:00,12.9533,80.2357,OZONE,1,4,2
India,TamilNadu,Chennai,"Royapuram, Chennai - TNPCB",17-04-2026 19:00,13.1036,80.2909,NO2,11,16,14
India,TamilNadu,Chennai,"Royapuram, Chennai - TNPCB",17-04-2026 19:00,13.1036,80.2909,NH3,4,4,4
India,TamilNadu,Chennai,"Velachery Res. Area, Chennai - CPCB",17-04-2026 19:00,13.0052189,80.2398125,NO2,12,13,12
India,TamilNadu,Chennai,"Velachery Res. Area, Chennai - CPCB",17-04-2026 19:00,13.0052189,80.2398125,SO2,6,7,7
India,TamilNadu,Chennai,"Velachery Res. Area, Chennai - CPCB",17-04-2026 19:00,13.0052189,80.2398125,OZONE,8,12,12
India,TamilNadu,Coimbatore,"SIDCO Kurichi, Coimbatore - TNPCB",17-04-2026 19:00,10.942451,76.978996,NO2,11,25,13
India,TamilNadu,Gummidipoondi,"Anthoni Pillai Nagar, Gummidipoondi - TNPCB",17-04-2026 19:00,13.4127,80.1081,PM10,78,156,113
India,TamilNadu,Perundurai,"SIPCOT Industrial Park, Perundurai - TNPCB",17-04-2026 19:00,11.258242,77.552761,SO2,16,17,17
India,TamilNadu,Ramanathapuram,"Chalai Bazaar, Ramanathapuram - TNPCB",17-04-2026 19:00,9.36399,78.831977,PM10,31,85,49
India,TamilNadu,Ramanathapuram,"Chalai Bazaar, Ramanathapuram - TNPCB",17-04-2026 19:00,9.36399,78.831977,SO2,3,19,9
India,TamilNadu,Thoothukudi,"Meelavittan, Thoothukudi - TNPCB",17-04-2026 19:00,8.816428,78.099039,PM10,66,143,96
India,Telangana,Hyderabad,"Central University, Hyderabad - TSPCB",17-04-2026 19:00,17.460103,78.334361,PM10,NA,NA,NA
India,Telangana,Hyderabad,"ECIL Kapra, Hyderabad - TSPCB",17-04-2026 19:00,17.470431,78.566959,SO2,19,41,27
India,Telangana,Hyderabad,"ICRISAT Patancheru, Hyderabad - TSPCB",17-04-2026 19:00,17.5184,78.278777,PM10,52,157,70
India,Telangana,Hyderabad,"ICRISAT Patancheru, Hyderabad - TSPCB",17-04-2026 19:00,17.5184,78.278777,NH3,1,5,3
India,Telangana,Hyderabad,"ICRISAT Patancheru, Hyderabad - TSPCB",17-04-2026 19:00,17.5184,78.278777,OZONE,19,75,65
India,Telangana,Hyderabad,"IITH Kandi, Hyderabad - TSPCB",17-04-2026 19:00,17.585705,78.126199,CO,21,58,23
India,Telangana,Hyderabad,"Kokapet, Hyderabad - TSPCB",17-04-2026 19:00,17.393559,78.339194,PM2.5,54,70,62
India,Telangana,Hyderabad,"Kompally Municipal Office, Hyderabad - TSPCB",17-04-2026 19:00,17.544899,78.486949,PM2.5,41,58,51
India,Telangana,Hyderabad,"Nacharam_TSIIC IALA, Hyderabad - TSPCB",17-04-2026 19:00,17.429398,78.569354,PM2.5,56,71,61
India,Telangana,Hyderabad,"Nacharam_TSIIC IALA, Hyderabad - TSPCB",17-04-2026 19:00,17.429398,78.569354,NO2,13,18,15
India,Telangana,Hyderabad,"Nacharam_TSIIC IALA, Hyderabad - TSPCB",17-04-2026 19:00,17.429398,78.569354,NH3,4,7,6
India,Telangana,Hyderabad,"Nacharam_TSIIC IALA, Hyderabad - TSPCB",17-04-2026 19:00,17.429398,78.569354,CO,15,37,18
India,Uttar_Pradesh,Bareilly,"Rajendra Nagar, Bareilly - UPPCB",17-04-2026 19:00,28.38910936,79.42963708,NH3,1,1,1
India,Uttar_Pradesh,Bareilly,"Rajendra Nagar, Bareilly - UPPCB",17-04-2026 19:00,28.38910936,79.42963708,CO,42,85,45
India,Uttar_Pradesh,Bareilly,"Rajendra Nagar, Bareilly - UPPCB",17-04-2026 19:00,28.38910936,79.42963708,OZONE,1,50,30
India,Uttar_Pradesh,Firozabad,"Nagla Bhau, Firozabad - UPPCB",17-04-2026 19:00,27.168897,78.37696,CO,14,32,28
India,Uttar_Pradesh,Ghaziabad,"Govindpuram, Ghaziabad - UPPCB",17-04-2026 19:00,28.694528,77.494705,CO,NA,NA,NA
India,Uttar_Pradesh,Ghaziabad,"Indirapuram, Ghaziabad - UPPCB",17-04-2026 19:00,28.646233,77.358075,PM10,160,500,384
India,Uttar_Pradesh,Ghaziabad,"Indirapuram, Ghaziabad - UPPCB",17-04-2026 19:00,28.646233,77.358075,NO2,32,144,91
India,Uttar_Pradesh,Ghaziabad,"Indirapuram, Ghaziabad - UPPCB",17-04-2026 19:00,28.646233,77.358075,NH3,14,17,16
India,Uttar_Pradesh,Agra,"Sanjay Palace, Agra - UPPCB",17-04-2026 19:00,27.19865833,78.00598056,SO2,17,18,18
India,Uttar_Pradesh,Agra,"Sector-3B Avas Vikas Colony, Agra - UPPCB",17-04-2026 19:00,27.19412,77.96237,PM2.5,NA,NA,NA
India,Uttar_Pradesh,Agra,"Shastripuram, Agra - UPPCB",17-04-2026 19:00,27.19862,77.92066,PM2.5,22,160,65
India,Uttar_Pradesh,Baghpat,"Sardar Patel Inter College, Baghpat - UPPCB",17-04-2026 19:00,28.964949,77.278761,PM10,156,500,296
India,Uttar_Pradesh,Baghpat,"Sardar Patel Inter College, Baghpat - UPPCB",17-04-2026 19:00,28.964949,77.278761,NO2,13,49,28
India,Tripura,Agartala,"Bardowali, Agartala - Tripura SPCB",17-04-2026 19:00,23.8175497,91.2726974,NH3,2,7,3
India,Tripura,Agartala,"Bardowali, Agartala - Tripura SPCB",17-04-2026 19:00,23.8175497,91.2726974,OZONE,2,13,10
India,Uttar_Pradesh,Agra,"Manoharpur, Agra - UPPCB",17-04-2026 19:00,27.23711,78.01936,CO,20,22,21
India,Uttar_Pradesh,Agra,"Manoharpur, Agra - UPPCB",17-04-2026 19:00,27.23711,78.01936,OZONE,5,6,5
India,Uttar_Pradesh,Agra,"Rohta, Agra - UPPCB",17-04-2026 19:00,27.106972,78.000111,NO2,13,13,13
India,TamilNadu,Chennai,"Kodungaiyur, Chennai - TNPCB",17-04-2026 19:00,13.1278,80.2642,NO2,11,15,14
India,TamilNadu,Chennai,"Kodungaiyur, Chennai - TNPCB",17-04-2026 19:00,13.1278,80.2642,SO2,4,8,6
India,TamilNadu,Chennai,"Kodungaiyur, Chennai - TNPCB",17-04-2026 19:00,13.1278,80.2642,CO,24,34,31
India,TamilNadu,Chennai,"Kodungaiyur, Chennai - TNPCB",17-04-2026 19:00,13.1278,80.2642,OZONE,24,36,29
India,TamilNadu,Chennai,"Manali Village, Chennai - TNPCB",17-04-2026 19:00,13.1662,80.2584,SO2,11,18,15
India,TamilNadu,Perundurai,"SIPCOT Industrial Park, Perundurai - TNPCB",17-04-2026 19:00,11.258242,77.552761,PM2.5,7,75,56
India,Uttar_Pradesh,Vrindavan,"Omex Eternity, Vrindavan - UPPCB",17-04-2026 19:00,27.571409,77.655757,CO,12,43,18
India,Uttarakhand,Dehradun,"Doon University, Dehradun - UKPCB",17-04-2026 19:00,30.269444,78.044167,PM10,NA,NA,NA
India,Uttarakhand,Dehradun,"Doon University, Dehradun - UKPCB",17-04-2026 19:00,30.269444,78.044167,NO2,1,5,2
India,Uttarakhand,Kashipur,"Govt. Girls Inter College, Kashipur - UKPCB",17-04-2026 19:00,29.2124114,78.9611753,NO2,NA,NA,NA
India,Uttarakhand,Kashipur,"Govt. Girls Inter College, Kashipur - UKPCB",17-04-2026 19:00,29.2124114,78.9611753,NH3,NA,NA,NA
India,Uttarakhand,Rishikesh,"Shivaji Nagar, Rishikesh - UKPCB",17-04-2026 19:00,30.075911,78.2859547,NO2,22,28,23
India,Uttarakhand,Rishikesh,"Shivaji Nagar, Rishikesh - UKPCB",17-04-2026 19:00,30.075911,78.2859547,SO2,1,1,1
India,West_Bengal,Asansol,"Asansol Court Area, Asansol - WBPCB",17-04-2026 19:00,23.685297,86.945968,PM2.5,47,100,71
India,West_Bengal,Asansol,"Asansol Court Area, Asansol - WBPCB",17-04-2026 19:00,23.685297,86.945968,NO2,30,43,35
India,West_Bengal,Asansol,"Asansol Court Area, Asansol - WBPCB",17-04-2026 19:00,23.685297,86.945968,NH3,3,8,5
India,West_Bengal,Asansol,"Asansol Court Area, Asansol - WBPCB",17-04-2026 19:00,23.685297,86.945968,CO,20,72,33
India,West_Bengal,Asansol,"Evelyn Lodge, Asansol - WBPCB",17-04-2026 19:00,23.697936,86.944395,NO2,8,44,16
India,West_Bengal,Asansol,"Mahabir Colliery, Asansol - WBPCB",17-04-2026 19:00,23.618183,87.105718,PM10,52,108,68
India,Uttar_Pradesh,Prayagraj,"Nagar Nigam, Prayagraj - UPPCB",17-04-2026 19:00,25.44919916,81.82735986,CO,20,96,26
India,Uttar_Pradesh,Raebareli," Indira Nagar, Raebareli - NTPC Unchahar",17-04-2026 19:00,26.207781,81.245571,PM10,NA,NA,NA
India,Uttar_Pradesh,Raebareli," Indira Nagar, Raebareli - NTPC Unchahar",17-04-2026 19:00,26.207781,81.245571,CO,22,86,24
India,Uttar_Pradesh,Varanasi,"Ardhali Bazar, Varanasi - UPPCB",17-04-2026 19:00,25.3505986,82.9083074,PM10,99,170,130
India,Uttar_Pradesh,Varanasi,"Ardhali Bazar, Varanasi - UPPCB",17-04-2026 19:00,25.3505986,82.9083074,NO2,40,43,41
India,Uttar_Pradesh,Varanasi,"Bhelupur, Varanasi - UPPCB",17-04-2026 19:00,25.301778,82.996789,CO,12,82,18
India,Uttar_Pradesh,Varanasi,"IESD Banaras Hindu University, Varanasi - UPPCB",17-04-2026 19:00,25.262326,82.995408,SO2,22,31,25
India,Uttar_Pradesh,Varanasi,"Maldahiya, Varanasi - UPPCB",17-04-2026 19:00,25.32393,82.99687,PM2.5,51,318,153
India,Uttar_Pradesh,Varanasi,"Maldahiya, Varanasi - UPPCB",17-04-2026 19:00,25.32393,82.99687,CO,20,92,27
India,Uttar_Pradesh,Vrindavan,"Omex Eternity, Vrindavan - UPPCB",17-04-2026 19:00,27.571409,77.655757,PM2.5,12,93,43
India,Uttar_Pradesh,Vrindavan,"Omex Eternity, Vrindavan - UPPCB",17-04-2026 19:00,27.571409,77.655757,NO2,27,27,27
India,Uttar_Pradesh,Greater Noida,"Knowledge Park - III, Greater Noida - UPPCB",17-04-2026 19:00,28.47272,77.482,NO2,17,135,88
India,Uttar_Pradesh,Greater Noida,"Knowledge Park - III, Greater Noida - UPPCB",17-04-2026 19:00,28.47272,77.482,NH3,6,12,10
India,Uttar_Pradesh,Greater Noida,"Knowledge Park - V, Greater Noida - UPPCB",17-04-2026 19:00,28.557054,77.453663,PM2.5,58,431,276
India,Uttar_Pradesh,Greater Noida,"Knowledge Park - V, Greater Noida - UPPCB",17-04-2026 19:00,28.557054,77.453663,NH3,8,18,12
India,Uttar_Pradesh,Greater Noida,"Knowledge Park - V, Greater Noida - UPPCB",17-04-2026 19:00,28.557054,77.453663,SO2,14,30,22
India,Uttar_Pradesh,Greater Noida,"Knowledge Park - V, Greater Noida - UPPCB",17-04-2026 19:00,28.557054,77.453663,OZONE,3,145,100
India,Uttar_Pradesh,Hapur,"Anand Vihar, Hapur - UPPCB",17-04-2026 19:00,28.725645,77.749675,PM10,159,411,266
India,Uttar_Pradesh,Hapur,"Anand Vihar, Hapur - UPPCB",17-04-2026 19:00,28.725645,77.749675,NO2,110,133,121
India,Uttar_Pradesh,Hapur,"Anand Vihar, Hapur - UPPCB",17-04-2026 19:00,28.725645,77.749675,OZONE,9,74,63
India,Uttar_Pradesh,Jhansi,"Shivaji Nagar, Jhansi - UPPCB",17-04-2026 19:00,25.4547,78.6039,PM2.5,14,58,33
India,Uttar_Pradesh,Kanpur,"FTI Kidwai Nagar, Kanpur - UPPCB",17-04-2026 19:00,26.428282,80.327067,NH3,3,3,3
India,Uttar_Pradesh,Kanpur,"FTI Kidwai Nagar, Kanpur - UPPCB",17-04-2026 19:00,26.428282,80.327067,CO,34,62,34
India,Uttar_Pradesh,Moradabad,"Employment Office, Moradabad - UPPCB",17-04-2026 19:00,28.88528,78.7388,OZONE,16,98,61
India,Uttar_Pradesh,Moradabad,"Jigar Colony, Moradabad - UPPCB",17-04-2026 19:00,28.856664,78.772638,PM10,89,174,123
India,Uttar_Pradesh,Moradabad,"Kashiram Nagar, Moradabad - UPPCB",17-04-2026 19:00,28.849399,78.742362,PM10,65,166,119
India,Uttar_Pradesh,Moradabad,"Kashiram Nagar, Moradabad - UPPCB",17-04-2026 19:00,28.849399,78.742362,NO2,25,25,25
India,Uttar_Pradesh,Moradabad,"Kashiram Nagar, Moradabad - UPPCB",17-04-2026 19:00,28.849399,78.742362,OZONE,4,132,96
India,Uttar_Pradesh,Moradabad,"Transport Nagar, Moradabad - UPPCB",17-04-2026 19:00,28.802625,78.753728,PM2.5,10,291,86
India,Uttar_Pradesh,Muzaffarnagar,"New Mandi, Muzaffarnagar - UPPCB",17-04-2026 19:00,29.4723508,77.7194031,OZONE,1,176,122
India,Uttar_Pradesh,Noida,"Sector - 125, Noida - UPPCB",17-04-2026 19:00,28.5447608,77.3231257,PM2.5,65,464,267
India,Uttar_Pradesh,Noida,"Sector - 125, Noida - UPPCB",17-04-2026 19:00,28.5447608,77.3231257,NO2,22,141,79
India,Uttar_Pradesh,Noida,"Sector - 125, Noida - UPPCB",17-04-2026 19:00,28.5447608,77.3231257,NH3,1,14,8
India,Uttar_Pradesh,Kanpur,"NSI Kalyanpur, Kanpur - UPPCB",17-04-2026 19:00,26.509954,80.249612,CO,11,100,22
India,Uttar_Pradesh,Kanpur,"Nehru Nagar, Kanpur - UPPCB",17-04-2026 19:00,26.4703136,80.3229863,PM2.5,42,500,189
India,Uttar_Pradesh,Kanpur,"Nehru Nagar, Kanpur - UPPCB",17-04-2026 19:00,26.4703136,80.3229863,NO2,40,48,44
India,Uttar_Pradesh,Kanpur,"Nehru Nagar, Kanpur - UPPCB",17-04-2026 19:00,26.4703136,80.3229863,SO2,2,24,11
India,Uttar_Pradesh,Kanpur,"Nehru Nagar, Kanpur - UPPCB",17-04-2026 19:00,26.4703136,80.3229863,CO,7,101,62
India,Uttar_Pradesh,Khora,"Prashant Garden, Khora - UPPCB",17-04-2026 19:00,28.61119,77.34206,PM2.5,343,415,380
India,Uttar_Pradesh,Lucknow,"B R Ambedkar University, Lucknow - UPPCB",17-04-2026 19:00,26.766433,80.927299,NO2,12,12,12
India,Uttar_Pradesh,Lucknow,"B R Ambedkar University, Lucknow - UPPCB",17-04-2026 19:00,26.766433,80.927299,NH3,4,6,4
India,Uttar_Pradesh,Lucknow,"Gomti Nagar, Lucknow - UPPCB",17-04-2026 19:00,26.86812,81.005119,OZONE,38,52,50
India,Uttar_Pradesh,Noida,"Sector - 62, Noida - IMD",17-04-2026 19:00,28.6245479,77.3577104,PM2.5,45,352,235
India,Uttar_Pradesh,Noida,"Sector-1, Noida - UPPCB",17-04-2026 19:00,28.5898,77.3101,PM2.5,88,327,230
India,Uttar_Pradesh,Noida,"Sector-1, Noida - UPPCB",17-04-2026 19:00,28.5898,77.3101,NH3,9,17,12
India,Uttar_Pradesh,Noida,"Sector-116, Noida - UPPCB",17-04-2026 19:00,28.56923,77.393848,PM2.5,70,379,263
India,Uttar_Pradesh,Noida,"Sector-116, Noida - UPPCB",17-04-2026 19:00,28.56923,77.393848,NO2,42,147,105
India,Uttar_Pradesh,Prayagraj,"Jhunsi, Prayagraj - UPPCB",17-04-2026 19:00,25.425602,81.917152,SO2,25,102,64
India,Uttar_Pradesh,Prayagraj,"Motilal Nehru NIT, Prayagraj - UPPCB",17-04-2026 19:00,25.494,81.863,SO2,25,30,27
India,Uttar_Pradesh,Prayagraj,"Motilal Nehru NIT, Prayagraj - UPPCB",17-04-2026 19:00,25.494,81.863,CO,14,40,20
India,Uttar_Pradesh,Ghaziabad,"Loni, Ghaziabad - UPPCB",17-04-2026 19:00,28.757294,77.278792,NO2,18,156,80
India,Uttar_Pradesh,Ghaziabad,"Sanjay Nagar, Ghaziabad - UPPCB",17-04-2026 19:00,28.685382,77.453839,PM10,141,497,318
India,Uttar_Pradesh,Ghaziabad,"Vasundhara, Ghaziabad - UPPCB",17-04-2026 19:00,28.6603346,77.3572563,NH3,9,15,11
India,Uttar_Pradesh,Ghaziabad,"Ved Vihar-Loni, Ghaziabad - UPPCB",17-04-2026 19:00,28.739153,77.273668,PM2.5,242,494,383
India,Uttar_Pradesh,Ghaziabad,"Ved Vihar-Loni, Ghaziabad - UPPCB",17-04-2026 19:00,28.739153,77.273668,PM10,180,500,401
India,Uttar_Pradesh,Gorakhpur,"Madan Mohan Malaviya University of Technology, Gorakhpur - UPPCB",17-04-2026 19:00,26.730136,83.433859,CO,3,5,4
India,Uttar_Pradesh,Lucknow,"Kendriya Vidyalaya, Lucknow - CPCB",17-04-2026 19:00,26.906111,80.948222,OZONE,10,25,18
India,Uttar_Pradesh,Lucknow,"Kukrail Picnic Spot-1, Lucknow - UPPCB",17-04-2026 19:00,26.90723,80.98579,SO2,21,24,22
India,Uttar_Pradesh,Lucknow,"Kukrail Picnic Spot-1, Lucknow - UPPCB",17-04-2026 19:00,26.90723,80.98579,OZONE,8,40,36
India,Uttar_Pradesh,Lucknow,"Lalbagh, Lucknow - CPCB",17-04-2026 19:00,26.8458805,80.9365541,OZONE,2,95,73
India,Uttar_Pradesh,Lucknow,"Talkatora District Industries Center, Lucknow - CPCB",17-04-2026 19:00,26.83399722,80.8917361,PM2.5,180,334,280
India,Uttar_Pradesh,Lucknow,"Talkatora District Industries Center, Lucknow - CPCB",17-04-2026 19:00,26.83399722,80.8917361,NO2,52,59,55
India,Uttar_Pradesh,Meerut,"MIET College, Meerut - UPPCB",17-04-2026 19:00,28.972677,77.641018,NO2,NA,NA,NA
India,Uttar_Pradesh,Meerut,"MIET College, Meerut - UPPCB",17-04-2026 19:00,28.972677,77.641018,NH3,NA,NA,NA
India,Uttar_Pradesh,Meerut,"Pallavpuram Phase 2, Meerut - UPPCB",17-04-2026 19:00,29.06351,77.709723,NO2,27,136,76
India,Uttar_Pradesh,Modinagar,"SRM University, Modinagar - UPPCB",17-04-2026 19:00,28.798171,77.540243,PM2.5,102,385,310
India,Uttar_Pradesh,Modinagar,"SRM University, Modinagar - UPPCB",17-04-2026 19:00,28.798171,77.540243,CO,26,102,60
India,West_Bengal,Asansol,"Mahabir Colliery, Asansol - WBPCB",17-04-2026 19:00,23.618183,87.105718,OZONE,5,44,35
India,West_Bengal,Asansol,"Trivenidevi Bhalotia College, Asansol - WBPCB",17-04-2026 19:00,23.616515,87.119133,PM10,37,82,51
India,West_Bengal,Barrackpore,"SVSPA Campus, Barrackpore - WBPCB",17-04-2026 19:00,22.7605581,88.3617589,PM2.5,14,51,33
India,West_Bengal,Durgapur,"Mahishkapur Road_B-Zone, Durgapur - WBPCB",17-04-2026 19:00,23.567923,87.306843,PM2.5,25,48,39
India,West_Bengal,Durgapur,"Mahishkapur Road_B-Zone, Durgapur - WBPCB",17-04-2026 19:00,23.567923,87.306843,NO2,1,14,5
India,West_Bengal,Durgapur,"PCBL Residential Complex, Durgapur - WBPCB",17-04-2026 19:00,23.508764,87.35444,PM2.5,34,59,43
India,West_Bengal,Durgapur,"PCBL Residential Complex, Durgapur - WBPCB",17-04-2026 19:00,23.508764,87.35444,NO2,24,48,32
India,West_Bengal,Durgapur,"Womens College_City Center, Durgapur - WBPCB",17-04-2026 19:00,23.549395,87.300496,CO,20,42,28
India,West_Bengal,Haldia,"Priyambada Housing Estate, Haldia - WBPCB",17-04-2026 19:00,22.06047,88.109737,PM10,37,72,53
India,West_Bengal,Howrah,"Belur Math, Howrah - WBPCB",17-04-2026 19:00,22.629801,88.352017,NO2,21,60,35
India,West_Bengal,Howrah,"Dasnagar, Howrah - WBPCB",17-04-2026 19:00,22.6025571,88.3105664,PM10,24,70,43
India,West_Bengal,Howrah,"Ghusuri, Howrah - WBPCB",17-04-2026 19:00,22.611968,88.347422,SO2,11,15,13
India,West_Bengal,Howrah,"Padmapukur, Howrah - WBPCB",17-04-2026 19:00,22.5687319,88.2797276,CO,20,52,33
India,West_Bengal,Kolkata,"Ballygunge, Kolkata - WBPCB",17-04-2026 19:00,22.5367507,88.3638022,PM10,21,48,34
India,West_Bengal,Kolkata,"Ballygunge, Kolkata - WBPCB",17-04-2026 19:00,22.5367507,88.3638022,NO2,14,22,17
India,West_Bengal,Kolkata,"Ballygunge, Kolkata - WBPCB",17-04-2026 19:00,22.5367507,88.3638022,CO,12,20,18
India,West_Bengal,Kolkata,"Bidhannagar, Kolkata - WBPCB",17-04-2026 19:00,22.58157048,88.41002457,SO2,1,61,17
India,West_Bengal,Kolkata,"Jadavpur, Kolkata - WBPCB",17-04-2026 19:00,22.49929,88.36917,CO,18,24,20
India,West_Bengal,Kolkata,"Rabindra Bharati University, Kolkata - WBPCB",17-04-2026 19:00,22.627847,88.380669,NO2,23,63,36
India,West_Bengal,Kolkata,"Rabindra Sarobar, Kolkata - WBPCB",17-04-2026 19:00,22.51106,88.35142,OZONE,8,22,18
India,West_Bengal,Kolkata,"Victoria, Kolkata - WBPCB",17-04-2026 19:00,22.5448082,88.3403691,SO2,9,49,16
India,West_Bengal,Siliguri,"Ward-32 Bapupara, Siliguri - WBPCB",17-04-2026 19:00,26.6879226,88.4152495,CO,29,62,37
India,West_Bengal,Siliguri,"Ward-32 Bapupara, Siliguri - WBPCB",17-04-2026 19:00,26.6879226,88.4152495,OZONE,30,70,65
India,Arunachal_Pradesh,Naharlagun,"Naharlagun, Naharlagun - APSPCB",17-04-2026 19:00,27.103358,93.679645,PM10,48,140,74
India,Assam,Byrnihat,"Central Academy for SFS, Byrnihat - PCBA",17-04-2026 19:00,26.071318,91.87488,PM10,55,193,103
India,Assam,Byrnihat,"Central Academy for SFS, Byrnihat - PCBA",17-04-2026 19:00,26.071318,91.87488,NH3,4,4,4
India,Assam,Guwahati,"IITG, Guwahati - PCBA",17-04-2026 19:00,26.2028636,91.70046436,PM10,31,54,40
India,Assam,Guwahati,"IITG, Guwahati - PCBA",17-04-2026 19:00,26.2028636,91.70046436,CO,6,11,7
India,Assam,Guwahati,"LGBI Airport, Guwahati - PCBA",17-04-2026 19:00,26.10887,91.589544,PM10,29,53,39
India,Assam,Guwahati,"LGBI Airport, Guwahati - PCBA",17-04-2026 19:00,26.10887,91.589544,NO2,13,178,24
India,Assam,Guwahati,"LGBI Airport, Guwahati - PCBA",17-04-2026 19:00,26.10887,91.589544,OZONE,11,14,12
India,Assam,Nagaon,"Christianpatty, Nagaon - PCBA",17-04-2026 19:00,26.349082,92.68449,PM10,29,83,54
India,Bihar,Patna,"Rajbansi Nagar, Patna - BSPCB",17-04-2026 19:00,25.599486,85.113666,NO2,29,33,31
India,Bihar,Patna,"Samanpura, Patna - BSPCB",17-04-2026 19:00,25.596727,85.085624,PM2.5,48,64,57
India,Bihar,Patna,"Samanpura, Patna - BSPCB",17-04-2026 19:00,25.596727,85.085624,PM10,61,101,82
India,Bihar,Patna,"Samanpura, Patna - BSPCB",17-04-2026 19:00,25.596727,85.085624,NO2,31,42,34
India,Bihar,Patna,"Samanpura, Patna - BSPCB",17-04-2026 19:00,25.596727,85.085624,NH3,7,16,11
India,Bihar,Patna,"Samanpura, Patna - BSPCB",17-04-2026 19:00,25.596727,85.085624,CO,86,104,99
India,Bihar,Purnia,"Mariam Nagar, Purnia - BSPCB",17-04-2026 19:00,25.366336,87.117468,OZONE,5,81,39
India,Bihar,Rajgir,"Dangi Tola, Rajgir - BSPCB",17-04-2026 19:00,25.0328,85.41948,NO2,NA,NA,NA
India,Bihar,Samastipur,"DM Office_Kasipur, Samastipur - BSPCB",17-04-2026 19:00,25.859655,85.77944,PM2.5,NA,NA,NA
India,Andhra_Pradesh,Guntur,"Rajendra Nagar North, Guntur - APPCB",17-04-2026 19:00,16.316553,80.413302,OZONE,30,64,45
India,Andhra_Pradesh,Machilipatnam,"Srinivas Nagar Colony, Machilipatnam - APPCB",17-04-2026 19:00,16.186555,81.13219,PM10,47,65,61
India,Andhra_Pradesh,Machilipatnam,"Srinivas Nagar Colony, Machilipatnam - APPCB",17-04-2026 19:00,16.186555,81.13219,NH3,3,5,4
India,Andhra_Pradesh,Nellore,"Ambedkar Nagar, Nellore - APPCB ",17-04-2026 19:00,14.438164,79.966814,PM2.5,30,75,42
India,Andhra_Pradesh,Nellore,"Ambedkar Nagar, Nellore - APPCB ",17-04-2026 19:00,14.438164,79.966814,PM10,23,75,46
India,Andhra_Pradesh,Nellore,"Ambedkar Nagar, Nellore - APPCB ",17-04-2026 19:00,14.438164,79.966814,SO2,7,19,10
India,Andhra_Pradesh,Rajamahendravaram,"Anand Kala Kshetram, Rajamahendravaram - APPCB",17-04-2026 19:00,16.9872867,81.7363176,NO2,NA,NA,NA
India,Bihar,Buxar,"Charitra Van, Buxar - BSPCB",17-04-2026 19:00,25.56752,83.966379,PM10,41,77,57
India,Bihar,Buxar,"Charitra Van, Buxar - BSPCB",17-04-2026 19:00,25.56752,83.966379,CO,20,29,25
India,Bihar,Chhapra,"Darshan Nagar, Chhapra - BSPCB",17-04-2026 19:00,25.7808257,84.7446768,CO,7,20,16
India,Bihar,Gaya,"Kareemganj, Gaya - BSPCB",17-04-2026 19:00,24.792403,84.992416,PM2.5,27,335,170
India,Bihar,Gaya,"Kareemganj, Gaya - BSPCB",17-04-2026 19:00,24.792403,84.992416,PM10,98,341,160
India,Bihar,Gaya,"SFTI Kusdihra, Gaya - BSPCB",17-04-2026 19:00,24.762518,84.982348,CO,9,59,19
India,Bihar,Hajipur,"Industrial Area, Hajipur - BSPCB",17-04-2026 19:00,25.697189,85.2459,OZONE,18,120,95
India,Bihar,Muzaffarpur,"MIT-Daudpur Kothi, Muzaffarpur - BSPCB",17-04-2026 19:00,26.1403345,85.3650192,PM2.5,63,88,71
India,Bihar,Muzaffarpur,"MIT-Daudpur Kothi, Muzaffarpur - BSPCB",17-04-2026 19:00,26.1403345,85.3650192,SO2,6,17,12
India,Bihar,Patna,"DRM Office Danapur, Patna - BSPCB",17-04-2026 19:00,25.586562,85.043586,PM2.5,21,176,54
India,Bihar,Patna,"DRM Office Danapur, Patna - BSPCB",17-04-2026 19:00,25.586562,85.043586,PM10,78,109,90
India,Bihar,Patna,"Govt. High School Shikarpur, Patna - BSPCB",17-04-2026 19:00,25.592539,85.227158,SO2,8,10,9
India,Bihar,Patna,"Muradpur, Patna - BSPCB",17-04-2026 19:00,25.619651,85.147382,PM2.5,38,251,112
India,Bihar,Patna,"Muradpur, Patna - BSPCB",17-04-2026 19:00,25.619651,85.147382,NO2,10,11,11
India,Bihar,Katihar,"Mirchaibari, Katihar - BSPCB",17-04-2026 19:00,25.560083,87.553265,NH3,1,1,1
India,Bihar,Kishanganj,"SDM Office_Khagra, Kishanganj - BSPCB",17-04-2026 19:00,26.0881305,87.93840336,SO2,7,10,9
India,Bihar,Manguraha,"Forest Rest House, Manguraha - BSPCB",17-04-2026 19:00,27.308328,84.531742,PM2.5,7,500,197
India,Bihar,Munger,"Town Hall, Munger - BSPCB",17-04-2026 19:00,25.376776,86.471523,NO2,4,5,5
India,Bihar,Muzaffarpur,"Buddha Colony, Muzaffarpur - BSPCB",17-04-2026 19:00,26.11442,85.39813,PM2.5,74,122,91
India,Bihar,Muzaffarpur,"Buddha Colony, Muzaffarpur - BSPCB",17-04-2026 19:00,26.11442,85.39813,SO2,4,9,5
India,Andhra_Pradesh,Vijayawada,"HB Colony, Vijayawada - APPCB",17-04-2026 19:00,16.536107,80.594233,NO2,15,25,17
India,Andhra_Pradesh,Vijayawada,"HB Colony, Vijayawada - APPCB",17-04-2026 19:00,16.536107,80.594233,NH3,4,6,4
India,Andhra_Pradesh,Vijayawada,"HB Colony, Vijayawada - APPCB",17-04-2026 19:00,16.536107,80.594233,SO2,6,20,13
India,Andhra_Pradesh,Vijayawada,"Kanuru, Vijayawada - APPCB",17-04-2026 19:00,16.486692,80.699436,PM10,42,77,51
India,Andhra_Pradesh,Visakhapatnam,"GVM Corporation, Visakhapatnam - APPCB",17-04-2026 19:00,17.72,83.3,PM2.5,11,75,29
India,Andhra_Pradesh,Anantapur,"Gulzarpet, Anantapur - APPCB",17-04-2026 19:00,14.675886,77.593027,PM10,53,171,78
India,Andhra_Pradesh,Chittoor,"Gangineni Cheruvu, Chittoor - APPCB",17-04-2026 19:00,13.20488,79.097889,PM10,40,74,51
India,Andhra_Pradesh,Eluru,"District Court, Eluru - APPCB",17-04-2026 19:00,16.711754,81.092095,NO2,7,21,12
India,Andhra_Pradesh,Eluru,"District Court, Eluru - APPCB",17-04-2026 19:00,16.711754,81.092095,SO2,8,13,9
India,Assam,Nagaon,"Christianpatty, Nagaon - PCBA",17-04-2026 19:00,26.349082,92.68449,OZONE,9,13,11
India,Assam,Nalbari,"Bata Chowk, Nalbari - PCBA",17-04-2026 19:00,26.446912,91.439057,NO2,14,16,15
India,Assam,Nalbari,"Bata Chowk, Nalbari - PCBA",17-04-2026 19:00,26.446912,91.439057,SO2,5,8,8
India,Assam,Sivasagar,"Girls College, Sivasagar - PCBA",17-04-2026 19:00,26.987634,94.636574,NH3,5,9,7
India,Bihar,Aurangabad,"Gurdeo Nagar, Aurangabad - BSPCB",17-04-2026 19:00,24.75746,84.366208,CO,73,103,102
India,Bihar,Bhagalpur,"DM Office_Kachari Chowk, Bhagalpur - BSPCB",17-04-2026 19:00,25.251013,86.989001,PM2.5,38,78,53
India,Bihar,Bhagalpur,"DM Office_Kachari Chowk, Bhagalpur - BSPCB",17-04-2026 19:00,25.251013,86.989001,NO2,9,13,11
India,Chhattisgarh,Bhilai,"32Bungalows, Bhilai - CECB",17-04-2026 19:00,21.194815,81.31477,CO,14,35,17
India,Chhattisgarh,Bhilai,"Civic Center, Bhilai - Bhilai Steel Plant",17-04-2026 19:00,21.185571,81.343175,NO2,13,14,13
India,Chhattisgarh,Bhilai,"Civic Center, Bhilai - Bhilai Steel Plant",17-04-2026 19:00,21.185571,81.343175,CO,20,32,22
India,Chhattisgarh,Bhilai,"Civic Center, Bhilai - Bhilai Steel Plant",17-04-2026 19:00,21.185571,81.343175,OZONE,10,18,16
India,Chhattisgarh,Bhilai,"Hathkhoj, Bhilai - CECB",17-04-2026 19:00,21.224231,81.40835,PM10,37,102,60
India,Chhattisgarh,Bilaspur,"Mangala, Bilaspur - NTPC",17-04-2026 19:00,22.08815,82.13737,NO2,26,182,51
India,Chhattisgarh,Chhal,"Nawapara SECL Colony, Chhal - CECB",17-04-2026 19:00,22.118125,83.140608,PM2.5,66,100,78
India,Chhattisgarh,Chhal,"Nawapara SECL Colony, Chhal - CECB",17-04-2026 19:00,22.118125,83.140608,NO2,5,33,15
India,Chhattisgarh,Chhal,"Nawapara SECL Colony, Chhal - CECB",17-04-2026 19:00,22.118125,83.140608,OZONE,4,23,9
India,Chhattisgarh,Korba,"Rampur, Korba - CECB",17-04-2026 19:00,22.368195,82.746431,NH3,1,1,1
India,Delhi,Delhi,"Aya Nagar, Delhi - IMD",17-04-2026 19:00,28.4706914,77.1099364,PM10,105,337,210
India,Delhi,Delhi,"Aya Nagar, Delhi - IMD",17-04-2026 19:00,28.4706914,77.1099364,NO2,28,99,56
India,Delhi,Delhi,"Aya Nagar, Delhi - IMD",17-04-2026 19:00,28.4706914,77.1099364,OZONE,5,88,73
India,Delhi,Delhi,"Bawana, Delhi - DPCC",17-04-2026 19:00,28.7762,77.051074,NH3,5,7,6
India,Delhi,Delhi,"Burari Crossing, Delhi - IMD",17-04-2026 19:00,28.7256504,77.2011573,PM10,142,439,298
India,Delhi,Delhi,"CRRI Mathura Road, Delhi - IMD",17-04-2026 19:00,28.5512005,77.2735737,CO,32,160,62
India,Delhi,Delhi,"Cantonment Area, Delhi - DPCC ",17-04-2026 19:00,28.594169,77.1251,NH3,5,21,11
India,Delhi,Delhi,"Chandni Chowk, Delhi - IITM",17-04-2026 19:00,28.656756,77.227234,PM2.5,61,335,201
India,Delhi,Delhi,"Commonwealth Sports Complex, Delhi - DPCC",17-04-2026 19:00,28.615828,77.271992,OZONE,2,303,212
India,Delhi,Delhi,"DTU, Delhi - CPCB",17-04-2026 19:00,28.7500499,77.1112615,PM10,118,458,287
India,Delhi,Delhi,"Dr. Karni Singh Shooting Range, Delhi - DPCC",17-04-2026 19:00,28.498571,77.26484,PM10,123,278,268
India,Delhi,Delhi,"Dr. Karni Singh Shooting Range, Delhi - DPCC",17-04-2026 19:00,28.498571,77.26484,CO,32,101,55
India,Delhi,Delhi,"Dwarka-Sector 8, Delhi - DPCC ",17-04-2026 19:00,28.5710274,77.0719006,NO2,40,168,127
India,Delhi,Delhi,"Dwarka-Sector 8, Delhi - DPCC ",17-04-2026 19:00,28.5710274,77.0719006,SO2,18,41,28
India,Delhi,Delhi,"Dwarka-Sector 8, Delhi - DPCC ",17-04-2026 19:00,28.5710274,77.0719006,CO,52,153,78
India,Delhi,Delhi,"Dwarka-Sector 8, Delhi - DPCC ",17-04-2026 19:00,28.5710274,77.0719006,OZONE,10,70,49
India,Chhattisgarh,Korba,"Urja Nagar, Korba - CECB",17-04-2026 19:00,22.348441,82.549611,PM2.5,13,18,14
India,Chhattisgarh,Kunjemura,"OP Jindal School, Kunjemura - CECB",17-04-2026 19:00,22.12665,83.483212,NO2,11,62,27
India,Chhattisgarh,Kunjemura,"OP Jindal School, Kunjemura - CECB",17-04-2026 19:00,22.12665,83.483212,NH3,2,2,2
India,Chhattisgarh,Milupara,"Govt. Higher Secondary School, Milupara - CECB",17-04-2026 19:00,22.1910172,83.5197009,PM2.5,NA,NA,NA
India,Chhattisgarh,Raipur,"Bhatagaon New ISBT, Raipur - CECB",17-04-2026 19:00,21.219665,81.630094,PM2.5,31,62,46
India,Chhattisgarh,Raipur,"Bhatagaon New ISBT, Raipur - CECB",17-04-2026 19:00,21.219665,81.630094,OZONE,3,19,14
India,Chhattisgarh,Raipur,"Krishak Nagar, Raipur - CECB",17-04-2026 19:00,21.237755,81.705301,PM2.5,38,187,83
India,Bihar,Samastipur,"DM Office_Kasipur, Samastipur - BSPCB",17-04-2026 19:00,25.859655,85.77944,CO,10,102,25
India,Bihar,Sasaram,"Dada Peer, Sasaram - BSPCB",17-04-2026 19:00,24.952822,84.002396,PM2.5,19,69,41
India,Bihar,Sasaram,"Dada Peer, Sasaram - BSPCB",17-04-2026 19:00,24.952822,84.002396,NH3,2,11,4
India,Bihar,Sasaram,"Dada Peer, Sasaram - BSPCB",17-04-2026 19:00,24.952822,84.002396,SO2,NA,NA,NA
India,Bihar,Siwan,"Chitragupta Nagar, Siwan - BSPCB",17-04-2026 19:00,26.2271665,84.3570427,PM2.5,12,72,35
India,Chandigarh,Chandigarh,"Sector-53, Chandigarh - CPCC",17-04-2026 19:00,30.719859,76.738637,SO2,6,6,6
India,Chandigarh,Chandigarh,"Sector-53, Chandigarh - CPCC",17-04-2026 19:00,30.719859,76.738637,OZONE,2,65,54
India,Chhattisgarh,Raipur,"Siltara Phase-II, Raipur - CECB",17-04-2026 19:00,21.371751,81.664929,SO2,20,94,57
India,Chhattisgarh,Tumidih,"OP Jindal Industrial Park, Tumidih - CECB",17-04-2026 19:00,22.06631475,83.33820077,OZONE,20,88,70
India,Delhi,Delhi,"Alipur, Delhi - DPCC",17-04-2026 19:00,28.815329,77.15301,NH3,11,17,13
India,Delhi,Delhi,"Anand Vihar, Delhi - DPCC",17-04-2026 19:00,28.647622,77.315809,PM2.5,3,424,291
India,Delhi,Delhi,"Anand Vihar, Delhi - DPCC",17-04-2026 19:00,28.647622,77.315809,SO2,22,95,39
India,Delhi,Delhi,"IGNOU_Maidan Garhi, Delhi - DPCC",17-04-2026 19:00,28.493624,77.201159,NH3,2,6,4
India,Delhi,Delhi,"IGNOU_Maidan Garhi, Delhi - DPCC",17-04-2026 19:00,28.493624,77.201159,CO,26,98,42
India,Delhi,Delhi,"IIT Delhi, Delhi - IITM",17-04-2026 19:00,28.54246,77.191651,OZONE,8,71,48
India,Delhi,Delhi,"JNU, Delhi - DPCC",17-04-2026 19:00,28.540721,77.168544,PM2.5,46,316,206
India,Delhi,Delhi,"JNU, Delhi - DPCC",17-04-2026 19:00,28.540721,77.168544,SO2,16,25,20
India,Delhi,Delhi,"Jawaharlal Nehru Stadium, Delhi - DPCC",17-04-2026 19:00,28.58028,77.233829,PM10,130,432,293
India,Delhi,Delhi,"Lodhi Road, Delhi - IMD",17-04-2026 19:00,28.5918245,77.2273074,CO,29,94,41
India,Delhi,Delhi,"Mandir Marg, Delhi - DPCC",17-04-2026 19:00,28.636429,77.201067,NH3,5,42,23
India,Delhi,Delhi,"Mundka, Delhi - DPCC",17-04-2026 19:00,28.684678,77.076574,CO,47,110,67
India,Gujarat,Rajkot,"Mavdi, Rajkot - Nexteng Enviro ",17-04-2026 19:00,22.248853,70.776774,NH3,1,2,1
India,Gujarat,Rajkot,"Mavdi, Rajkot - Nexteng Enviro ",17-04-2026 19:00,22.248853,70.776774,SO2,11,115,30
India,Gujarat,Rajkot,"Mavdi, Rajkot - Nexteng Enviro ",17-04-2026 19:00,22.248853,70.776774,CO,86,97,87
India,Gujarat,Rajkot,"Mavdi, Rajkot - Nexteng Enviro ",17-04-2026 19:00,22.248853,70.776774,OZONE,4,13,11
India,Gujarat,Surat,"Katargam, Surat - Nexteng Enviro",17-04-2026 19:00,21.217779,72.834787,PM10,47,160,87
India,Gujarat,Surat,"Science Center, Surat - SMC",17-04-2026 19:00,21.170046,72.795405,NO2,15,16,15
India,Gujarat,Vadodara,"Bapunagar, Vadodara - Nexteng Enviro",17-04-2026 19:00,22.320153,73.216285,NH3,2,3,3
India,Gujarat,Vapi,"Phase-1 GIDC, Vapi - GPCB",17-04-2026 19:00,20.362421,72.918013,PM2.5,45,176,72
India,Gujarat,Vapi,"Phase-1 GIDC, Vapi - GPCB",17-04-2026 19:00,20.362421,72.918013,NO2,8,39,18
India,Gujarat,Vapi,"Phase-1 GIDC, Vapi - GPCB",17-04-2026 19:00,20.362421,72.918013,SO2,21,31,24
India,Gujarat,Vatva,"Phase-4 GIDC, Vatva - GPCB",17-04-2026 19:00,22.969611,72.6435,OZONE,45,47,47
India,Delhi,Delhi,"Wazirpur, Delhi - DPCC",17-04-2026 19:00,28.699793,77.165453,PM2.5,72,416,282
India,Delhi,Delhi,"Wazirpur, Delhi - DPCC",17-04-2026 19:00,28.699793,77.165453,PM10,239,483,407
India,Gujarat,Ahmedabad,"Chandkheda, Ahmedabad - IITM",17-04-2026 19:00,23.107969,72.574648,SO2,6,40,17
India,Gujarat,Ahmedabad,"Chandkheda, Ahmedabad - IITM",17-04-2026 19:00,23.107969,72.574648,CO,4,118,25
India,Gujarat,Ahmedabad,"Gyaspur, Ahmedabad - IITM",17-04-2026 19:00,22.977134,72.553024,NH3,7,36,14
India,Gujarat,Ahmedabad,"Gyaspur, Ahmedabad - IITM",17-04-2026 19:00,22.977134,72.553024,SO2,18,120,74
India,Gujarat,Ahmedabad,"Gyaspur, Ahmedabad - IITM",17-04-2026 19:00,22.977134,72.553024,OZONE,1,40,29
India,Gujarat,Ahmedabad,"Maninagar, Ahmedabad - GPCB",17-04-2026 19:00,23.002657,72.591912,NO2,82,84,82
India,Gujarat,Ahmedabad,"Maninagar, Ahmedabad - GPCB",17-04-2026 19:00,23.002657,72.591912,SO2,20,68,51
India,Gujarat,Ahmedabad,"Raikhad, Ahmedabad - IITM",17-04-2026 19:00,23.020509,72.579261,NO2,NA,NA,NA
India,Gujarat,Ahmedabad,"Raikhad, Ahmedabad - IITM",17-04-2026 19:00,23.020509,72.579261,CO,10,105,20
India,Gujarat,Bhavnagar,"Vidhyanagar, Bhavnagar - Nexteng Enviro",17-04-2026 19:00,21.755417,72.139056,NH3,3,5,4
India,Gujarat,Gandhinagar,"GIFT City, Gandhinagar - IITM",17-04-2026 19:00,23.163798,72.677768,CO,1,67,10
India,Gujarat,Gandhinagar,"IIPHG Lekawada, Gandhinagar - IITM",17-04-2026 19:00,23.243639,72.68994,PM2.5,31,84,51
India,Gujarat,Gandhinagar,"IIPHG Lekawada, Gandhinagar - IITM",17-04-2026 19:00,23.243639,72.68994,OZONE,2,28,20
India,Gujarat,Gandhinagar,"Sector-10, Gandhinagar - GPCB",17-04-2026 19:00,23.221714,72.654328,CO,4,33,18
India,Gujarat,Mehsana,"Sadanand Nagar, Mehsana - Nexteng Enviro",17-04-2026 19:00,23.59315,72.372792,PM10,72,166,116
India,Gujarat,Nandesari,"GIDC, Nandesari - Nandesari Ind. Association",17-04-2026 19:00,22.410802,73.097923,NO2,6,142,38
India,Delhi,Delhi,"Shadipur, Delhi - CPCB",17-04-2026 19:00,28.6514781,77.1473105,OZONE,3,64,49
India,Delhi,Delhi,"Sirifort, Delhi - CPCB",17-04-2026 19:00,28.5504249,77.2159377,CO,33,125,73
India,Delhi,Delhi,"Sonia Vihar, Delhi - DPCC",17-04-2026 19:00,28.710508,77.249485,CO,33,190,65
India,Delhi,Delhi,"Sri Aurobindo Marg, Delhi - DPCC",17-04-2026 19:00,28.531346,77.190156,SO2,9,33,15
India,Delhi,Delhi,"Talkatora Garden, Delhi - DPCC",17-04-2026 19:00,28.62181,77.1944633,NO2,22,107,49
India,Delhi,Delhi,"Vivek Vihar, Delhi - DPCC",17-04-2026 19:00,28.672342,77.31526,PM10,135,454,337
India,Delhi,Delhi,"Vivek Vihar, Delhi - DPCC",17-04-2026 19:00,28.672342,77.31526,NH3,8,12,10
India,Haryana,Ambala,"Patti Mehar, Ambala - HSPCB",17-04-2026 19:00,30.379589,76.778328,SO2,15,32,22
India,Haryana,Ambala,"Patti Mehar, Ambala - HSPCB",17-04-2026 19:00,30.379589,76.778328,OZONE,13,20,15
India,Haryana,Bahadurgarh,"Arya Nagar, Bahadurgarh - HSPCB",17-04-2026 19:00,28.6701,76.9254,NO2,12,14,13
India,Haryana,Bahadurgarh,"Arya Nagar, Bahadurgarh - HSPCB",17-04-2026 19:00,28.6701,76.9254,NH3,12,13,13
India,Haryana,Ballabgarh,"Nathu Colony, Ballabgarh - HSPCB",17-04-2026 19:00,28.3419248,77.319699,PM2.5,43,310,181
India,Haryana,Ballabgarh,"Nathu Colony, Ballabgarh - HSPCB",17-04-2026 19:00,28.3419248,77.319699,NH3,3,3,3
India,Haryana,Bhiwani,"H.B. Colony, Bhiwani - HSPCB",17-04-2026 19:00,28.806223,76.141105,NH3,2,14,10
India,Haryana,Bhiwani,"H.B. Colony, Bhiwani - HSPCB",17-04-2026 19:00,28.806223,76.141105,SO2,2,21,5
India,Delhi,Delhi,"Narela, Delhi - DPCC",17-04-2026 19:00,28.822836,77.101981,OZONE,8,134,91
India,Delhi,Delhi,"Nehru Nagar, Delhi - DPCC",17-04-2026 19:00,28.56789,77.250515,NO2,46,105,70
India,Delhi,Delhi,"Nehru Nagar, Delhi - DPCC",17-04-2026 19:00,28.56789,77.250515,NH3,6,15,9
India,Delhi,Delhi,"Nehru Nagar, Delhi - DPCC",17-04-2026 19:00,28.56789,77.250515,CO,45,131,64
India,Delhi,Delhi,"North Campus, DU, Delhi - IMD",17-04-2026 19:00,28.6573814,77.1585447,OZONE,5,159,79
India,Delhi,Delhi,"Okhla Phase-2, Delhi - DPCC",17-04-2026 19:00,28.530785,77.271255,PM2.5,57,407,249
India,Delhi,Delhi,"Okhla Phase-2, Delhi - DPCC",17-04-2026 19:00,28.530785,77.271255,OZONE,4,72,51
India,Delhi,Delhi,"Patparganj, Delhi - DPCC",17-04-2026 19:00,28.623763,77.287209,CO,2,137,24
India,Delhi,Delhi,"Pusa, Delhi - DPCC",17-04-2026 19:00,28.639652,77.146275,PM10,NA,NA,NA
India,Delhi,Delhi,"Pusa, Delhi - DPCC",17-04-2026 19:00,28.639652,77.146275,CO,11,95,54
India,Delhi,Delhi,"Pusa, Delhi - DPCC",17-04-2026 19:00,28.639652,77.146275,OZONE,19,65,35
India,Delhi,Delhi,"Pusa, Delhi - IMD",17-04-2026 19:00,28.63611,77.173332,PM2.5,31,333,162
India,Delhi,Delhi,"R K Puram, Delhi - DPCC",17-04-2026 19:00,28.563262,77.186937,PM10,115,459,304
India,Delhi,Delhi,"R K Puram, Delhi - DPCC",17-04-2026 19:00,28.563262,77.186937,NH3,11,14,13
India,Delhi,Delhi,"R K Puram, Delhi - DPCC",17-04-2026 19:00,28.563262,77.186937,OZONE,8,89,54
India,Gujarat,Ahmedabad,"Rakhial, Ahmedabad - IITM",17-04-2026 19:00,23.016834,72.625775,NH3,2,4,3
India,Gujarat,Ahmedabad,"Rakhial, Ahmedabad - IITM",17-04-2026 19:00,23.016834,72.625775,SO2,4,122,47
India,Gujarat,Ahmedabad,"Rakhial, Ahmedabad - IITM",17-04-2026 19:00,23.016834,72.625775,CO,14,104,29
India,Gujarat,Ahmedabad,"SAC ISRO Bopal, Ahmedabad - IITM",17-04-2026 19:00,23.041137,72.456691,OZONE,12,80,70
India,Gujarat,Ahmedabad,"SVPI Airport Hansol, Ahmedabad - IITM",17-04-2026 19:00,23.076793,72.627874,CO,12,88,18
India,Delhi,Delhi,"NSIT Dwarka, Delhi - CPCB",17-04-2026 19:00,28.60909,77.0325413,OZONE,16,106,90
India,Delhi,Delhi,"NSUT Jaffarpur, Delhi - DPCC",17-04-2026 19:00,28.594004,76.909423,NH3,3,11,6
India,Delhi,Delhi,"NSUT Jaffarpur, Delhi - DPCC",17-04-2026 19:00,28.594004,76.909423,OZONE,29,117,91
India,Delhi,Delhi,"Najafgarh, Delhi - DPCC",17-04-2026 19:00,28.570173,76.933762,NH3,10,13,12
India,Delhi,Delhi,"Najafgarh, Delhi - DPCC",17-04-2026 19:00,28.570173,76.933762,SO2,6,78,17
India,Haryana,Panchgaon,"Amity University, Panchgaon - IITM",17-04-2026 19:00,28.3153,76.9143,PM2.5,57,322,119
India,Haryana,Panchkula,"Sector-6, Panchkula - HSPCB ",17-04-2026 19:00,30.7057778,76.85318056,PM2.5,27,111,64
India,Haryana,Panchkula,"Sector-6, Panchkula - HSPCB ",17-04-2026 19:00,30.7057778,76.85318056,CO,11,38,15
India,Haryana,Panipat,"Sector-18, Panipat - HSPCB",17-04-2026 19:00,29.432304,76.972765,PM10,NA,NA,NA
India,Haryana,Panipat,"Sector-18, Panipat - HSPCB",17-04-2026 19:00,29.432304,76.972765,CO,16,26,23
India,Haryana,Rohtak,"MD University, Rohtak - HSPCB",17-04-2026 19:00,28.52123,76.37138,PM2.5,132,462,327
India,Haryana,Rohtak,"MD University, Rohtak - HSPCB",17-04-2026 19:00,28.52123,76.37138,PM10,87,404,181
India,Haryana,Rohtak,"MD University, Rohtak - HSPCB",17-04-2026 19:00,28.52123,76.37138,NO2,10,13,11
India,Haryana,Sonipat,"Murthal, Sonipat - HSPCB",17-04-2026 19:00,29.0272,77.0621,PM2.5,72,102,80
India,Haryana,Yamuna Nagar,"Gobind Pura, Yamuna Nagar - HSPCB",17-04-2026 19:00,30.1480566,77.2893471,NO2,NA,NA,NA
India,Jammu_and_Kashmir,Srinagar,"Rajbagh, Srinagar - JKPCC",17-04-2026 19:00,34.066206,74.81982,PM10,19,159,33
India,Jammu_and_Kashmir,Srinagar,"Rajbagh, Srinagar - JKPCC",17-04-2026 19:00,34.066206,74.81982,SO2,3,4,3
India,Jharkhand,Dhanbad,"Sardar Patel Nagar, Dhanbad - JSPCB",17-04-2026 19:00,23.80569,86.44268,PM2.5,NA,NA,NA
India,Jharkhand,Jorapokhar,"Tata Stadium, Jorapokhar - JSPCB",17-04-2026 19:00,23.707909,86.41467,NO2,8,8,8
India,Jharkhand,Jorapokhar,"Tata Stadium, Jorapokhar - JSPCB",17-04-2026 19:00,23.707909,86.41467,NH3,3,3,3
India,Jharkhand,Jorapokhar,"Tata Stadium, Jorapokhar - JSPCB",17-04-2026 19:00,23.707909,86.41467,OZONE,1,4,3
India,Karnataka,Bagalkot,"Vidayagiri, Bagalkot - KSPCB",17-04-2026 19:00,16.172806,75.659694,PM10,53,54,54
India,Karnataka,Belgaum,"Ramteerth Nagar, Belgaum - KSPCB",17-04-2026 19:00,15.888653,74.541751,NH3,1,11,8
India,Karnataka,Bengaluru,"BTM Layout, Bengaluru - CPCB",17-04-2026 19:00,12.9135218,77.5950804,PM2.5,31,53,41
India,Karnataka,Bengaluru,"BTM Layout, Bengaluru - CPCB",17-04-2026 19:00,12.9135218,77.5950804,CO,40,54,46
India,Karnataka,Bengaluru,"BTM Layout, Bengaluru - CPCB",17-04-2026 19:00,12.9135218,77.5950804,OZONE,23,24,24
India,Karnataka,Bengaluru,"BWSSB Kadabesanahalli, Bengaluru - CPCB",17-04-2026 19:00,12.9352049,77.6814488,CO,33,52,39
India,Karnataka,Bengaluru,"Bapuji Nagar, Bengaluru - KSPCB",17-04-2026 19:00,12.951913,77.539784,NH3,1,3,2
India,Karnataka,Bengaluru,"Bapuji Nagar, Bengaluru - KSPCB",17-04-2026 19:00,12.951913,77.539784,OZONE,22,81,67
India,Haryana,Karnal,"Sector-12, Karnal - HSPCB",17-04-2026 19:00,29.6953,77.0027,CO,13,24,19
India,Haryana,Mandikhera,"General Hospital, Mandikhera(Nuh) - HSPCB",17-04-2026 19:00,27.9002,76.9938,NH3,9,10,10
India,Haryana,Mandikhera,"General Hospital, Mandikhera(Nuh) - HSPCB",17-04-2026 19:00,27.9002,76.9938,OZONE,23,30,27
India,Haryana,Narnaul,"Shastri Nagar, Narnaul - HSPCB",17-04-2026 19:00,28.060249,76.113115,NH3,4,6,5
India,Haryana,Charkhi Dadri,"Mini Secretariat, Charkhi Dadri - HSPCB",17-04-2026 19:00,28.593883,76.270653,CO,8,25,14
India,Haryana,Charkhi Dadri,"Mini Secretariat, Charkhi Dadri - HSPCB",17-04-2026 19:00,28.593883,76.270653,OZONE,14,18,15
India,Haryana,Dharuhera,"Municipal Corporation Office, Dharuhera -  HSPCB",17-04-2026 19:00,28.2068,76.7997,PM10,58,176,113
India,Haryana,Dharuhera,"Municipal Corporation Office, Dharuhera -  HSPCB",17-04-2026 19:00,28.2068,76.7997,NO2,15,52,38
India,Haryana,Gurugram,"NISE Gwal Pahari, Gurugram - IMD",17-04-2026 19:00,28.422681,77.148944,PM2.5,55,353,188
India,Haryana,Gurugram,"Sector-51, Gurugram - HSPCB",17-04-2026 19:00,28.4227,77.0667,NO2,4,10,6
India,Haryana,Gurugram,"Sector-51, Gurugram - HSPCB",17-04-2026 19:00,28.4227,77.0667,SO2,6,10,7
India,Haryana,Gurugram,"Teri Gram, Gurugram - HSPCB",17-04-2026 19:00,28.4275,77.1465,NO2,37,75,52
India,Haryana,Gurugram,"Vikas Sadan, Gurugram - HSPCB",17-04-2026 19:00,28.4501238,77.0263051,CO,65,114,93
India,Haryana,Gurugram,"Vikas Sadan, Gurugram - HSPCB",17-04-2026 19:00,28.4501238,77.0263051,OZONE,5,31,24
India,Haryana,Kaithal,"Rishi Nagar, Kaithal - HSPCB",17-04-2026 19:00,29.8006,76.4155,PM2.5,51,196,120
India,Haryana,Kaithal,"Rishi Nagar, Kaithal - HSPCB",17-04-2026 19:00,29.8006,76.4155,NO2,30,33,31
India,Haryana,Charkhi Dadri,"Mini Secretariat, Charkhi Dadri - HSPCB",17-04-2026 19:00,28.593883,76.270653,PM2.5,148,369,299
India,Karnataka,Bengaluru,"Hombegowda Nagar, Bengaluru - KSPCB",17-04-2026 19:00,12.938539,77.5901,PM2.5,62,102,82
India,Madhya Pradesh,Pithampur,"Sector-2 Industrial Area, Pithampur - MPPCB",17-04-2026 19:00,22.624758,75.675238,CO,8,31,17
India,Madhya Pradesh,Ratlam,"Shasthri Nagar, Ratlam - IPCA Lab",17-04-2026 19:00,23.331731,75.045981,PM2.5,13,94,53
India,Madhya Pradesh,Ratlam,"Shasthri Nagar, Ratlam - IPCA Lab",17-04-2026 19:00,23.331731,75.045981,PM10,60,133,96
India,Madhya Pradesh,Ratlam,"Shasthri Nagar, Ratlam - IPCA Lab",17-04-2026 19:00,23.331731,75.045981,SO2,40,53,43
India,Madhya Pradesh,Sagar,"Civil Lines, Sagar - MPPCB",17-04-2026 19:00,23.838586,78.759431,NH3,1,4,2
India,Madhya Pradesh,Sagar,"Deen Dayal Nagar, Sagar - MPPCB",17-04-2026 19:00,23.8640158,78.80289321,PM2.5,20,87,42
India,Madhya Pradesh,Sagar,"Deen Dayal Nagar, Sagar - MPPCB",17-04-2026 19:00,23.8640158,78.80289321,NO2,2,33,13
India,Madhya Pradesh,Satna,"Bandhavgar Colony, Satna - Birla Cement",17-04-2026 19:00,24.58434363,80.8549414,PM2.5,49,51,50
India,Madhya Pradesh,Singrauli,"Suryakiran Bhawan NCL, Singrauli - MPPCB",17-04-2026 19:00,24.10897,82.64558,PM10,123,500,284
India,Madhya Pradesh,Singrauli,"Suryakiran Bhawan NCL, Singrauli - MPPCB",17-04-2026 19:00,24.10897,82.64558,NH3,1,3,2
India,Karnataka,Ramanagara,"Vijay Nagar, Ramanagara - KSPCB",17-04-2026 19:00,12.733409,77.298051,OZONE,12,62,48
India,Karnataka,Shivamogga,"Vinoba Nagara, Shivamogga - KSPCB",17-04-2026 19:00,13.94,75.555917,PM10,43,72,50
India,Karnataka,Shivamogga,"Vinoba Nagara, Shivamogga - KSPCB",17-04-2026 19:00,13.94,75.555917,NH3,3,3,3
India,Karnataka,Vijayapura,"Ibrahimpur, Vijayapura - KSPCB",17-04-2026 19:00,16.802639,75.722694,PM10,38,39,39
India,Karnataka,Vijayapura,"Ibrahimpur, Vijayapura - KSPCB",17-04-2026 19:00,16.802639,75.722694,NO2,11,12,11
India,Karnataka,Vijayapura,"Ibrahimpur, Vijayapura - KSPCB",17-04-2026 19:00,16.802639,75.722694,OZONE,16,17,16
India,Karnataka,Yadgir,"Collector Office, Yadgir - KSPCB",17-04-2026 19:00,16.7602,77.1428,PM2.5,48,88,71
India,Karnataka,Yadgir,"Collector Office, Yadgir - KSPCB",17-04-2026 19:00,16.7602,77.1428,NH3,1,2,1
India,Kerala,Kannur,"Thavakkara, Kannur - Kerala PCB",17-04-2026 19:00,11.875,75.3732,PM2.5,NA,NA,NA
India,Kerala,Kannur,"Thavakkara, Kannur - Kerala PCB",17-04-2026 19:00,11.875,75.3732,PM10,57,85,66
India,Kerala,Kannur,"Thavakkara, Kannur - Kerala PCB",17-04-2026 19:00,11.875,75.3732,NH3,1,1,1
India,Kerala,Kannur,"Thavakkara, Kannur - Kerala PCB",17-04-2026 19:00,11.875,75.3732,OZONE,30,34,32
India,Madhya Pradesh,Jabalpur,"Gupteshwar, Jabalpur - JMC",17-04-2026 19:00,23.142888,79.916147,NO2,8,8,8
India,Madhya Pradesh,Jabalpur,"Gupteshwar, Jabalpur - JMC",17-04-2026 19:00,23.142888,79.916147,NH3,1,2,2
India,Madhya Pradesh,Jabalpur,"Gupteshwar, Jabalpur - JMC",17-04-2026 19:00,23.142888,79.916147,OZONE,6,59,53
India,Madhya Pradesh,Jabalpur,"Marhatal, Jabalpur - MPPCB",17-04-2026 19:00,23.168606,79.932247,NO2,43,76,52
India,Madhya Pradesh,Jabalpur,"Suhagi, Jabalpur - JMC",17-04-2026 19:00,23.218135,79.95777,NO2,NA,NA,NA
India,Madhya Pradesh,Jabalpur,"Suhagi, Jabalpur - JMC",17-04-2026 19:00,23.218135,79.95777,OZONE,16,144,123
India,Madhya Pradesh,Katni,"Gole Bazar, Katni - MPPCB",17-04-2026 19:00,23.50016,80.23284,NH3,5,15,8
India,Madhya Pradesh,Katni,"Gole Bazar, Katni - MPPCB",17-04-2026 19:00,23.50016,80.23284,SO2,4,55,29
India,Madhya Pradesh,Katni,"Gole Bazar, Katni - MPPCB",17-04-2026 19:00,23.50016,80.23284,OZONE,36,151,126
India,Madhya Pradesh,Pithampur,"Sector-2 Industrial Area, Pithampur - MPPCB",17-04-2026 19:00,22.624758,75.675238,NO2,12,41,20
India,Karnataka,Bengaluru,"Silk Board, Bengaluru - KSPCB",17-04-2026 19:00,12.917348,77.622813,SO2,1,13,8
India,Karnataka,Bengaluru,"Silk Board, Bengaluru - KSPCB",17-04-2026 19:00,12.917348,77.622813,OZONE,13,81,67
India,Karnataka,Chamarajanagar,"Urban, Chamarajanagar - KSPCB",17-04-2026 19:00,11.55358,76.55521,CO,12,23,22
India,Karnataka,Chikkaballapur,"Chikkaballapur Rural, Chikkaballapur - KSPCB",17-04-2026 19:00,13.428828,77.731418,PM10,58,118,82
India,Karnataka,Chikkaballapur,"Chikkaballapur Rural, Chikkaballapur - KSPCB",17-04-2026 19:00,13.428828,77.731418,CO,15,38,27
India,Karnataka,Chikkaballapur,"Chikkaballapur Rural, Chikkaballapur - KSPCB",17-04-2026 19:00,13.428828,77.731418,OZONE,1,18,10
India,Karnataka,Chikkamagaluru,"Kalyana Nagara, Chikkamagaluru - KSPCB",17-04-2026 19:00,13.328028,75.797056,OZONE,17,57,45
India,Karnataka,Dharwad,"Kalabhavan, Dharwad - KSPCB",17-04-2026 19:00,15.459706,75.008381,CO,40,82,55
India,Karnataka,Bengaluru,"Hombegowda Nagar, Bengaluru - KSPCB",17-04-2026 19:00,12.938539,77.5901,OZONE,36,138,111
India,Karnataka,Bengaluru,"Jayanagar 5th Block, Bengaluru - KSPCB",17-04-2026 19:00,12.920984,77.584908,PM2.5,65,137,90
India,Karnataka,Bengaluru,"Jayanagar 5th Block, Bengaluru - KSPCB",17-04-2026 19:00,12.920984,77.584908,OZONE,17,59,27
India,Karnataka,Bengaluru,"Jigani, Bengaluru - KSPCB",17-04-2026 19:00,12.7816279,77.6299145,OZONE,27,29,28
India,Karnataka,Bengaluru,"RVCE-Mailasandra, Bengaluru - KSPCB",17-04-2026 19:00,12.921418,77.502466,PM10,39,146,106
India,Karnataka,Bengaluru,"RVCE-Mailasandra, Bengaluru - KSPCB",17-04-2026 19:00,12.921418,77.502466,CO,4,32,11
India,Karnataka,Bengaluru,"RVCE-Mailasandra, Bengaluru - KSPCB",17-04-2026 19:00,12.921418,77.502466,OZONE,23,29,28
India,Karnataka,Bengaluru,"Shivapura_Peenya, Bengaluru - KSPCB",17-04-2026 19:00,13.0246342,77.5080115,PM2.5,29,38,33
India,Kerala,Kollam,"Polayathode, Kollam - Kerala PCB",17-04-2026 19:00,8.8787,76.6073,CO,14,18,16
India,Kerala,Thiruvananthapuram,"Kariavattom, Thiruvananthapuram - Kerala PCB",17-04-2026 19:00,8.5637,76.8865,SO2,NA,NA,NA
India,Kerala,Thrissur,"Corporation Ground, Thrissur - Kerala PCB",17-04-2026 19:00,10.5324,76.2159,SO2,NA,NA,NA
India,Madhya Pradesh,Bhopal,"Idgah Hills, Bhopal - MPPCB",17-04-2026 19:00,23.264759,77.381568,PM10,90,169,134
India,Madhya Pradesh,Bhopal,"T T Nagar, Bhopal - MPPCB",17-04-2026 19:00,23.233584,77.400574,PM2.5,51,226,105
India,Madhya Pradesh,Bhopal,"T T Nagar, Bhopal - MPPCB",17-04-2026 19:00,23.233584,77.400574,NO2,19,67,36
India,Madhya Pradesh,Indore,"Airport Area, Indore - IMC",17-04-2026 19:00,22.7289,75.8076,CO,48,59,49
India,Madhya Pradesh,Indore,"Chhoti Gwaltoli, Indore - MPPCB",17-04-2026 19:00,22.431,75.5213,OZONE,3,56,45
India,Madhya Pradesh,Indore,"Regional Park, Indore - IMC",17-04-2026 19:00,22.678,75.8559,PM2.5,4,176,63
India,Madhya Pradesh,Indore,"Regional Park, Indore - IMC",17-04-2026 19:00,22.678,75.8559,CO,16,34,17
India,Madhya Pradesh,Indore,"Residency Area, Indore - IMC",17-04-2026 19:00,22.7084,75.8815,NO2,1,1,1
India,Madhya Pradesh,Jabalpur,"Govindh Bhavan Colony, Jabalpur - JMC",17-04-2026 19:00,23.163174,79.973061,PM2.5,32,65,48
India,Karnataka,Hubballi,"Lingaraj Nagar, Hubballi - KSPCB",17-04-2026 19:00,15.3714823,75.1160168,NH3,NA,NA,NA
India,Karnataka,Kalaburagi,"Mahatma Basaveswar Colony, Kalaburgi - KSPCB",17-04-2026 19:00,17.336318,76.847397,PM2.5,23,59,41
India,Karnataka,Kalaburagi,"Mahatma Basaveswar Colony, Kalaburgi - KSPCB",17-04-2026 19:00,17.336318,76.847397,CO,38,52,45
India,Karnataka,Madikeri,"Stuart Hill, Madikeri - KSPCB",17-04-2026 19:00,12.415911,75.73505,PM10,25,131,41
India,Karnataka,Madikeri,"Stuart Hill, Madikeri - KSPCB",17-04-2026 19:00,12.415911,75.73505,OZONE,2,6,3
India,Karnataka,Mangalore,"Kadri, Mangalore - KSPCB",17-04-2026 19:00,12.88925,74.853,PM2.5,30,56,46
India,Madhya Pradesh,Bhopal,"T T Nagar, Bhopal - MPPCB",17-04-2026 19:00,23.233584,77.400574,CO,6,101,62
India,Madhya Pradesh,Dewas,"Bhopal Chauraha, Dewas - MPPCB",17-04-2026 19:00,22.9682591,76.064118,PM2.5,24,111,70
India,Madhya Pradesh,Dewas,"Bhopal Chauraha, Dewas - MPPCB",17-04-2026 19:00,22.9682591,76.064118,NH3,3,4,4
India,Madhya Pradesh,Gwalior,"City Center, Gwalior - MPPCB",17-04-2026 19:00,26.203442,78.193251,PM10,51,172,108
India,Madhya Pradesh,Gwalior,"City Center, Gwalior - MPPCB",17-04-2026 19:00,26.203442,78.193251,NO2,16,145,81
India,Maharashtra,Kolhapur,"Shivaji University, Kolhapur - MPCB",17-04-2026 19:00,16.6870449,74.2505872,OZONE,17,74,66
India,Maharashtra,Kolhapur,"Sinchan Bhavan, Kolhapur - MPCB",17-04-2026 19:00,16.7143745,74.2426398,NO2,NA,NA,NA
India,Maharashtra,Latur,"Sawe Wadi, Latur - MPCB",17-04-2026 19:00,18.39963,76.57452,SO2,2,51,16
India,Maharashtra,Latur,"Sawe Wadi, Latur - MPCB",17-04-2026 19:00,18.39963,76.57452,CO,4,60,12
India,Maharashtra,Latur,"Sawe Wadi, Latur - MPCB",17-04-2026 19:00,18.39963,76.57452,OZONE,6,42,37
India,Maharashtra,Mahad,"Kamble Tarf Birwadi, Mahad - MPCB",17-04-2026 19:00,18.1023399,73.4783687,CO,22,52,35
India,Maharashtra,Mira-Bhayandar,"Bhayandar West, Mira-Bhayandar - MPCB",17-04-2026 19:00,19.296481,72.840923,PM10,NA,NA,NA
India,Maharashtra,Mira-Bhayandar,"Bhayandar West, Mira-Bhayandar - MPCB",17-04-2026 19:00,19.296481,72.840923,CO,17,43,22
India,Maharashtra,Mumbai,"Bandra Kurla Complex, Mumbai - IITM",17-04-2026 19:00,19.053536,72.84643,PM10,63,179,110
India,Maharashtra,Mumbai,"Bandra Kurla Complex, Mumbai - MPCB",17-04-2026 19:00,19.065931,72.862131,NH3,2,6,3
India,Maharashtra,Mumbai,"Bandra Kurla Complex, Mumbai - MPCB",17-04-2026 19:00,19.065931,72.862131,SO2,2,4,3
India,Maharashtra,Mumbai,"Borivali East, Mumbai - IITM",17-04-2026 19:00,19.23241,72.86895,PM2.5,38,76,53
India,Maharashtra,Mumbai,"Borivali East, Mumbai - IITM",17-04-2026 19:00,19.23241,72.86895,NH3,3,3,3
India,Maharashtra,Mumbai,"Borivali East, Mumbai - MPCB",17-04-2026 19:00,19.2243333,72.8658113,PM10,38,91,55
India,Maharashtra,Mumbai,"Borivali East, Mumbai - MPCB",17-04-2026 19:00,19.2243333,72.8658113,SO2,12,17,15
India,Maharashtra,Mumbai,"Byculla, Mumbai - BMC",17-04-2026 19:00,18.9767,72.838,PM10,35,92,60
India,Maharashtra,Mumbai,"Chakala-Andheri East, Mumbai - IITM",17-04-2026 19:00,19.11074,72.86084,PM10,41,126,90
India,Maharashtra,Mumbai,"Chembur, Mumbai - MPCB",17-04-2026 19:00,19.0364585,72.8954371,PM2.5,20,46,32
India,Maharashtra,Mumbai,"Chembur, Mumbai - MPCB",17-04-2026 19:00,19.0364585,72.8954371,NO2,11,40,24
India,Maharashtra,Mumbai,"Chembur, Mumbai - MPCB",17-04-2026 19:00,19.0364585,72.8954371,NH3,6,8,7
India,Maharashtra,Mumbai,"Chembur, Mumbai - MPCB",17-04-2026 19:00,19.0364585,72.8954371,SO2,3,11,6
India,Maharashtra,Mumbai,"Chhatrapati Shivaji Intl. Airport (T2), Mumbai - MPCB",17-04-2026 19:00,19.10078,72.87462,SO2,7,7,7
India,Maharashtra,Mumbai,"Colaba, Mumbai - MPCB",17-04-2026 19:00,18.91,72.82,PM2.5,6,28,14
India,Maharashtra,Mumbai,"Deonar, Mumbai - IITM",17-04-2026 19:00,19.04946,72.923,PM2.5,16,97,55
India,Maharashtra,Mumbai,"Ghatkopar, Mumbai - BMC",17-04-2026 19:00,19.083694,72.920967,OZONE,3,56,37
India,Maharashtra,Mumbai,"Kandivali West, Mumbai - BMC",17-04-2026 19:00,19.215859,72.831718,PM10,34,74,53
India,Maharashtra,Bhiwandi,"Gokul Nagar, Bhiwandi - MPCB",17-04-2026 19:00,19.309073,73.057223,SO2,3,12,8
India,Maharashtra,Bhiwandi,"Gokul Nagar, Bhiwandi - MPCB",17-04-2026 19:00,19.309073,73.057223,CO,8,46,15
India,Maharashtra,Bhiwandi,"Gokul Nagar, Bhiwandi - MPCB",17-04-2026 19:00,19.309073,73.057223,OZONE,12,89,68
India,Maharashtra,Boisar,"Khaira, Boisar - MPCB",17-04-2026 19:00,19.786089,72.757971,PM10,67,69,68
India,Maharashtra,Boisar,"Khaira, Boisar - MPCB",17-04-2026 19:00,19.786089,72.757971,NH3,4,4,4
India,Maharashtra,Chandrapur,"Chauhan Colony, Chandrapur - MPCB",17-04-2026 19:00,19.9629,79.298714,PM10,103,182,140
India,Maharashtra,Chandrapur,"MIDC Khutala, Chandrapur - MPCB",17-04-2026 19:00,19.9775302,79.2337086,PM10,78,184,125
India,Maharashtra,Dhule,"Deopur, Dhule - MPCB",17-04-2026 19:00,20.918946,74.776388,PM2.5,42,71,57
India,Maharashtra,Aurangabad,"MIDC Chilkalthana, Aurangabad - MPCB",17-04-2026 19:00,19.87562,75.38731,OZONE,14,105,86
India,Maharashtra,Aurangabad,"More Chowk Waluj, Aurangabad - MPCB",17-04-2026 19:00,19.8389439,75.244448,PM2.5,37,297,82
India,Maharashtra,Aurangabad,"More Chowk Waluj, Aurangabad - MPCB",17-04-2026 19:00,19.8389439,75.244448,NO2,14,23,19
India,Maharashtra,Aurangabad,"More Chowk Waluj, Aurangabad - MPCB",17-04-2026 19:00,19.8389439,75.244448,CO,12,104,48
India,Maharashtra,Aurangabad,"Rachnakar Colony, Aurangabad - MPCB",17-04-2026 19:00,19.863756,75.321188,NH3,2,6,2
India,Maharashtra,Aurangabad,"Rachnakar Colony, Aurangabad - MPCB",17-04-2026 19:00,19.863756,75.321188,CO,24,83,27
India,Maharashtra,Badlapur,"Katrap, Badlapur - MPCB",17-04-2026 19:00,19.16485,73.23409,NO2,14,35,21
India,Maharashtra,Dombivli,"Kalu Nagar, Dombivli - MPCB",17-04-2026 19:00,19.2268427,73.0788456,PM2.5,13,52,26
India,Maharashtra,Hingoli,"Ashta Vinayak Nagar, Hingoli - MPCB",17-04-2026 19:00,19.710842,77.151824,PM10,39,120,63
India,Maharashtra,Hingoli,"Ashta Vinayak Nagar, Hingoli - MPCB",17-04-2026 19:00,19.710842,77.151824,CO,15,60,18
India,Maharashtra,Jalna,"Old MIDC, Jalna - MPCB",17-04-2026 19:00,19.854616,75.905894,PM10,47,143,83
India,Maharashtra,Jalna,"Old MIDC, Jalna - MPCB",17-04-2026 19:00,19.854616,75.905894,NO2,19,27,22
India,Maharashtra,Kolhapur,"Shivaji University, Kolhapur - MPCB",17-04-2026 19:00,16.6870449,74.2505872,PM2.5,18,50,36
India,Maharashtra,Mumbai,"Khindipada-Bhandup West, Mumbai - IITM",17-04-2026 19:00,19.1653323,72.922099,PM10,11,110,61
India,Maharashtra,Mumbai,"Kurla, Mumbai - MPCB",17-04-2026 19:00,19.0863,72.8888,PM10,NA,NA,NA
India,Maharashtra,Mumbai,"Mazgaon, Mumbai - IITM",17-04-2026 19:00,18.96702,72.84214,CO,8,64,59
India,Maharashtra,Mumbai,"Mazgaon, Mumbai - IITM",17-04-2026 19:00,18.96702,72.84214,OZONE,16,76,58
India,Maharashtra,Mumbai,"Mindspace-Malad West, Mumbai - MPCB",17-04-2026 19:00,19.1878657,72.8304069,NH3,1,3,2
India,Maharashtra,Akola,"Ramdaspeth, Akola - MPCB",17-04-2026 19:00,20.719516,77.000253,OZONE,4,107,99
India,Maharashtra,Ambernath,"Chinchpada, Ambernath - MPCB",17-04-2026 19:00,19.215784,73.199781,NO2,22,80,46
India,Maharashtra,Ambernath,"Chinchpada, Ambernath - MPCB",17-04-2026 19:00,19.215784,73.199781,SO2,3,23,10
India,Maharashtra,Amravati,"Shivneri Colony, Amravati - MPCB",17-04-2026 19:00,20.9402359,77.7895248,PM2.5,30,70,49
India,Madhya Pradesh,Ujjain,"Mahashweta Nagar, Ujjain - MPPCB",17-04-2026 19:00,23.1633321,75.800225,PM10,72,125,90
India,Maharashtra,Pimpri-Chinchwad,"Transport Nagar-Nigdi, Pimpri-Chinchwad- IITM",17-04-2026 19:00,18.664282,73.763966,PM2.5,23,66,39
India,Maharashtra,Pune,"Katraj Dairy, Pune - MPCB",17-04-2026 19:00,18.45445,73.854155,CO,16,101,32
India,Maharashtra,Pune,"Mhada Colony, Pune - IITM",17-04-2026 19:00,18.57304,73.927715,OZONE,13,118,82
India,Maharashtra,Pune,"Panchawati_Pashan, Pune - IITM",17-04-2026 19:00,18.536457,73.805454,PM10,43,75,60
India,Maharashtra,Pune,"Panchawati_Pashan, Pune - IITM",17-04-2026 19:00,18.536457,73.805454,CO,18,81,30
India,Maharashtra,Pune,"Revenue Colony-Shivajinagar, Pune - IITM",17-04-2026 19:00,18.530085,73.849598,PM2.5,25,64,43
India,Maharashtra,Pune,"Revenue Colony-Shivajinagar, Pune - IITM",17-04-2026 19:00,18.530085,73.849598,PM10,47,81,66
India,Maharashtra,Pune,"Revenue Colony-Shivajinagar, Pune - IITM",17-04-2026 19:00,18.530085,73.849598,NO2,21,90,53
India,Maharashtra,Pune,"Savitribai Phule Pune University, Pune - MPCB",17-04-2026 19:00,18.547056,73.826908,PM2.5,33,53,42
India,Maharashtra,Pune,"Savitribai Phule Pune University, Pune - MPCB",17-04-2026 19:00,18.547056,73.826908,PM10,48,75,60
India,Maharashtra,Parbhani,"Masoom Colony, Parbhani - MPCB",17-04-2026 19:00,19.265594,76.761463,CO,8,15,12
India,Maharashtra,Pimpri-Chinchwad,"Bhosari,Pimpri-Chinchwad - IITM",17-04-2026 19:00,18.640051,73.848956,NO2,19,27,22
India,Maharashtra,Pimpri-Chinchwad,"Bhumkar Nagar, Pimpri-Chinchwad - IITM",17-04-2026 19:00,18.60577,73.749976,CO,13,142,21
India,Maharashtra,Pimpri-Chinchwad,"Gavalinagar, Pimpri Chinchwad - MPCB",17-04-2026 19:00,18.63673,73.82487,SO2,1,6,2
India,Maharashtra,Pimpri-Chinchwad,"Savta Mali Nagar, Pimpri-Chinchwad - IITM",17-04-2026 19:00,18.614767,73.799516,PM10,60,109,79
India,Maharashtra,Pimpri-Chinchwad,"Savta Mali Nagar, Pimpri-Chinchwad - IITM",17-04-2026 19:00,18.614767,73.799516,NO2,28,79,51
India,Maharashtra,Pimpri-Chinchwad,"Thergaon, Pimpri Chinchwad - MPCB",17-04-2026 19:00,18.616318,73.765797,NH3,10,14,12
India,Maharashtra,Virar,"Bolinj, Virar - MPCB",17-04-2026 19:00,19.445821,72.7988231,PM2.5,NA,NA,NA
India,Maharashtra,Virar,"Bolinj, Virar - MPCB",17-04-2026 19:00,19.445821,72.7988231,NO2,9,60,34
India,Maharashtra,Virar,"Bolinj, Virar - MPCB",17-04-2026 19:00,19.445821,72.7988231,SO2,NA,NA,NA
India,Maharashtra,Virar,"Bolinj, Virar - MPCB",17-04-2026 19:00,19.445821,72.7988231,OZONE,2,35,32
India,Meghalaya,Byrnihat,"15th Mile-Nongthymmai, Byrnihat - Meghalaya PCB",17-04-2026 19:00,26.05374,91.86796,PM10,75,269,132
India,Meghalaya,Shillong,"JN Stadium, Shillong - Meghalaya PCB",17-04-2026 19:00,25.5803419,91.8942571,NO2,18,47,36
India,Meghalaya,Shillong,"JN Stadium, Shillong - Meghalaya PCB",17-04-2026 19:00,25.5803419,91.8942571,SO2,31,35,33
India,Meghalaya,Shillong,"Lumpyngngad, Shillong - Meghalaya PCB",17-04-2026 19:00,25.5586,91.8985,OZONE,21,29,27
India,Maharashtra,Navi Mumbai,"Kopripada-Vashi, Navi Mumbai - MPCB",17-04-2026 19:00,19.090337,73.014232,SO2,NA,NA,NA
India,Maharashtra,Navi Mumbai,"Mahape, Navi Mumbai - MPCB",17-04-2026 19:00,19.1135051,73.008978,NH3,1,1,1
India,Maharashtra,Navi Mumbai,"Sanpada, Navi Mumbai - MPCB",17-04-2026 19:00,19.0575752,73.0151367,PM2.5,16,73,40
India,Maharashtra,Navi Mumbai,"Sector-2E Kalamboli, Navi Mumbai - MPCB",17-04-2026 19:00,19.02579,73.10297,CO,14,22,17
India,Maharashtra,Navi Mumbai,"Tondare-Taloja, Navi Mumbai - MPCB",17-04-2026 19:00,19.063,73.1209,NO2,14,32,25
India,Maharashtra,Parbhani,"Masoom Colony, Parbhani - MPCB",17-04-2026 19:00,19.265594,76.761463,PM10,45,82,62
India,Maharashtra,Nanded,"Sneh Nagar, Nanded - MPCB",17-04-2026 19:00,19.173852,77.296291,PM10,NA,NA,NA
India,Maharashtra,Nanded,"Sneh Nagar, Nanded - MPCB",17-04-2026 19:00,19.173852,77.296291,SO2,NA,NA,NA
India,Maharashtra,Nanded,"Sneh Nagar, Nanded - MPCB",17-04-2026 19:00,19.173852,77.296291,OZONE,29,105,98
India,Maharashtra,Nashik,"Hirawadi, Nashik - MPCB",17-04-2026 19:00,20.021503,73.813844,NH3,2,7,4
India,Maharashtra,Nashik,"Hirawadi, Nashik - MPCB",17-04-2026 19:00,20.021503,73.813844,SO2,11,19,15
India,Maharashtra,Nashik,"Pandav Nagari, Nashik - MPCB",17-04-2026 19:00,19.9591346,73.7788008,CO,16,50,19
India,Maharashtra,Nashik,"Pandav Nagari, Nashik - MPCB",17-04-2026 19:00,19.9591346,73.7788008,OZONE,9,74,66
India,Maharashtra,Navi Mumbai,"Kopripada-Vashi, Navi Mumbai - MPCB",17-04-2026 19:00,19.090337,73.014232,NO2,NA,NA,NA
India,Nagaland,Kohima,"PWD Junction, Kohima - NPCB",17-04-2026 19:00,25.6635413,94.0989878,CO,4,14,7
India,Nagaland,Kohima,"PWD Junction, Kohima - NPCB",17-04-2026 19:00,25.6635413,94.0989878,OZONE,1,3,2
India,Odisha,Angul,"Hakimapada, Angul - OSPCB",17-04-2026 19:00,20.832874,85.104082,OZONE,2,85,55
India,Odisha,Balasore,"Kalidaspur, Balasore - OSPCB",17-04-2026 19:00,21.51161,86.89088,PM10,19,73,47
India,Odisha,Balasore,"Kalidaspur, Balasore - OSPCB",17-04-2026 19:00,21.51161,86.89088,SO2,4,10,6
India,Odisha,Balasore,"Kalidaspur, Balasore - OSPCB",17-04-2026 19:00,21.51161,86.89088,OZONE,11,44,34
India,Odisha,Barbil,"Forest Office, Barbil - OSPCB",17-04-2026 19:00,22.1166054,85.3945546,PM10,76,228,121
India,Maharashtra,Mumbai,"Vile Parle West, Mumbai - MPCB",17-04-2026 19:00,19.10861,72.83622,PM10,26,61,40
India,Maharashtra,Mumbai,"Vile Parle West, Mumbai - MPCB",17-04-2026 19:00,19.10861,72.83622,NO2,11,11,11
India,Maharashtra,Mumbai,"Vile Parle West, Mumbai - MPCB",17-04-2026 19:00,19.10861,72.83622,CO,30,31,31
India,Maharashtra,Nagpur,"Ambazari, Nagpur - MPCB",17-04-2026 19:00,21.121801,79.04952,PM2.5,58,130,80
India,Maharashtra,Nagpur,"Mahal, Nagpur - MPCB",17-04-2026 19:00,21.14472,79.107595,PM2.5,73,161,104
India,Maharashtra,Nagpur,"Mahal, Nagpur - MPCB",17-04-2026 19:00,21.14472,79.107595,OZONE,15,64,52
India,Maharashtra,Nagpur,"Opp GPO Civil Lines, Nagpur - MPCB",17-04-2026 19:00,21.152875,79.0517531,PM2.5,36,153,77
India,Maharashtra,Pune,"Savitribai Phule Pune University, Pune - MPCB",17-04-2026 19:00,18.547056,73.826908,CO,14,38,20
India,Maharashtra,Pune,"Savitribai Phule Pune University, Pune - MPCB",17-04-2026 19:00,18.547056,73.826908,OZONE,1,143,85
India,Maharashtra,Sangli,"Vijay Nagar, Sangli - MPCB",17-04-2026 19:00,16.5038,74.3623,NH3,4,10,6
India,Maharashtra,Sangli,"Vijay Nagar, Sangli - MPCB",17-04-2026 19:00,16.5038,74.3623,SO2,18,26,23
India,Maharashtra,Thane,"Kasarvadavali, Thane - MPCB",17-04-2026 19:00,19.26777,72.97182,PM10,58,100,78
India,Maharashtra,Thane,"Upvan Fort, Thane - MPCB",17-04-2026 19:00,19.222279,72.957979,PM10,56,215,99
India,Maharashtra,Mumbai,"Mindspace-Malad West, Mumbai - MPCB",17-04-2026 19:00,19.1878657,72.8304069,OZONE,11,29,24
India,Maharashtra,Mumbai,"Navy Nagar-Colaba, Mumbai - IITM",17-04-2026 19:00,18.897756,72.81332,OZONE,10,63,54
India,Maharashtra,Mumbai,"Sewri, Mumbai - BMC",17-04-2026 19:00,19.000084,72.85673,NH3,7,12,8
India,Maharashtra,Mumbai,"Shivaji Nagar, Mumbai - BMC",17-04-2026 19:00,19.060498,72.923356,CO,10,46,25
India,Punjab,Rupnagar,"Ratanpura, Rupnagar - Ambuja Cements",17-04-2026 19:00,31.0325454,76.5623046,CO,30,42,34
India,Rajasthan,Ajmer,"Civil Lines,  Ajmer - RSPCB",17-04-2026 19:00,26.470859,74.646594,PM2.5,46,90,64
India,Rajasthan,Ajmer,"Civil Lines,  Ajmer - RSPCB",17-04-2026 19:00,26.470859,74.646594,PM10,73,144,110
India,Rajasthan,Ajmer,"Civil Lines,  Ajmer - RSPCB",17-04-2026 19:00,26.470859,74.646594,NO2,23,36,29
India,Rajasthan,Ajmer,"Civil Lines,  Ajmer - RSPCB",17-04-2026 19:00,26.470859,74.646594,CO,15,103,50
India,Rajasthan,Ajmer,"Civil Lines,  Ajmer - RSPCB",17-04-2026 19:00,26.470859,74.646594,OZONE,5,40,33
India,Rajasthan,Alwar,"Moti Doongri, Alwar - RSPCB",17-04-2026 19:00,27.554793,76.611536,PM2.5,52,91,67
India,Rajasthan,Barmer,"Railway Colony, Barmer - RSPCB",17-04-2026 19:00,25.747299,71.393989,PM10,40,119,77
India,Rajasthan,Barmer,"Railway Colony, Barmer - RSPCB",17-04-2026 19:00,25.747299,71.393989,SO2,3,10,5
India,Rajasthan,Barmer,"Railway Colony, Barmer - RSPCB",17-04-2026 19:00,25.747299,71.393989,OZONE,38,67,57
India,Rajasthan,Bharatpur,"Krishna Nagar, Bharatpur - RSPCB",17-04-2026 19:00,27.215415,77.50873,PM2.5,13,64,36
India,Odisha,Bhubaneswar,"Lingraj Mandir, Bhubaneswar - OSPCB",17-04-2026 19:00,20.24079,85.836784,CO,27,42,32
India,Odisha,Bhubaneswar,"Lingraj Mandir, Bhubaneswar - OSPCB",17-04-2026 19:00,20.24079,85.836784,OZONE,11,50,44
India,Odisha,Bhubaneswar,"Patia, Bhubaneswar - OSPCB",17-04-2026 19:00,20.34652,85.8163,PM2.5,5,57,33
India,Odisha,Brajrajnagar,"GM Office, Brajrajnagar - OSPCB",17-04-2026 19:00,21.8004996,83.8396977,PM2.5,7,246,66
India,Odisha,Brajrajnagar,"GM Office, Brajrajnagar - OSPCB",17-04-2026 19:00,21.8004996,83.8396977,NO2,13,14,14
India,Odisha,Brajrajnagar,"GM Office, Brajrajnagar - OSPCB",17-04-2026 19:00,21.8004996,83.8396977,SO2,20,21,20
India,Odisha,Byasanagar,"Ferro Chrome Colony, Byasanagar - OSPCB",17-04-2026 19:00,20.94185,86.1151,PM2.5,5,70,33
India,Odisha,Byasanagar,"Ferro Chrome Colony, Byasanagar - OSPCB",17-04-2026 19:00,20.94185,86.1151,OZONE,14,87,74
India,Odisha,Cuttack,"CDA Area, Cuttack - OSPCB",17-04-2026 19:00,20.48891,85.84768,PM2.5,2,52,20
India,Rajasthan,Dholpur,"Raja Ganj, Dholpur - RSPCB",17-04-2026 19:00,26.699557,77.898881,PM2.5,37,137,82
India,Rajasthan,Dholpur,"Raja Ganj, Dholpur - RSPCB",17-04-2026 19:00,26.699557,77.898881,PM10,45,126,86
India,Rajasthan,Dholpur,"Raja Ganj, Dholpur - RSPCB",17-04-2026 19:00,26.699557,77.898881,OZONE,38,70,59
India,Rajasthan,Dungarpur,"Bhoiwada, Dungarpur - RSPCB",17-04-2026 19:00,23.837789,73.714926,NH3,17,20,18
India,Rajasthan,Dungarpur,"Bhoiwada, Dungarpur - RSPCB",17-04-2026 19:00,23.837789,73.714926,SO2,5,20,11
India,Rajasthan,Hanumangarh,"Housing Board, Hanumangarh - RSPCB",17-04-2026 19:00,29.61075,74.283608,NH3,5,13,7
India,Rajasthan,Jaipur,"Mansarovar Sector-12, Jaipur - RSPCB",17-04-2026 19:00,26.843698,75.766894,PM2.5,22,167,71
India,Rajasthan,Jaipur,"Mansarovar Sector-12, Jaipur - RSPCB",17-04-2026 19:00,26.843698,75.766894,NO2,14,84,36
India,Rajasthan,Jaipur,"Mansarovar Sector-12, Jaipur - RSPCB",17-04-2026 19:00,26.843698,75.766894,OZONE,12,255,183
India,Punjab,Jalandhar,"Civil Line, Jalandhar - PPCB",17-04-2026 19:00,31.321907,75.578914,CO,36,48,40
India,Punjab,Khanna,"Kalal Majra, Khanna - PPCB",17-04-2026 19:00,30.736056,76.209694,PM10,45,90,71
India,Punjab,Khanna,"Kalal Majra, Khanna - PPCB",17-04-2026 19:00,30.736056,76.209694,SO2,8,12,9
India,Punjab,Ludhiana,"Punjab Agricultural University, Ludhiana - PPCB",17-04-2026 19:00,30.9028,75.8086,CO,20,102,33
India,Punjab,Mandi Gobindgarh,"RIMT University, Mandi Gobindgarh - PPCB",17-04-2026 19:00,30.649961,76.331442,CO,8,100,66
India,Punjab,Mandi Gobindgarh,"RIMT University, Mandi Gobindgarh - PPCB",17-04-2026 19:00,30.649961,76.331442,OZONE,34,44,38
India,Punjab,Patiala,"Model Town, Patiala - PPCB",17-04-2026 19:00,30.349388,76.366642,PM2.5,39,94,74
India,Rajasthan,Bharatpur,"Krishna Nagar, Bharatpur - RSPCB",17-04-2026 19:00,27.215415,77.50873,SO2,6,18,12
India,Rajasthan,Bharatpur,"Krishna Nagar, Bharatpur - RSPCB",17-04-2026 19:00,27.215415,77.50873,OZONE,23,178,156
India,Rajasthan,Bhilwara,"Pratap Nagar, Bhilwara - RSPCB",17-04-2026 19:00,25.339605,74.618883,PM10,65,244,127
India,Rajasthan,Bhilwara,"Pratap Nagar, Bhilwara - RSPCB",17-04-2026 19:00,25.339605,74.618883,CO,20,111,23
India,Rajasthan,Bhiwadi,"Vasundhara Nagar_UIT, Bhiwadi - RSPCB",17-04-2026 19:00,28.207266,76.829265,PM10,91,500,304
India,Rajasthan,Bhiwadi,"Vasundhara Nagar_UIT, Bhiwadi - RSPCB",17-04-2026 19:00,28.207266,76.829265,NO2,7,152,63
India,Rajasthan,Bhiwadi,"Vasundhara Nagar_UIT, Bhiwadi - RSPCB",17-04-2026 19:00,28.207266,76.829265,CO,24,117,28
India,Rajasthan,Bikaner,"MM Ground, Bikaner - RSPCB",17-04-2026 19:00,28.018792,73.292658,NO2,7,84,22
India,Odisha,Suakati,"OMC Colony, Suakati - OSPCB",17-04-2026 19:00,21.606865,85.510538,PM10,NA,NA,NA
India,Odisha,Talcher,"Talcher Coalfields,Talcher - OSPCB",17-04-2026 19:00,20.9360711,85.1707021,SO2,6,29,9
India,Odisha,Talcher,"Talcher Coalfields,Talcher - OSPCB",17-04-2026 19:00,20.9360711,85.1707021,CO,84,94,85
India,Odisha,Talcher,"Talcher Coalfields,Talcher - OSPCB",17-04-2026 19:00,20.9360711,85.1707021,OZONE,20,34,28
India,Puducherry,Puducherry,"Jawahar Nagar, Puducherry - PPCC",17-04-2026 19:00,11.9309,79.8027,NO2,1,15,6
India,Punjab,Amritsar,"Golden Temple, Amritsar - PPCB",17-04-2026 19:00,31.62,74.876512,PM10,73,81,78
India,Rajasthan,Bundi,"New Colony, Bundi - RSPCB",17-04-2026 19:00,25.435774,75.644272,NO2,33,70,50
India,Rajasthan,Bundi,"New Colony, Bundi - RSPCB",17-04-2026 19:00,25.435774,75.644272,OZONE,27,129,109
India,Rajasthan,Chittorgarh,"Shastri Nagar, Chittorgarh - RSPCB",17-04-2026 19:00,24.892047,74.623527,PM10,46,500,125
India,Rajasthan,Churu,"Subash Chowk, Churu - RSPCB",17-04-2026 19:00,28.296139,74.961696,SO2,2,9,6
India,Rajasthan,Dausa,"Khatikan Mohalla, Dausa - RSPCB",17-04-2026 19:00,26.895552,76.334753,NO2,13,122,59
India,Rajasthan,Dausa,"Khatikan Mohalla, Dausa - RSPCB",17-04-2026 19:00,26.895552,76.334753,NH3,9,45,18
India,Odisha,Cuttack,"CDA Area, Cuttack - OSPCB",17-04-2026 19:00,20.48891,85.84768,OZONE,13,82,56
India,Odisha,Nayagarh,"Dabuna, Nayagarh - OSPCB",17-04-2026 19:00,21.847279,85.416905,PM10,42,238,93
India,Odisha,Nayagarh,"Dabuna, Nayagarh - OSPCB",17-04-2026 19:00,21.847279,85.416905,NH3,6,6,6
India,Odisha,Rairangpur,"Divisional Forest Office, Rairangpur - OSPCB",17-04-2026 19:00,22.265816,86.174829,PM10,24,76,46
India,Odisha,Rairangpur,"Divisional Forest Office, Rairangpur - OSPCB",17-04-2026 19:00,22.265816,86.174829,SO2,6,8,7
India,Odisha,Rairangpur,"Divisional Forest Office, Rairangpur - OSPCB",17-04-2026 19:00,22.265816,86.174829,CO,6,22,12
India,Odisha,Rourkela,"Raghunathpali, Rourkela - OSPCB",17-04-2026 19:00,22.220833,84.809444,PM2.5,49,113,63
India,Odisha,Rourkela,"Raghunathpali, Rourkela - OSPCB",17-04-2026 19:00,22.220833,84.809444,PM10,43,167,68
India,Odisha,Rourkela,"Raghunathpali, Rourkela - OSPCB",17-04-2026 19:00,22.220833,84.809444,NH3,1,2,1
India,Odisha,Rourkela,"Raghunathpali, Rourkela - OSPCB",17-04-2026 19:00,22.220833,84.809444,CO,34,105,53
India,Odisha,Rourkela,"Raghunathpali, Rourkela - OSPCB",17-04-2026 19:00,22.220833,84.809444,OZONE,3,24,22
India,Rajasthan,Sawai Madhopur,"Sahu Nagar, Sawai Madhopur - RSPCB",17-04-2026 19:00,26.031443,76.359327,NH3,3,6,5
India,Rajasthan,Sawai Madhopur,"Sahu Nagar, Sawai Madhopur - RSPCB",17-04-2026 19:00,26.031443,76.359327,SO2,3,11,5
India,Rajasthan,Sikar,"Radhakishan Pura, Sikar - RSPCB",17-04-2026 19:00,27.608912,75.153302,PM2.5,33,153,58
India,Rajasthan,Sikar,"Radhakishan Pura, Sikar - RSPCB",17-04-2026 19:00,27.608912,75.153302,PM10,88,246,130
India,Rajasthan,Sikar,"Radhakishan Pura, Sikar - RSPCB",17-04-2026 19:00,27.608912,75.153302,SO2,6,11,7
India,Rajasthan,Sirohi,"Vedhaynath Colony, Sirohi - RSPCB",17-04-2026 19:00,24.885261,72.857549,PM2.5,7,45,22
India,Rajasthan,Sri Ganganagar,"Old City, Sri Ganganagar - RSPCB",17-04-2026 19:00,29.931624,73.864511,PM2.5,46,94,65
India,Rajasthan,Sri Ganganagar,"Old City, Sri Ganganagar - RSPCB",17-04-2026 19:00,29.931624,73.864511,OZONE,82,246,204
India,Rajasthan,Tonk,"Shastri Nagar, Tonk - RSPCB",17-04-2026 19:00,26.159933,75.780517,PM2.5,53,368,142
India,Rajasthan,Kota,"Shrinath Puram, Kota - RSPCB",17-04-2026 19:00,25.14389,75.821256,NH3,3,12,5
India,Rajasthan,Kota,"Shrinath Puram, Kota - RSPCB",17-04-2026 19:00,25.14389,75.821256,CO,4,124,40
India,Rajasthan,Kota,"Shrinath Puram, Kota - RSPCB",17-04-2026 19:00,25.14389,75.821256,OZONE,6,16,8
India,Rajasthan,Nagaur,"Karni Colony, Nagaur - RSPCB",17-04-2026 19:00,27.213494,73.734444,PM10,69,163,103
India,Rajasthan,Nagaur,"Karni Colony, Nagaur - RSPCB",17-04-2026 19:00,27.213494,73.734444,NO2,9,51,17
India,Rajasthan,Nagaur,"Karni Colony, Nagaur - RSPCB",17-04-2026 19:00,27.213494,73.734444,CO,10,46,15
India,Rajasthan,Pali,"Indira Colony Vistar, Pali - RSPCB",17-04-2026 19:00,25.771061,73.340227,PM10,65,184,115
India,Rajasthan,Rajsamand,"Dhoinda, Rajsamand - RSPCB",17-04-2026 19:00,25.03636,73.883502,NO2,11,47,19
India,Rajasthan,Rajsamand,"Dhoinda, Rajsamand - RSPCB",17-04-2026 19:00,25.03636,73.883502,NH3,7,14,11
India,TamilNadu,Chennai,"Royapuram, Chennai - TNPCB",17-04-2026 19:00,13.1036,80.2909,PM10,15,362,58
India,TamilNadu,Chennai,"Royapuram, Chennai - TNPCB",17-04-2026 19:00,13.1036,80.2909,CO,20,26,24
India,TamilNadu,Chennai,"Velachery Res. Area, Chennai - CPCB",17-04-2026 19:00,13.0052189,80.2398125,PM10,32,53,43
India,TamilNadu,Coimbatore,"SIDCO Kurichi, Coimbatore - TNPCB",17-04-2026 19:00,10.942451,76.978996,PM2.5,28,86,61
India,TamilNadu,Coimbatore,"SIDCO Kurichi, Coimbatore - TNPCB",17-04-2026 19:00,10.942451,76.978996,PM10,56,80,68
India,TamilNadu,Gummidipoondi,"Anthoni Pillai Nagar, Gummidipoondi - TNPCB",17-04-2026 19:00,13.4127,80.1081,PM2.5,45,336,127
India,TamilNadu,Gummidipoondi,"Anthoni Pillai Nagar, Gummidipoondi - TNPCB",17-04-2026 19:00,13.4127,80.1081,NO2,17,34,23
India,TamilNadu,Gummidipoondi,"Anthoni Pillai Nagar, Gummidipoondi - TNPCB",17-04-2026 19:00,13.4127,80.1081,SO2,6,35,19
India,Rajasthan,Jodhpur,"Mandor, Jodhpur - RSPCB",17-04-2026 19:00,26.358805,73.047444,PM10,36,109,62
India,Rajasthan,Jodhpur,"Mandor, Jodhpur - RSPCB",17-04-2026 19:00,26.358805,73.047444,SO2,4,12,7
India,Rajasthan,Karauli,"Satyawati Vihar, Karauli - RSPCB",17-04-2026 19:00,26.506177,77.025989,PM2.5,39,222,77
India,Rajasthan,Karauli,"Satyawati Vihar, Karauli - RSPCB",17-04-2026 19:00,26.506177,77.025989,CO,8,110,24
India,Rajasthan,Kota,"Dhanmandi, Kota - RSPCB",17-04-2026 19:00,25.16409,75.858137,PM2.5,27,377,151
India,Rajasthan,Kota,"Dhanmandi, Kota - RSPCB",17-04-2026 19:00,25.16409,75.858137,PM10,108,322,180
India,Rajasthan,Kota,"Dhanmandi, Kota - RSPCB",17-04-2026 19:00,25.16409,75.858137,NO2,39,155,78
India,Rajasthan,Kota,"Nayapura, Kota - RSPCB",17-04-2026 19:00,25.196024,75.855668,PM2.5,25,312,102
India,TamilNadu,Perundurai,"SIPCOT Industrial Park, Perundurai - TNPCB",17-04-2026 19:00,11.258242,77.552761,CO,43,49,46
India,Telangana,Hyderabad,"Central University, Hyderabad - TSPCB",17-04-2026 19:00,17.460103,78.334361,PM2.5,NA,NA,NA
India,Telangana,Hyderabad,"Central University, Hyderabad - TSPCB",17-04-2026 19:00,17.460103,78.334361,NO2,NA,NA,NA
India,Telangana,Hyderabad,"ECIL Kapra, Hyderabad - TSPCB",17-04-2026 19:00,17.470431,78.566959,PM2.5,7,158,49
India,Telangana,Hyderabad,"ECIL Kapra, Hyderabad - TSPCB",17-04-2026 19:00,17.470431,78.566959,NO2,4,40,20
India,Telangana,Hyderabad,"ECIL Kapra, Hyderabad - TSPCB",17-04-2026 19:00,17.470431,78.566959,CO,14,36,23
India,Telangana,Hyderabad,"ICRISAT Patancheru, Hyderabad - TSPCB",17-04-2026 19:00,17.5184,78.278777,PM2.5,NA,NA,NA
India,Telangana,Hyderabad,"ICRISAT Patancheru, Hyderabad - TSPCB",17-04-2026 19:00,17.5184,78.278777,NO2,4,18,12
India,Rajasthan,Udaipur,"Ashok Nagar, Udaipur - RSPCB",17-04-2026 19:00,24.5886166,73.6321397,NO2,1,76,38
India,Rajasthan,Udaipur,"Ashok Nagar, Udaipur - RSPCB",17-04-2026 19:00,24.5886166,73.6321397,SO2,2,19,7
India,TamilNadu,Chennai,"Arumbakkam, Chennai - TNPCB",17-04-2026 19:00,13.0664,80.2112,NH3,2,2,2
India,TamilNadu,Chennai,"Kodungaiyur, Chennai - TNPCB",17-04-2026 19:00,13.1278,80.2642,PM2.5,9,35,20
India,TamilNadu,Chennai,"Kodungaiyur, Chennai - TNPCB",17-04-2026 19:00,13.1278,80.2642,PM10,2,188,52
India,TamilNadu,Chennai,"Manali Village, Chennai - TNPCB",17-04-2026 19:00,13.1662,80.2584,NO2,4,7,6
India,Rajasthan,Jaisalmer,"Sadar Bazar, Jaisalmer - RSPCB",17-04-2026 19:00,26.912329,70.909168,OZONE,35,72,45
India,Rajasthan,Jalore,"Mudtra Sili, Jalore - RSPCB",17-04-2026 19:00,25.344694,72.626208,PM10,32,115,68
India,Rajasthan,Jalore,"Mudtra Sili, Jalore - RSPCB",17-04-2026 19:00,25.344694,72.626208,SO2,2,43,12
India,Rajasthan,Jalore,"Mudtra Sili, Jalore - RSPCB",17-04-2026 19:00,25.344694,72.626208,CO,8,43,21
India,Rajasthan,Jodhpur,"Collectorate, Jodhpur - RSPCB",17-04-2026 19:00,26.268249,73.0193853,NH3,6,13,9
India,Rajasthan,Jodhpur,"Digari Kalan, Jodhpur - RSPCB",17-04-2026 19:00,26.29581,73.082283,PM2.5,NA,NA,NA
India,Rajasthan,Jodhpur,"Digari Kalan, Jodhpur - RSPCB",17-04-2026 19:00,26.29581,73.082283,NO2,NA,NA,NA
India,Rajasthan,Jodhpur,"Digari Kalan, Jodhpur - RSPCB",17-04-2026 19:00,26.29581,73.082283,CO,4,60,8
India,Rajasthan,Jaipur,"Police Commissionerate, Jaipur - RSPCB",17-04-2026 19:00,26.9164092,75.7994901,SO2,36,51,42
India,Rajasthan,Jaipur,"Police Commissionerate, Jaipur - RSPCB",17-04-2026 19:00,26.9164092,75.7994901,OZONE,16,102,87
India,Rajasthan,Jaipur,"Sector-2 Murlipura, Jaipur - RSPCB",17-04-2026 19:00,26.960669,75.771817,CO,40,83,43
India,Uttar_Pradesh,Ghaziabad,"Loni, Ghaziabad - UPPCB",17-04-2026 19:00,28.757294,77.278792,NH3,1,17,8
India,Uttar_Pradesh,Ghaziabad,"Sanjay Nagar, Ghaziabad - UPPCB",17-04-2026 19:00,28.685382,77.453839,NO2,31,185,104
India,Uttar_Pradesh,Ghaziabad,"Sanjay Nagar, Ghaziabad - UPPCB",17-04-2026 19:00,28.685382,77.453839,CO,2,122,31
India,Uttar_Pradesh,Ghaziabad,"Sanjay Nagar, Ghaziabad - UPPCB",17-04-2026 19:00,28.685382,77.453839,OZONE,5,125,72
India,Uttar_Pradesh,Ghaziabad,"Vasundhara, Ghaziabad - UPPCB",17-04-2026 19:00,28.6603346,77.3572563,NO2,53,202,121
India,Uttar_Pradesh,Ghaziabad,"Vasundhara, Ghaziabad - UPPCB",17-04-2026 19:00,28.6603346,77.3572563,SO2,6,107,37
India,Uttar_Pradesh,Ghaziabad,"Ved Vihar-Loni, Ghaziabad - UPPCB",17-04-2026 19:00,28.739153,77.273668,SO2,5,12,7
India,Uttar_Pradesh,Gorakhpur,"Madan Mohan Malaviya University of Technology, Gorakhpur - UPPCB",17-04-2026 19:00,26.730136,83.433859,PM2.5,56,500,114
India,Uttar_Pradesh,Gorakhpur,"Madan Mohan Malaviya University of Technology, Gorakhpur - UPPCB",17-04-2026 19:00,26.730136,83.433859,NO2,10,12,11
India,Uttar_Pradesh,Gorakhpur,"Madan Mohan Malaviya University of Technology, Gorakhpur - UPPCB",17-04-2026 19:00,26.730136,83.433859,NH3,1,1,1
India,Uttar_Pradesh,Gorakhpur,"Madan Mohan Malaviya University of Technology, Gorakhpur - UPPCB",17-04-2026 19:00,26.730136,83.433859,OZONE,2,5,4
India,Uttar_Pradesh,Hapur,"Anand Vihar, Hapur - UPPCB",17-04-2026 19:00,28.725645,77.749675,PM2.5,71,329,223
India,Uttar_Pradesh,Hapur,"Anand Vihar, Hapur - UPPCB",17-04-2026 19:00,28.725645,77.749675,SO2,33,64,45
India,Uttar_Pradesh,Hapur,"Anand Vihar, Hapur - UPPCB",17-04-2026 19:00,28.725645,77.749675,CO,60,115,71
India,Uttar_Pradesh,Jhansi,"Shivaji Nagar, Jhansi - UPPCB",17-04-2026 19:00,25.4547,78.6039,OZONE,4,15,8
India,Uttar_Pradesh,Kanpur,"FTI Kidwai Nagar, Kanpur - UPPCB",17-04-2026 19:00,26.428282,80.327067,PM2.5,6,303,111
India,Uttar_Pradesh,Kanpur,"NSI Kalyanpur, Kanpur - UPPCB",17-04-2026 19:00,26.509954,80.249612,PM2.5,33,306,114
India,Uttar_Pradesh,Kanpur,"NSI Kalyanpur, Kanpur - UPPCB",17-04-2026 19:00,26.509954,80.249612,NO2,28,29,28
India,Uttar_Pradesh,Kanpur,"NSI Kalyanpur, Kanpur - UPPCB",17-04-2026 19:00,26.509954,80.249612,OZONE,16,17,16
India,Uttar_Pradesh,Kanpur,"Nehru Nagar, Kanpur - UPPCB",17-04-2026 19:00,26.4703136,80.3229863,PM10,38,155,107
India,Uttar_Pradesh,Lucknow,"Kukrail Picnic Spot-1, Lucknow - UPPCB",17-04-2026 19:00,26.90723,80.98579,PM10,72,203,142
India,Uttar_Pradesh,Lucknow,"Lalbagh, Lucknow - CPCB",17-04-2026 19:00,26.8458805,80.9365541,PM10,102,176,148
India,Uttar_Pradesh,Lucknow,"Lalbagh, Lucknow - CPCB",17-04-2026 19:00,26.8458805,80.9365541,SO2,1,17,7
India,Uttar_Pradesh,Lucknow,"Lalbagh, Lucknow - CPCB",17-04-2026 19:00,26.8458805,80.9365541,CO,25,116,37
India,Uttar_Pradesh,Lucknow,"Talkatora District Industries Center, Lucknow - CPCB",17-04-2026 19:00,26.83399722,80.8917361,PM10,117,179,152
India,Uttar_Pradesh,Meerut,"Jai Bhim Nagar, Meerut - UPPCB",17-04-2026 19:00,28.9535882,77.7622941,NO2,7,81,34
India,Uttar_Pradesh,Meerut,"Jai Bhim Nagar, Meerut - UPPCB",17-04-2026 19:00,28.9535882,77.7622941,SO2,9,17,12
India,Uttar_Pradesh,Meerut,"Jai Bhim Nagar, Meerut - UPPCB",17-04-2026 19:00,28.9535882,77.7622941,CO,25,102,31
India,Telangana,Hyderabad,"Zoo Park, Hyderabad - TSPCB",17-04-2026 19:00,17.349694,78.451437,CO,3,46,29
India,Telangana,Hyderabad,"Zoo Park, Hyderabad - TSPCB",17-04-2026 19:00,17.349694,78.451437,OZONE,22,27,25
India,Tripura,Agartala,"Bardowali, Agartala - Tripura SPCB",17-04-2026 19:00,23.8175497,91.2726974,PM10,76,139,104
India,Uttar_Pradesh,Agra,"Manoharpur, Agra - UPPCB",17-04-2026 19:00,27.23711,78.01936,NO2,19,20,20
India,Uttar_Pradesh,Agra,"Manoharpur, Agra - UPPCB",17-04-2026 19:00,27.23711,78.01936,SO2,14,47,26
India,Uttar_Pradesh,Agra,"Rohta, Agra - UPPCB",17-04-2026 19:00,27.106972,78.000111,PM2.5,24,170,75
India,Uttar_Pradesh,Agra,"Rohta, Agra - UPPCB",17-04-2026 19:00,27.106972,78.000111,OZONE,10,14,10
India,Uttar_Pradesh,Bulandshahr,"Yamunapuram, Bulandshahr - UPPCB",17-04-2026 19:00,28.406963,77.849831,NH3,7,14,10
India,Uttar_Pradesh,Firozabad,"Vibhab Nagar, Firozabad - UPPCB",17-04-2026 19:00,27.1594,78.3953,PM10,68,169,118
India,Uttar_Pradesh,Ghaziabad,"Govindpuram, Ghaziabad - UPPCB",17-04-2026 19:00,28.694528,77.494705,PM10,NA,NA,NA
India,Uttar_Pradesh,Ghaziabad,"Govindpuram, Ghaziabad - UPPCB",17-04-2026 19:00,28.694528,77.494705,NH3,NA,NA,NA
India,Uttar_Pradesh,Ghaziabad,"Govindpuram, Ghaziabad - UPPCB",17-04-2026 19:00,28.694528,77.494705,OZONE,NA,NA,NA
India,Uttar_Pradesh,Ghaziabad,"Indirapuram, Ghaziabad - UPPCB",17-04-2026 19:00,28.646233,77.358075,SO2,22,31,29
India,Uttar_Pradesh,Ghaziabad,"Loni, Ghaziabad - UPPCB",17-04-2026 19:00,28.757294,77.278792,PM2.5,92,500,326
India,Uttar_Pradesh,Khora,"Prashant Garden, Khora - UPPCB",17-04-2026 19:00,28.61119,77.34206,NO2,100,187,147
India,Uttar_Pradesh,Khora,"Prashant Garden, Khora - UPPCB",17-04-2026 19:00,28.61119,77.34206,OZONE,5,305,235
India,Uttar_Pradesh,Khurja,"Kalindi Kunj, Khurja - UPPCB",17-04-2026 19:00,28.2348927,77.8683002,SO2,10,11,10
India,Uttar_Pradesh,Lucknow,"B R Ambedkar University, Lucknow - UPPCB",17-04-2026 19:00,26.766433,80.927299,CO,26,32,28
India,Uttar_Pradesh,Lucknow,"Gomti Nagar, Lucknow - UPPCB",17-04-2026 19:00,26.86812,81.005119,NO2,9,12,10
India,Uttar_Pradesh,Lucknow,"Kendriya Vidyalaya, Lucknow - CPCB",17-04-2026 19:00,26.906111,80.948222,PM10,113,248,191
India,Uttar_Pradesh,Agra,"Shastripuram, Agra - UPPCB",17-04-2026 19:00,27.19862,77.92066,NH3,3,3,3
India,Uttar_Pradesh,Agra,"Shastripuram, Agra - UPPCB",17-04-2026 19:00,27.19862,77.92066,CO,9,30,11
India,Uttar_Pradesh,Baghpat,"Sardar Patel Inter College, Baghpat - UPPCB",17-04-2026 19:00,28.964949,77.278761,CO,16,103,51
India,Uttar_Pradesh,Bareilly,"Civil Lines, Bareilly - UPPCB",17-04-2026 19:00,28.359581,79.414455,PM2.5,39,304,63
India,Uttar_Pradesh,Bareilly,"Civil Lines, Bareilly - UPPCB",17-04-2026 19:00,28.359581,79.414455,CO,47,103,61
India,Telangana,Hyderabad,"IDA Pashamylaram, Hyderabad - TSPCB",17-04-2026 19:00,17.5316895,78.218939,PM2.5,NA,NA,NA
India,Telangana,Hyderabad,"IDA Pashamylaram, Hyderabad - TSPCB",17-04-2026 19:00,17.5316895,78.218939,CO,17,75,48
India,Telangana,Hyderabad,"IITH Kandi, Hyderabad - TSPCB",17-04-2026 19:00,17.585705,78.126199,PM10,62,95,73
India,Telangana,Hyderabad,"IITH Kandi, Hyderabad - TSPCB",17-04-2026 19:00,17.585705,78.126199,OZONE,24,35,32
India,Telangana,Hyderabad,"Nacharam_TSIIC IALA, Hyderabad - TSPCB",17-04-2026 19:00,17.429398,78.569354,SO2,10,16,13
India,Telangana,Hyderabad,"Ramachandrapuram, Hyderabad - TSPCB",17-04-2026 19:00,17.528544,78.286195,SO2,12,19,16
India,Telangana,Hyderabad,"Sanathnagar, Hyderabad - TSPCB",17-04-2026 19:00,17.4559458,78.4332152,NO2,32,54,50
India,Uttar_Pradesh,Meerut,"Pallavpuram Phase 2, Meerut - UPPCB",17-04-2026 19:00,29.06351,77.709723,PM2.5,38,207,112
India,Uttar_Pradesh,Meerut,"Pallavpuram Phase 2, Meerut - UPPCB",17-04-2026 19:00,29.06351,77.709723,NH3,7,19,10
India,Uttar_Pradesh,Modinagar,"SRM University, Modinagar - UPPCB",17-04-2026 19:00,28.798171,77.540243,NO2,31,120,78
India,Uttar_Pradesh,Modinagar,"SRM University, Modinagar - UPPCB",17-04-2026 19:00,28.798171,77.540243,NH3,3,4,3
India,Uttar_Pradesh,Moradabad,"Buddhi Vihar, Moradabad - UPPCB",17-04-2026 19:00,28.83526,78.7446,PM2.5,29,110,68
India,Uttar_Pradesh,Moradabad,"Buddhi Vihar, Moradabad - UPPCB",17-04-2026 19:00,28.83526,78.7446,PM10,52,136,105
India,Uttar_Pradesh,Moradabad,"Buddhi Vihar, Moradabad - UPPCB",17-04-2026 19:00,28.83526,78.7446,NH3,5,5,5
India,Uttar_Pradesh,Moradabad,"Buddhi Vihar, Moradabad - UPPCB",17-04-2026 19:00,28.83526,78.7446,CO,10,50,28
India,Uttar_Pradesh,Moradabad,"Eco Herbal Park, Moradabad - UPPCB",17-04-2026 19:00,28.840739,78.697531,SO2,10,24,16
India,Uttar_Pradesh,Moradabad,"Eco Herbal Park, Moradabad - UPPCB",17-04-2026 19:00,28.840739,78.697531,CO,27,105,62
India,Uttar_Pradesh,Moradabad,"Employment Office, Moradabad - UPPCB",17-04-2026 19:00,28.88528,78.7388,NO2,16,16,16
India,Uttar_Pradesh,Moradabad,"Employment Office, Moradabad - UPPCB",17-04-2026 19:00,28.88528,78.7388,NH3,4,4,4
India,Uttar_Pradesh,Moradabad,"Employment Office, Moradabad - UPPCB",17-04-2026 19:00,28.88528,78.7388,SO2,27,32,29
India,West_Bengal,Asansol,"Trivenidevi Bhalotia College, Asansol - WBPCB",17-04-2026 19:00,23.616515,87.119133,NO2,4,26,11
India,West_Bengal,Asansol,"Trivenidevi Bhalotia College, Asansol - WBPCB",17-04-2026 19:00,23.616515,87.119133,NH3,4,5,4
India,West_Bengal,Barrackpore,"SVSPA Campus, Barrackpore - WBPCB",17-04-2026 19:00,22.7605581,88.3617589,PM10,25,64,45
India,West_Bengal,Barrackpore,"SVSPA Campus, Barrackpore - WBPCB",17-04-2026 19:00,22.7605581,88.3617589,CO,18,34,24
India,West_Bengal,Durgapur,"Mahishkapur Road_B-Zone, Durgapur - WBPCB",17-04-2026 19:00,23.567923,87.306843,NH3,2,3,3
India,West_Bengal,Durgapur,"PCBL Residential Complex, Durgapur - WBPCB",17-04-2026 19:00,23.508764,87.35444,PM10,36,75,53
India,West_Bengal,Durgapur,"PCBL Residential Complex, Durgapur - WBPCB",17-04-2026 19:00,23.508764,87.35444,SO2,5,10,6
India,West_Bengal,Durgapur,"Womens College_City Center, Durgapur - WBPCB",17-04-2026 19:00,23.549395,87.300496,NO2,20,27,24
India,West_Bengal,Haldia,"Priyambada Housing Estate, Haldia - WBPCB",17-04-2026 19:00,22.06047,88.109737,NH3,4,4,4
India,West_Bengal,Haldia,"Priyambada Housing Estate, Haldia - WBPCB",17-04-2026 19:00,22.06047,88.109737,SO2,3,22,13
India,West_Bengal,Kolkata,"Ballygunge, Kolkata - WBPCB",17-04-2026 19:00,22.5367507,88.3638022,NH3,7,9,8
India,West_Bengal,Kolkata,"Bidhannagar, Kolkata - WBPCB",17-04-2026 19:00,22.58157048,88.41002457,PM10,26,56,42
India,West_Bengal,Kolkata,"Fort William, Kolkata - WBPCB",17-04-2026 19:00,22.55664,88.342674,PM2.5,18,37,25
India,West_Bengal,Kolkata,"Fort William, Kolkata - WBPCB",17-04-2026 19:00,22.55664,88.342674,CO,14,20,18
India,West_Bengal,Kolkata,"Jadavpur, Kolkata - WBPCB",17-04-2026 19:00,22.49929,88.36917,PM2.5,29,49,39
India,West_Bengal,Kolkata,"Jadavpur, Kolkata - WBPCB",17-04-2026 19:00,22.49929,88.36917,PM10,24,48,36
India,West_Bengal,Kolkata,"Jadavpur, Kolkata - WBPCB",17-04-2026 19:00,22.49929,88.36917,OZONE,6,33,24
India,West_Bengal,Kolkata,"Rabindra Bharati University, Kolkata - WBPCB",17-04-2026 19:00,22.627847,88.380669,PM2.5,16,77,43
India,West_Bengal,Kolkata,"Rabindra Sarobar, Kolkata - WBPCB",17-04-2026 19:00,22.51106,88.35142,PM2.5,11,39,21
India,West_Bengal,Kolkata,"Rabindra Sarobar, Kolkata - WBPCB",17-04-2026 19:00,22.51106,88.35142,PM10,23,43,33
India,West_Bengal,Howrah,"Belur Math, Howrah - WBPCB",17-04-2026 19:00,22.629801,88.352017,SO2,6,9,7
India,West_Bengal,Howrah,"Belur Math, Howrah - WBPCB",17-04-2026 19:00,22.629801,88.352017,CO,7,24,19
India,West_Bengal,Howrah,"Botanical Garden, Howrah - WBPCB",17-04-2026 19:00,22.554954,88.292568,PM2.5,18,33,25
India,West_Bengal,Howrah,"Botanical Garden, Howrah - WBPCB",17-04-2026 19:00,22.554954,88.292568,CO,2,12,10
India,West_Bengal,Howrah,"Dasnagar, Howrah - WBPCB",17-04-2026 19:00,22.6025571,88.3105664,NO2,6,20,9
India,West_Bengal,Howrah,"Dasnagar, Howrah - WBPCB",17-04-2026 19:00,22.6025571,88.3105664,NH3,1,1,1
India,West_Bengal,Howrah,"Dasnagar, Howrah - WBPCB",17-04-2026 19:00,22.6025571,88.3105664,SO2,9,10,9
India,West_Bengal,Howrah,"Padmapukur, Howrah - WBPCB",17-04-2026 19:00,22.5687319,88.2797276,PM10,37,73,52
India,West_Bengal,Howrah,"Padmapukur, Howrah - WBPCB",17-04-2026 19:00,22.5687319,88.2797276,NO2,12,12,12
India,West_Bengal,Howrah,"Padmapukur, Howrah - WBPCB",17-04-2026 19:00,22.5687319,88.2797276,NH3,4,4,4
India,Uttar_Pradesh,Noida,"Sector-116, Noida - UPPCB",17-04-2026 19:00,28.56923,77.393848,NH3,9,20,13
India,Uttar_Pradesh,Noida,"Sector-116, Noida - UPPCB",17-04-2026 19:00,28.56923,77.393848,OZONE,5,95,55
India,Uttar_Pradesh,Prayagraj,"Jhunsi, Prayagraj - UPPCB",17-04-2026 19:00,25.425602,81.917152,PM2.5,NA,NA,NA
India,Uttar_Pradesh,Prayagraj,"Jhunsi, Prayagraj - UPPCB",17-04-2026 19:00,25.425602,81.917152,NO2,6,6,6
India,Uttar_Pradesh,Prayagraj,"Jhunsi, Prayagraj - UPPCB",17-04-2026 19:00,25.425602,81.917152,CO,12,53,17
India,Uttar_Pradesh,Prayagraj,"Jhunsi, Prayagraj - UPPCB",17-04-2026 19:00,25.425602,81.917152,OZONE,19,106,75
India,Uttar_Pradesh,Prayagraj,"Motilal Nehru NIT, Prayagraj - UPPCB",17-04-2026 19:00,25.494,81.863,NO2,12,12,12
India,Uttar_Pradesh,Prayagraj,"Motilal Nehru NIT, Prayagraj - UPPCB",17-04-2026 19:00,25.494,81.863,NH3,7,9,8
India,Uttar_Pradesh,Prayagraj,"Nagar Nigam, Prayagraj - UPPCB",17-04-2026 19:00,25.44919916,81.82735986,PM2.5,24,69,42
India,Uttar_Pradesh,Moradabad,"Kashiram Nagar, Moradabad - UPPCB",17-04-2026 19:00,28.849399,78.742362,NH3,4,4,4
India,Uttar_Pradesh,Moradabad,"Transport Nagar, Moradabad - UPPCB",17-04-2026 19:00,28.802625,78.753728,NH3,5,5,5
India,Uttar_Pradesh,Moradabad,"Transport Nagar, Moradabad - UPPCB",17-04-2026 19:00,28.802625,78.753728,CO,52,96,74
India,Uttar_Pradesh,Muzaffarnagar,"New Mandi, Muzaffarnagar - UPPCB",17-04-2026 19:00,29.4723508,77.7194031,PM2.5,50,346,217
India,Uttar_Pradesh,Noida,"Sector - 125, Noida - UPPCB",17-04-2026 19:00,28.5447608,77.3231257,CO,32,132,85
India,Uttarakhand,Rishikesh,"Shivaji Nagar, Rishikesh - UKPCB",17-04-2026 19:00,30.075911,78.2859547,NH3,8,11,11
India,Uttarakhand,Rishikesh,"Shivaji Nagar, Rishikesh - UKPCB",17-04-2026 19:00,30.075911,78.2859547,OZONE,56,69,64
India,West_Bengal,Asansol,"Asansol Court Area, Asansol - WBPCB",17-04-2026 19:00,23.685297,86.945968,OZONE,10,39,32
India,West_Bengal,Asansol,"Evelyn Lodge, Asansol - WBPCB",17-04-2026 19:00,23.697936,86.944395,NH3,5,6,6
India,West_Bengal,Asansol,"Evelyn Lodge, Asansol - WBPCB",17-04-2026 19:00,23.697936,86.944395,SO2,67,70,68
India,Uttar_Pradesh,Varanasi,"IESD Banaras Hindu University, Varanasi - UPPCB",17-04-2026 19:00,25.262326,82.995408,PM10,57,139,104
India,Uttar_Pradesh,Varanasi,"IESD Banaras Hindu University, Varanasi - UPPCB",17-04-2026 19:00,25.262326,82.995408,NO2,2,3,2
India,Uttar_Pradesh,Varanasi,"Maldahiya, Varanasi - UPPCB",17-04-2026 19:00,25.32393,82.99687,NO2,2,3,2
India,Uttar_Pradesh,Varanasi,"Maldahiya, Varanasi - UPPCB",17-04-2026 19:00,25.32393,82.99687,SO2,30,33,31
India,Uttar_Pradesh,Vrindavan,"Omex Eternity, Vrindavan - UPPCB",17-04-2026 19:00,27.571409,77.655757,PM10,47,192,105
India,West_Bengal,Kolkata,"Victoria, Kolkata - WBPCB",17-04-2026 19:00,22.5448082,88.3403691,PM10,35,77,49
India,West_Bengal,Kolkata,"Victoria, Kolkata - WBPCB",17-04-2026 19:00,22.5448082,88.3403691,NO2,25,36,28
India,West_Bengal,Kolkata,"Victoria, Kolkata - WBPCB",17-04-2026 19:00,22.5448082,88.3403691,OZONE,23,67,38
India,West_Bengal,Siliguri,"Ward-32 Bapupara, Siliguri - WBPCB",17-04-2026 19:00,26.6879226,88.4152495,PM10,48,87,61
India,Bihar,Patna,"Govt. High School Shikarpur, Patna - BSPCB",17-04-2026 19:00,25.592539,85.227158,OZONE,18,93,80
India,Bihar,Patna,"IGSC Planetarium Complex, Patna - BSPCB",17-04-2026 19:00,25.610369,85.132568,PM2.5,53,103,75
India,Bihar,Patna,"Muradpur, Patna - BSPCB",17-04-2026 19:00,25.619651,85.147382,NH3,4,5,5
India,Bihar,Patna,"Muradpur, Patna - BSPCB",17-04-2026 19:00,25.619651,85.147382,OZONE,4,6,5
India,Bihar,Patna,"Rajbansi Nagar, Patna - BSPCB",17-04-2026 19:00,25.599486,85.113666,PM10,59,82,70
India,Bihar,Patna,"Samanpura, Patna - BSPCB",17-04-2026 19:00,25.596727,85.085624,SO2,4,7,5
India,Bihar,Purnia,"Mariam Nagar, Purnia - BSPCB",17-04-2026 19:00,25.366336,87.117468,NH3,2,2,2
India,Bihar,Purnia,"Mariam Nagar, Purnia - BSPCB",17-04-2026 19:00,25.366336,87.117468,CO,58,101,74
India,Bihar,Rajgir,"Dangi Tola, Rajgir - BSPCB",17-04-2026 19:00,25.0328,85.41948,SO2,NA,NA,NA
India,Bihar,Bhagalpur,"Mayaganj, Bhagalpur - BSPCB",17-04-2026 19:00,25.265194,87.012947,PM10,61,142,97
India,Bihar,Bhagalpur,"Mayaganj, Bhagalpur - BSPCB",17-04-2026 19:00,25.265194,87.012947,SO2,51,74,58
India,Bihar,Bihar Sharif,"D M Colony, Bihar Sharif - BSPCB",17-04-2026 19:00,25.204762,85.51496,PM10,18,36,27
India,Bihar,Bihar Sharif,"D M Colony, Bihar Sharif - BSPCB",17-04-2026 19:00,25.204762,85.51496,NO2,9,10,9
India,Bihar,Bihar Sharif,"D M Colony, Bihar Sharif - BSPCB",17-04-2026 19:00,25.204762,85.51496,NH3,3,3,3
India,Bihar,Bihar Sharif,"D M Colony, Bihar Sharif - BSPCB",17-04-2026 19:00,25.204762,85.51496,OZONE,1,2,2
India,Bihar,Buxar,"Charitra Van, Buxar - BSPCB",17-04-2026 19:00,25.56752,83.966379,NO2,9,10,10
India,Bihar,Buxar,"Charitra Van, Buxar - BSPCB",17-04-2026 19:00,25.56752,83.966379,SO2,30,35,33
India,Bihar,Gaya,"Collectorate, Gaya - BSPCB",17-04-2026 19:00,24.7955,84.9994,PM2.5,47,225,97
India,Bihar,Gaya,"Kareemganj, Gaya - BSPCB",17-04-2026 19:00,24.792403,84.992416,SO2,42,44,43
India,Bihar,Araria,"Kharahiya Basti, Araria - BSPCB",17-04-2026 19:00,26.146529,87.454184,NO2,13,17,14
India,Bihar,Arrah,"New DM Office, Arrah - BSPCB",17-04-2026 19:00,25.5626095,84.663264,CO,40,64,56
India,Bihar,Aurangabad,"Gurdeo Nagar, Aurangabad - BSPCB",17-04-2026 19:00,24.75746,84.366208,PM10,27,121,73
India,Bihar,Aurangabad,"Gurdeo Nagar, Aurangabad - BSPCB",17-04-2026 19:00,24.75746,84.366208,NH3,1,2,1
India,Bihar,Begusarai,"Lohiyanagar, Begusarai - BSPCB",17-04-2026 19:00,25.42742023,86.13886079,PM10,40,74,58
India,Bihar,Begusarai,"Lohiyanagar, Begusarai - BSPCB",17-04-2026 19:00,25.42742023,86.13886079,CO,16,21,17
India,Bihar,Bettiah,"Kamalnath Nagar, Bettiah - BSPCB",17-04-2026 19:00,26.80365,84.51954,PM2.5,12,47,21
India,Bihar,Bhagalpur,"DM Office_Kachari Chowk, Bhagalpur - BSPCB",17-04-2026 19:00,25.251013,86.989001,SO2,NA,NA,NA
India,Bihar,Gaya,"SFTI Kusdihra, Gaya - BSPCB",17-04-2026 19:00,24.762518,84.982348,NO2,16,24,19
India,Bihar,Gaya,"SFTI Kusdihra, Gaya - BSPCB",17-04-2026 19:00,24.762518,84.982348,SO2,7,8,8
India,Bihar,Hajipur,"Industrial Area, Hajipur - BSPCB",17-04-2026 19:00,25.697189,85.2459,PM2.5,49,116,70
India,Bihar,Katihar,"Mirchaibari, Katihar - BSPCB",17-04-2026 19:00,25.560083,87.553265,PM2.5,23,40,28
India,Bihar,Katihar,"Mirchaibari, Katihar - BSPCB",17-04-2026 19:00,25.560083,87.553265,OZONE,4,40,18
India,Bihar,Manguraha,"Forest Rest House, Manguraha - BSPCB",17-04-2026 19:00,27.308328,84.531742,CO,32,34,32
India,Bihar,Manguraha,"Forest Rest House, Manguraha - BSPCB",17-04-2026 19:00,27.308328,84.531742,OZONE,7,13,10
India,Bihar,Motihari,"Gandak Colony, Motihari - BSPCB",17-04-2026 19:00,26.63086,84.90051,NH3,3,3,3
India,Bihar,Motihari,"Gandak Colony, Motihari - BSPCB",17-04-2026 19:00,26.63086,84.90051,CO,14,22,17
India,Andhra_Pradesh,Chittoor,"Gangineni Cheruvu, Chittoor - APPCB",17-04-2026 19:00,13.20488,79.097889,CO,7,24,16
India,Andhra_Pradesh,Eluru,"District Court, Eluru - APPCB",17-04-2026 19:00,16.711754,81.092095,PM2.5,35,68,48
India,Andhra_Pradesh,Eluru,"District Court, Eluru - APPCB",17-04-2026 19:00,16.711754,81.092095,PM10,33,65,49
India,Andhra_Pradesh,Guntur,"Rajendra Nagar North, Guntur - APPCB",17-04-2026 19:00,16.316553,80.413302,NH3,1,4,3
India,Andhra_Pradesh,Machilipatnam,"Srinivas Nagar Colony, Machilipatnam - APPCB",17-04-2026 19:00,16.186555,81.13219,SO2,13,20,15
India,Andhra_Pradesh,Machilipatnam,"Srinivas Nagar Colony, Machilipatnam - APPCB",17-04-2026 19:00,16.186555,81.13219,CO,1,42,24
India,Andhra_Pradesh,Rajamahendravaram,"Anand Kala Kshetram, Rajamahendravaram - APPCB",17-04-2026 19:00,16.9872867,81.7363176,PM2.5,NA,NA,NA
India,Assam,Guwahati,"LGBI Airport, Guwahati - PCBA",17-04-2026 19:00,26.10887,91.589544,NH3,1,13,5
India,Assam,Guwahati,"Railway Colony, Guwahati - PCBA",17-04-2026 19:00,26.181742,91.78063,PM10,43,96,60
India,Assam,Nalbari,"Bata Chowk, Nalbari - PCBA",17-04-2026 19:00,26.446912,91.439057,PM10,25,54,39
India,Assam,Silchar,"Tarapur, Silchar - PCBA",17-04-2026 19:00,24.82827,92.79525,PM10,42,67,50
India,Assam,Silchar,"Tarapur, Silchar - PCBA",17-04-2026 19:00,24.82827,92.79525,CO,38,62,53
India,Assam,Silchar,"Tarapur, Silchar - PCBA",17-04-2026 19:00,24.82827,92.79525,OZONE,2,6,4
India,Assam,Sivasagar,"Girls College, Sivasagar - PCBA",17-04-2026 19:00,26.987634,94.636574,PM10,35,89,52
India,Assam,Sivasagar,"Girls College, Sivasagar - PCBA",17-04-2026 19:00,26.987634,94.636574,OZONE,9,98,86
India,Andhra_Pradesh,Rajamahendravaram,"Anand Kala Kshetram, Rajamahendravaram - APPCB",17-04-2026 19:00,16.9872867,81.7363176,SO2,NA,NA,NA
India,Andhra_Pradesh,Tirumala,"Toll Gate, Tirumala - APPCB",17-04-2026 19:00,13.67,79.35,PM10,38,115,68
India,Andhra_Pradesh,Tirumala,"Toll Gate, Tirumala - APPCB",17-04-2026 19:00,13.67,79.35,NO2,23,68,45
India,Andhra_Pradesh,Tirumala,"Toll Gate, Tirumala - APPCB",17-04-2026 19:00,13.67,79.35,SO2,1,18,9
India,Andhra_Pradesh,Tirupati,"Vaikuntapuram, Tirupati - APPCB",17-04-2026 19:00,13.615387,79.40923,NO2,19,32,22
India,Andhra_Pradesh,Vijayawada,"Kanuru, Vijayawada - APPCB",17-04-2026 19:00,16.486692,80.699436,CO,36,48,43
India,Andhra_Pradesh,Vijayawada,"Rajiv Gandhi Park, Vijayawada - APPCB",17-04-2026 19:00,16.509717,80.612222,CO,36,53,40
India,Andhra_Pradesh,Vijayawada,"Rajiv Nagar, Vijayawada - APPCB",17-04-2026 19:00,16.554731,80.64911,NO2,17,27,25
India,Andhra_Pradesh,Vijayawada,"Rajiv Nagar, Vijayawada - APPCB",17-04-2026 19:00,16.554731,80.64911,SO2,13,18,15
India,Andhra_Pradesh,Visakhapatnam,"GVM Corporation, Visakhapatnam - APPCB",17-04-2026 19:00,17.72,83.3,PM10,52,230,97
India,Andhra_Pradesh,Visakhapatnam,"GVM Corporation, Visakhapatnam - APPCB",17-04-2026 19:00,17.72,83.3,NO2,26,75,44
India,Andhra_Pradesh,Visakhapatnam,"GVM Corporation, Visakhapatnam - APPCB",17-04-2026 19:00,17.72,83.3,SO2,11,102,34
India,Arunachal_Pradesh,Naharlagun,"Naharlagun, Naharlagun - APSPCB",17-04-2026 19:00,27.103358,93.679645,PM2.5,2,166,64
India,Assam,Guwahati,"IITG, Guwahati - PCBA",17-04-2026 19:00,26.2028636,91.70046436,NO2,1,2,1
India,Bihar,Munger,"Town Hall, Munger - BSPCB",17-04-2026 19:00,25.376776,86.471523,PM10,14,44,32
India,Bihar,Munger,"Town Hall, Munger - BSPCB",17-04-2026 19:00,25.376776,86.471523,NH3,3,3,3
India,Bihar,Muzaffarpur,"Buddha Colony, Muzaffarpur - BSPCB",17-04-2026 19:00,26.11442,85.39813,NO2,26,38,30
India,Bihar,Muzaffarpur,"Buddha Colony, Muzaffarpur - BSPCB",17-04-2026 19:00,26.11442,85.39813,NH3,9,21,14
India,Bihar,Muzaffarpur,"Buddha Colony, Muzaffarpur - BSPCB",17-04-2026 19:00,26.11442,85.39813,CO,22,36,26
India,Bihar,Patna,"Govt. High School Shikarpur, Patna - BSPCB",17-04-2026 19:00,25.592539,85.227158,PM10,69,120,99
India,Bihar,Patna,"Govt. High School Shikarpur, Patna - BSPCB",17-04-2026 19:00,25.592539,85.227158,NO2,6,14,9
India,Andhra_Pradesh,Amaravati,"Secretariat, Amaravati - APPCB",17-04-2026 19:00,16.5150833,80.5181667,NH3,2,3,3
India,Andhra_Pradesh,Amaravati,"Secretariat, Amaravati - APPCB",17-04-2026 19:00,16.5150833,80.5181667,CO,8,16,10
India,Andhra_Pradesh,Amaravati,"Secretariat, Amaravati - APPCB",17-04-2026 19:00,16.5150833,80.5181667,OZONE,17,67,59
India,Andhra_Pradesh,Anantapur,"Gulzarpet, Anantapur - APPCB",17-04-2026 19:00,14.675886,77.593027,CO,20,71,43
India,Andhra_Pradesh,Chittoor,"Gangineni Cheruvu, Chittoor - APPCB",17-04-2026 19:00,13.20488,79.097889,PM2.5,41,80,53
India,Chandigarh,Chandigarh,"Sector-25, Chandigarh - CPCC",17-04-2026 19:00,30.751462,76.762879,NO2,NA,NA,NA
India,Chandigarh,Chandigarh,"Sector-25, Chandigarh - CPCC",17-04-2026 19:00,30.751462,76.762879,NH3,NA,NA,NA
India,Chandigarh,Chandigarh,"Sector-25, Chandigarh - CPCC",17-04-2026 19:00,30.751462,76.762879,SO2,NA,NA,NA
India,Chandigarh,Chandigarh,"Sector-25, Chandigarh - CPCC",17-04-2026 19:00,30.751462,76.762879,OZONE,4,58,43
India,Chandigarh,Chandigarh,"Sector-53, Chandigarh - CPCC",17-04-2026 19:00,30.719859,76.738637,NH3,6,8,7
India,Chhattisgarh,Bhilai,"32Bungalows, Bhilai - CECB",17-04-2026 19:00,21.194815,81.31477,OZONE,7,44,40
India,Chhattisgarh,Bhilai,"Civic Center, Bhilai - Bhilai Steel Plant",17-04-2026 19:00,21.185571,81.343175,PM10,33,68,50
India,Chhattisgarh,Bhilai,"Hathkhoj, Bhilai - CECB",17-04-2026 19:00,21.224231,81.40835,NO2,17,76,43
India,Chhattisgarh,Bhilai,"Hathkhoj, Bhilai - CECB",17-04-2026 19:00,21.224231,81.40835,CO,14,73,19
India,Chhattisgarh,Bilaspur,"Mangala, Bilaspur - NTPC",17-04-2026 19:00,22.08815,82.13737,PM2.5,68,160,102
India,Bihar,Saharsa,"Police Line, Saharsa - BSPCB",17-04-2026 19:00,25.892357,86.590325,NH3,4,4,4
India,Bihar,Samastipur,"DM Office_Kasipur, Samastipur - BSPCB",17-04-2026 19:00,25.859655,85.77944,NO2,NA,NA,NA
India,Bihar,Samastipur,"DM Office_Kasipur, Samastipur - BSPCB",17-04-2026 19:00,25.859655,85.77944,NH3,NA,NA,NA
India,Bihar,Samastipur,"DM Office_Kasipur, Samastipur - BSPCB",17-04-2026 19:00,25.859655,85.77944,OZONE,6,11,8
India,Bihar,Sasaram,"Dada Peer, Sasaram - BSPCB",17-04-2026 19:00,24.952822,84.002396,CO,35,106,58
India,Bihar,Siwan,"Chitragupta Nagar, Siwan - BSPCB",17-04-2026 19:00,26.2271665,84.3570427,PM10,23,123,65
India,Bihar,Siwan,"Chitragupta Nagar, Siwan - BSPCB",17-04-2026 19:00,26.2271665,84.3570427,NH3,1,2,2
India,Bihar,Siwan,"Chitragupta Nagar, Siwan - BSPCB",17-04-2026 19:00,26.2271665,84.3570427,SO2,5,8,7
India,Bihar,Siwan,"Chitragupta Nagar, Siwan - BSPCB",17-04-2026 19:00,26.2271665,84.3570427,CO,38,104,86
India,Chandigarh,Chandigarh,"Sector 22, Chandigarh - CPCC",17-04-2026 19:00,30.735567,76.775714,CO,52,117,66
India,Delhi,Delhi,"CRRI Mathura Road, Delhi - IMD",17-04-2026 19:00,28.5512005,77.2735737,PM2.5,44,350,239
India,Delhi,Delhi,"CRRI Mathura Road, Delhi - IMD",17-04-2026 19:00,28.5512005,77.2735737,NO2,9,104,46
India,Delhi,Delhi,"Cantonment Area, Delhi - DPCC ",17-04-2026 19:00,28.594169,77.1251,SO2,22,27,24
India,Delhi,Delhi,"Chandni Chowk, Delhi - IITM",17-04-2026 19:00,28.656756,77.227234,SO2,11,39,28
India,Delhi,Delhi,"Commonwealth Sports Complex, Delhi - DPCC",17-04-2026 19:00,28.615828,77.271992,PM10,53,361,258
India,Delhi,Delhi,"Commonwealth Sports Complex, Delhi - DPCC",17-04-2026 19:00,28.615828,77.271992,NH3,4,20,10
India,Delhi,Delhi,"DTU, Delhi - CPCB",17-04-2026 19:00,28.7500499,77.1112615,PM2.5,47,418,269
India,Delhi,Delhi,"DTU, Delhi - CPCB",17-04-2026 19:00,28.7500499,77.1112615,SO2,20,31,27
India,Delhi,Delhi,"Dwarka-Sector 8, Delhi - DPCC ",17-04-2026 19:00,28.5710274,77.0719006,PM2.5,67,332,222
India,Chhattisgarh,Chhal,"Nawapara SECL Colony, Chhal - CECB",17-04-2026 19:00,22.118125,83.140608,NH3,5,5,5
India,Chhattisgarh,Chhal,"Nawapara SECL Colony, Chhal - CECB",17-04-2026 19:00,22.118125,83.140608,CO,22,54,26
India,Chhattisgarh,Korba,"Rampur, Korba - CECB",17-04-2026 19:00,22.368195,82.746431,PM2.5,15,54,35
India,Chhattisgarh,Korba,"Rampur, Korba - CECB",17-04-2026 19:00,22.368195,82.746431,SO2,17,99,39
India,Chhattisgarh,Korba,"Urja Nagar, Korba - CECB",17-04-2026 19:00,22.348441,82.549611,PM10,30,75,45
India,Chhattisgarh,Korba,"Urja Nagar, Korba - CECB",17-04-2026 19:00,22.348441,82.549611,NH3,1,1,1
India,Chhattisgarh,Korba,"Urja Nagar, Korba - CECB",17-04-2026 19:00,22.348441,82.549611,OZONE,2,27,15
India,Chhattisgarh,Milupara,"Govt. Higher Secondary School, Milupara - CECB",17-04-2026 19:00,22.1910172,83.5197009,PM10,NA,NA,NA
India,Chhattisgarh,Raipur,"AIIMS, Raipur - CECB",17-04-2026 19:00,21.258815,81.578979,PM10,42,77,61
India,Delhi,Delhi,"IHBAS, Dilshad Garden, Delhi - CPCB",17-04-2026 19:00,28.6811736,77.3025234,NO2,46,164,94
India,Delhi,Delhi,"IHBAS, Dilshad Garden, Delhi - CPCB",17-04-2026 19:00,28.6811736,77.3025234,OZONE,13,88,40
India,Delhi,Delhi,"ITO, Delhi - CPCB",17-04-2026 19:00,28.628624,77.24106,PM10,131,389,244
India,Delhi,Delhi,"ITO, Delhi - CPCB",17-04-2026 19:00,28.628624,77.24106,NO2,1,162,71
India,Delhi,Delhi,"ITO, Delhi - CPCB",17-04-2026 19:00,28.628624,77.24106,SO2,19,44,30
India,Delhi,Delhi,"JNU, Delhi - DPCC",17-04-2026 19:00,28.540721,77.168544,PM10,46,252,167
India,Delhi,Delhi,"JNU, Delhi - DPCC",17-04-2026 19:00,28.540721,77.168544,OZONE,2,78,52
India,Delhi,Delhi,"Jahangirpuri, Delhi - DPCC",17-04-2026 19:00,28.73282,77.170633,PM10,181,500,358
India,Delhi,Delhi,"Alipur, Delhi - DPCC",17-04-2026 19:00,28.815329,77.15301,SO2,8,40,21
India,Delhi,Delhi,"Anand Vihar, Delhi - DPCC",17-04-2026 19:00,28.647622,77.315809,CO,43,122,87
India,Delhi,Delhi,"Ashok Vihar, Delhi - DPCC",17-04-2026 19:00,28.695381,77.181665,OZONE,3,138,86
India,Delhi,Delhi,"Aya Nagar, Delhi - IMD",17-04-2026 19:00,28.4706914,77.1099364,CO,30,100,51
India,Delhi,Delhi,"Bawana, Delhi - DPCC",17-04-2026 19:00,28.7762,77.051074,SO2,12,57,30
India,Delhi,Delhi,"Burari Crossing, Delhi - IMD",17-04-2026 19:00,28.7256504,77.2011573,PM2.5,99,415,268
India,Chhattisgarh,Raipur,"AIIMS, Raipur - CECB",17-04-2026 19:00,21.258815,81.578979,CO,24,74,40
India,Chhattisgarh,Raipur,"Krishak Nagar, Raipur - CECB",17-04-2026 19:00,21.237755,81.705301,PM10,46,155,91
India,Chhattisgarh,Raipur,"Siltara Phase-II, Raipur - CECB",17-04-2026 19:00,21.371751,81.664929,PM10,79,166,117
India,Chhattisgarh,Tumidih,"OP Jindal Industrial Park, Tumidih - CECB",17-04-2026 19:00,22.06631475,83.33820077,PM10,28,113,59
India,Chhattisgarh,Tumidih,"OP Jindal Industrial Park, Tumidih - CECB",17-04-2026 19:00,22.06631475,83.33820077,SO2,6,15,7
India,Delhi,Delhi,"Dwarka-Sector 8, Delhi - DPCC ",17-04-2026 19:00,28.5710274,77.0719006,NH3,3,5,4
India,Delhi,Delhi,"IGI Airport (T3), Delhi - IMD",17-04-2026 19:00,28.5627763,77.1180053,NO2,16,67,43
India,Delhi,Delhi,"IGNOU_Maidan Garhi, Delhi - DPCC",17-04-2026 19:00,28.493624,77.201159,PM10,94,267,200
India,Gujarat,Gandhinagar,"IIPHG Lekawada, Gandhinagar - IITM",17-04-2026 19:00,23.243639,72.68994,CO,20,80,25
India,Gujarat,Gandhinagar,"Sector-10, Gandhinagar - GPCB",17-04-2026 19:00,23.221714,72.654328,PM2.5,52,100,75
India,Gujarat,Gandhinagar,"Sector-10, Gandhinagar - GPCB",17-04-2026 19:00,23.221714,72.654328,NO2,11,45,18
India,Gujarat,Gandhinagar,"Sector-10, Gandhinagar - GPCB",17-04-2026 19:00,23.221714,72.654328,SO2,7,52,20
India,Gujarat,Mehsana,"Sadanand Nagar, Mehsana - Nexteng Enviro",17-04-2026 19:00,23.59315,72.372792,PM2.5,16,80,41
India,Gujarat,Rajkot,"Mavdi, Rajkot - Nexteng Enviro ",17-04-2026 19:00,22.248853,70.776774,PM10,57,120,88
India,Gujarat,Surat,"Katargam, Surat - Nexteng Enviro",17-04-2026 19:00,21.217779,72.834787,CO,38,50,41
India,Gujarat,Surat,"Katargam, Surat - Nexteng Enviro",17-04-2026 19:00,21.217779,72.834787,OZONE,11,12,12
India,Gujarat,Surat,"Science Center, Surat - SMC",17-04-2026 19:00,21.170046,72.795405,PM2.5,29,132,56
India,Gujarat,Surat,"Science Center, Surat - SMC",17-04-2026 19:00,21.170046,72.795405,PM10,43,134,72
India,Delhi,Delhi,"Sri Aurobindo Marg, Delhi - DPCC",17-04-2026 19:00,28.531346,77.190156,NH3,5,8,6
India,Delhi,Delhi,"Talkatora Garden, Delhi - DPCC",17-04-2026 19:00,28.62181,77.1944633,PM10,125,410,225
India,Delhi,Delhi,"Talkatora Garden, Delhi - DPCC",17-04-2026 19:00,28.62181,77.1944633,CO,46,120,76
India,Delhi,Delhi,"Talkatora Garden, Delhi - DPCC",17-04-2026 19:00,28.62181,77.1944633,OZONE,1,45,24
India,Delhi,Delhi,"Vivek Vihar, Delhi - DPCC",17-04-2026 19:00,28.672342,77.31526,SO2,20,130,45
India,Delhi,Delhi,"Wazirpur, Delhi - DPCC",17-04-2026 19:00,28.699793,77.165453,NH3,8,13,10
India,Gujarat,Ahmedabad,"Chandkheda, Ahmedabad - IITM",17-04-2026 19:00,23.107969,72.574648,PM2.5,24,119,67
India,Gujarat,Ahmedabad,"Chandkheda, Ahmedabad - IITM",17-04-2026 19:00,23.107969,72.574648,PM10,79,357,150
India,Gujarat,Ahmedabad,"Chandkheda, Ahmedabad - IITM",17-04-2026 19:00,23.107969,72.574648,NO2,6,116,27
India,Delhi,Delhi,"New Moti Bagh, Delhi - MHUA",17-04-2026 19:00,28.57834,77.184,CO,13,133,40
India,Delhi,Delhi,"North Campus, DU, Delhi - IMD",17-04-2026 19:00,28.6573814,77.1585447,PM10,146,403,283
India,Delhi,Delhi,"North Campus, DU, Delhi - IMD",17-04-2026 19:00,28.6573814,77.1585447,NO2,27,138,89
India,Delhi,Delhi,"Patparganj, Delhi - DPCC",17-04-2026 19:00,28.623763,77.287209,PM2.5,52,367,238
India,Delhi,Delhi,"Patparganj, Delhi - DPCC",17-04-2026 19:00,28.623763,77.287209,OZONE,2,82,59
India,Delhi,Delhi,"Punjabi Bagh, Delhi - DPCC",17-04-2026 19:00,28.674045,77.131023,PM10,141,422,273
India,Delhi,Delhi,"Punjabi Bagh, Delhi - DPCC",17-04-2026 19:00,28.674045,77.131023,NO2,43,131,89
India,Delhi,Delhi,"Punjabi Bagh, Delhi - DPCC",17-04-2026 19:00,28.674045,77.131023,SO2,35,49,42
India,Delhi,Delhi,"Jahangirpuri, Delhi - DPCC",17-04-2026 19:00,28.73282,77.170633,OZONE,6,133,60
India,Delhi,Delhi,"Jawaharlal Nehru Stadium, Delhi - DPCC",17-04-2026 19:00,28.58028,77.233829,CO,2,138,4
India,Delhi,Delhi,"Lodhi Road, Delhi - IMD",17-04-2026 19:00,28.5918245,77.2273074,NO2,19,64,37
India,Delhi,Delhi,"Major Dhyan Chand National Stadium, Delhi - DPCC",17-04-2026 19:00,28.611281,77.237738,NO2,30,159,103
India,Delhi,Delhi,"Major Dhyan Chand National Stadium, Delhi - DPCC",17-04-2026 19:00,28.611281,77.237738,SO2,9,28,17
India,Delhi,Delhi,"Major Dhyan Chand National Stadium, Delhi - DPCC",17-04-2026 19:00,28.611281,77.237738,CO,26,152,50
India,Delhi,Delhi,"Major Dhyan Chand National Stadium, Delhi - DPCC",17-04-2026 19:00,28.611281,77.237738,OZONE,2,97,67
India,Gujarat,Ahmedabad,"SAC ISRO Satellite, Ahmedabad - IITM",17-04-2026 19:00,23.023389,72.515201,PM2.5,67,220,96
India,Gujarat,Ahmedabad,"SAC ISRO Satellite, Ahmedabad - IITM",17-04-2026 19:00,23.023389,72.515201,NO2,6,23,11
India,Gujarat,Ahmedabad,"SAC ISRO Satellite, Ahmedabad - IITM",17-04-2026 19:00,23.023389,72.515201,NH3,1,8,3
India,Gujarat,Ahmedabad,"SVPI Airport Hansol, Ahmedabad - IITM",17-04-2026 19:00,23.076793,72.627874,NO2,14,100,34
India,Gujarat,Ankleshwar,"GIDC, Ankleshwar - GPCB",17-04-2026 19:00,21.613267,73.010555,SO2,NA,NA,NA
India,Gujarat,Gandhinagar,"IIPHG Lekawada, Gandhinagar - IITM",17-04-2026 19:00,23.243639,72.68994,NO2,8,32,14
India,Gujarat,Ahmedabad,"Gyaspur, Ahmedabad - IITM",17-04-2026 19:00,22.977134,72.553024,PM2.5,33,155,70
India,Gujarat,Ahmedabad,"Maninagar, Ahmedabad - GPCB",17-04-2026 19:00,23.002657,72.591912,PM2.5,44,263,102
India,Gujarat,Ahmedabad,"Rakhial, Ahmedabad - IITM",17-04-2026 19:00,23.016834,72.625775,NO2,1,10,5
India,Gujarat,Ahmedabad,"Rakhial, Ahmedabad - IITM",17-04-2026 19:00,23.016834,72.625775,OZONE,2,75,55
India,Gujarat,Ahmedabad,"SAC ISRO Bopal, Ahmedabad - IITM",17-04-2026 19:00,23.041137,72.456691,NO2,5,90,20
India,Gujarat,Ahmedabad,"SAC ISRO Bopal, Ahmedabad - IITM",17-04-2026 19:00,23.041137,72.456691,NH3,2,12,4
India,Delhi,Delhi,"NSIT Dwarka, Delhi - CPCB",17-04-2026 19:00,28.60909,77.0325413,CO,12,84,20
India,Delhi,Delhi,"NSUT Jaffarpur, Delhi - DPCC",17-04-2026 19:00,28.594004,76.909423,PM2.5,58,339,228
India,Delhi,Delhi,"NSUT Jaffarpur, Delhi - DPCC",17-04-2026 19:00,28.594004,76.909423,PM10,80,380,248
India,Delhi,Delhi,"Najafgarh, Delhi - DPCC",17-04-2026 19:00,28.570173,76.933762,PM2.5,40,305,178
India,Delhi,Delhi,"Najafgarh, Delhi - DPCC",17-04-2026 19:00,28.570173,76.933762,CO,12,116,26
India,Delhi,Delhi,"Narela, Delhi - DPCC",17-04-2026 19:00,28.822836,77.101981,NO2,18,114,65
India,Delhi,Delhi,"Rohini, Delhi - DPCC",17-04-2026 19:00,28.732528,77.11992,SO2,12,37,23
India,Delhi,Delhi,"Sirifort, Delhi - CPCB",17-04-2026 19:00,28.5504249,77.2159377,PM10,151,428,271
India,Delhi,Delhi,"Sirifort, Delhi - CPCB",17-04-2026 19:00,28.5504249,77.2159377,SO2,27,40,35
India,Delhi,Delhi,"Sonia Vihar, Delhi - DPCC",17-04-2026 19:00,28.710508,77.249485,PM2.5,83,439,269
India,Delhi,Delhi,"Sonia Vihar, Delhi - DPCC",17-04-2026 19:00,28.710508,77.249485,SO2,47,102,76
India,Delhi,Delhi,"NSIT Dwarka, Delhi - CPCB",17-04-2026 19:00,28.60909,77.0325413,PM10,61,180,144
India,Haryana,Faridabad,"New Industrial Town, Faridabad - HSPCB",17-04-2026 19:00,28.39072,77.30059,NH3,11,12,11
India,Haryana,Faridabad,"New Industrial Town, Faridabad - HSPCB",17-04-2026 19:00,28.39072,77.30059,CO,4,103,63
India,Haryana,Faridabad,"Sector 11, Faridabad - HSPCB",17-04-2026 19:00,28.376058,77.315741,NH3,9,10,10
India,Haryana,Faridabad,"Sector 11, Faridabad - HSPCB",17-04-2026 19:00,28.376058,77.315741,CO,39,41,40
India,Haryana,Faridabad,"Sector 11, Faridabad - HSPCB",17-04-2026 19:00,28.376058,77.315741,OZONE,14,16,15
India,Haryana,Faridabad,"Sector 30, Faridabad - HSPCB",17-04-2026 19:00,28.4417,77.3217,PM10,64,101,78
India,Haryana,Faridabad,"Sector 30, Faridabad - HSPCB",17-04-2026 19:00,28.4417,77.3217,SO2,6,6,6
India,Haryana,Faridabad,"Sector 30, Faridabad - HSPCB",17-04-2026 19:00,28.4417,77.3217,CO,42,64,59
India,Haryana,Gurugram,"Sector-51, Gurugram - HSPCB",17-04-2026 19:00,28.4227,77.0667,CO,34,104,42
India,Haryana,Gurugram,"Teri Gram, Gurugram - HSPCB",17-04-2026 19:00,28.4275,77.1465,PM2.5,129,244,201
India,Haryana,Gurugram,"Teri Gram, Gurugram - HSPCB",17-04-2026 19:00,28.4275,77.1465,PM10,107,141,118
India,Haryana,Gurugram,"Teri Gram, Gurugram - HSPCB",17-04-2026 19:00,28.4275,77.1465,OZONE,10,37,31
India,Haryana,Gurugram,"Vikas Sadan, Gurugram - HSPCB",17-04-2026 19:00,28.4501238,77.0263051,NO2,9,46,26
India,Haryana,Hisar,"Urban Estate-II, Hisar - HSPCB",17-04-2026 19:00,29.14056,75.744941,CO,25,42,28
India,Haryana,Jind,"Police Lines, Jind - HSPCB",17-04-2026 19:00,29.307814,76.337619,PM2.5,92,499,209
India,Haryana,Jind,"Police Lines, Jind - HSPCB",17-04-2026 19:00,29.307814,76.337619,CO,6,34,9
India,Haryana,Kaithal,"Rishi Nagar, Kaithal - HSPCB",17-04-2026 19:00,29.8006,76.4155,NH3,5,6,6
India,Haryana,Kaithal,"Rishi Nagar, Kaithal - HSPCB",17-04-2026 19:00,29.8006,76.4155,CO,4,78,24
India,Haryana,Kaithal,"Rishi Nagar, Kaithal - HSPCB",17-04-2026 19:00,29.8006,76.4155,OZONE,7,22,19
India,Haryana,Kurukshetra,"Sector-7, Kurukshetra - HSPCB",17-04-2026 19:00,29.966942,76.875879,PM2.5,66,184,132
India,Haryana,Kurukshetra,"Sector-7, Kurukshetra - HSPCB",17-04-2026 19:00,29.966942,76.875879,NO2,4,4,4
India,Haryana,Kurukshetra,"Sector-7, Kurukshetra - HSPCB",17-04-2026 19:00,29.966942,76.875879,CO,7,42,16
India,Haryana,Mandikhera,"General Hospital, Mandikhera(Nuh) - HSPCB",17-04-2026 19:00,27.9002,76.9938,PM10,46,102,75
India,Haryana,Manesar,"Sector-2 IMT, Manesar - HSPCB",17-04-2026 19:00,28.360699,76.93609,NH3,NA,NA,NA
India,Haryana,Manesar,"Sector-2 IMT, Manesar - HSPCB",17-04-2026 19:00,28.360699,76.93609,SO2,NA,NA,NA
India,Haryana,Manesar,"Sector-2 IMT, Manesar - HSPCB",17-04-2026 19:00,28.360699,76.93609,CO,4,58,15
India,Haryana,Narnaul,"Shastri Nagar, Narnaul - HSPCB",17-04-2026 19:00,28.060249,76.113115,SO2,8,10,8
India,Gujarat,Surat,"Science Center, Surat - SMC",17-04-2026 19:00,21.170046,72.795405,CO,36,61,59
India,Gujarat,Vatva,"Phase-4 GIDC, Vatva - GPCB",17-04-2026 19:00,22.969611,72.6435,SO2,43,66,52
India,Haryana,Ambala,"Patti Mehar, Ambala - HSPCB",17-04-2026 19:00,30.379589,76.778328,PM10,78,154,119
India,Haryana,Ambala,"Patti Mehar, Ambala - HSPCB",17-04-2026 19:00,30.379589,76.778328,NO2,8,12,10
India,Haryana,Ballabgarh,"Nathu Colony, Ballabgarh - HSPCB",17-04-2026 19:00,28.3419248,77.319699,PM10,125,424,296
India,Haryana,Palwal,"Shyam Nagar, Palwal - HSPCB",17-04-2026 19:00,28.1485564,77.3320667,CO,28,28,28
India,Haryana,Panipat,"Sector-18, Panipat - HSPCB",17-04-2026 19:00,29.432304,76.972765,PM2.5,NA,NA,NA
India,Haryana,Rohtak,"MD University, Rohtak - HSPCB",17-04-2026 19:00,28.52123,76.37138,OZONE,38,40,39
India,Haryana,Sonipat,"Murthal, Sonipat - HSPCB",17-04-2026 19:00,29.0272,77.0621,NH3,21,21,21
India,Haryana,Charkhi Dadri,"Mini Secretariat, Charkhi Dadri - HSPCB",17-04-2026 19:00,28.593883,76.270653,NO2,9,23,15
India,Haryana,Dharuhera,"Municipal Corporation Office, Dharuhera -  HSPCB",17-04-2026 19:00,28.2068,76.7997,SO2,6,8,6
India,Haryana,Yamuna Nagar,"Gobind Pura, Yamuna Nagar - HSPCB",17-04-2026 19:00,30.1480566,77.2893471,NH3,NA,NA,NA
India,Haryana,Yamuna Nagar,"Gobind Pura, Yamuna Nagar - HSPCB",17-04-2026 19:00,30.1480566,77.2893471,CO,48,52,50
India,Haryana,Bhiwani,"H.B. Colony, Bhiwani - HSPCB",17-04-2026 19:00,28.806223,76.141105,PM10,24,34,27
India,Haryana,Bhiwani,"H.B. Colony, Bhiwani - HSPCB",17-04-2026 19:00,28.806223,76.141105,NO2,2,47,10
India,Himachal Pradesh,Baddi,"HIMUDA Complex Phase-1, Baddi - HPPCB",17-04-2026 19:00,30.943887,76.801991,SO2,16,16,16
India,Karnataka,Madikeri,"Stuart Hill, Madikeri - KSPCB",17-04-2026 19:00,12.415911,75.73505,SO2,6,7,7
India,Karnataka,Mangalore,"Kadri, Mangalore - KSPCB",17-04-2026 19:00,12.88925,74.853,PM10,25,61,44
India,Karnataka,Mangalore,"Kadri, Mangalore - KSPCB",17-04-2026 19:00,12.88925,74.853,NO2,7,9,8
India,Karnataka,Mysuru,"Hebbal 1st Stage, Mysuru - KSPCB",17-04-2026 19:00,12.21041,76.37376,PM2.5,21,64,35
India,Karnataka,Mysuru,"Hebbal 1st Stage, Mysuru - KSPCB",17-04-2026 19:00,12.21041,76.37376,SO2,1,43,5
India,Karnataka,Mysuru,"Hebbal 1st Stage, Mysuru - KSPCB",17-04-2026 19:00,12.21041,76.37376,CO,4,32,16
India,Karnataka,Mysuru,"Hebbal 1st Stage, Mysuru - KSPCB",17-04-2026 19:00,12.21041,76.37376,OZONE,3,164,93
India,Karnataka,Ramanagara,"Vijay Nagar, Ramanagara - KSPCB",17-04-2026 19:00,12.733409,77.298051,NO2,10,64,15
India,Karnataka,Shivamogga,"Vinoba Nagara, Shivamogga - KSPCB",17-04-2026 19:00,13.94,75.555917,PM2.5,5,54,36
India,Karnataka,Shivamogga,"Vinoba Nagara, Shivamogga - KSPCB",17-04-2026 19:00,13.94,75.555917,NO2,22,28,25
India,Karnataka,Shivamogga,"Vinoba Nagara, Shivamogga - KSPCB",17-04-2026 19:00,13.94,75.555917,SO2,3,6,4
India,Karnataka,Shivamogga,"Vinoba Nagara, Shivamogga - KSPCB",17-04-2026 19:00,13.94,75.555917,OZONE,28,93,60
India,Karnataka,Bengaluru,"Kasturi Nagar, Bengaluru - KSPCB",17-04-2026 19:00,13.003872,77.664217,PM2.5,57,63,59
India,Karnataka,Bengaluru,"Kasturi Nagar, Bengaluru - KSPCB",17-04-2026 19:00,13.003872,77.664217,PM10,84,94,88
India,Karnataka,Bengaluru,"RVCE-Mailasandra, Bengaluru - KSPCB",17-04-2026 19:00,12.921418,77.502466,PM2.5,30,157,94
India,Karnataka,Bengaluru,"Shivapura_Peenya, Bengaluru - KSPCB",17-04-2026 19:00,13.0246342,77.5080115,PM10,32,32,32
India,Karnataka,Bengaluru,"Shivapura_Peenya, Bengaluru - KSPCB",17-04-2026 19:00,13.0246342,77.5080115,NO2,23,24,23
India,Karnataka,Bengaluru,"Shivapura_Peenya, Bengaluru - KSPCB",17-04-2026 19:00,13.0246342,77.5080115,SO2,4,7,5
India,Karnataka,Bengaluru,"Silk Board, Bengaluru - KSPCB",17-04-2026 19:00,12.917348,77.622813,NH3,1,2,2
India,Karnataka,Bengaluru,"Silk Board, Bengaluru - KSPCB",17-04-2026 19:00,12.917348,77.622813,CO,12,36,17
India,Karnataka,Chamarajanagar,"Urban, Chamarajanagar - KSPCB",17-04-2026 19:00,11.55358,76.55521,PM10,39,83,56
India,Karnataka,Chikkamagaluru,"Kalyana Nagara, Chikkamagaluru - KSPCB",17-04-2026 19:00,13.328028,75.797056,NO2,NA,NA,NA
India,Karnataka,Chikkamagaluru,"Kalyana Nagara, Chikkamagaluru - KSPCB",17-04-2026 19:00,13.328028,75.797056,SO2,NA,NA,NA
India,Karnataka,Dharwad,"Kalabhavan, Dharwad - KSPCB",17-04-2026 19:00,15.459706,75.008381,PM2.5,47,188,84
India,Karnataka,Dharwad,"Kalabhavan, Dharwad - KSPCB",17-04-2026 19:00,15.459706,75.008381,NH3,7,7,7
India,Karnataka,Hubballi,"Lingaraj Nagar, Hubballi - KSPCB",17-04-2026 19:00,15.3714823,75.1160168,CO,13,36,21
India,Karnataka,Hubballi,"Lingaraj Nagar, Hubballi - KSPCB",17-04-2026 19:00,15.3714823,75.1160168,OZONE,23,30,27
India,Karnataka,Kalaburagi,"Lal Bahadur Shastri Nagar, Kalaburagi - KSPCB",17-04-2026 19:00,17.321993,76.822628,CO,30,56,51
India,Karnataka,Yadgir,"Collector Office, Yadgir - KSPCB",17-04-2026 19:00,16.7602,77.1428,OZONE,9,33,15
India,Kerala,Kannur,"Thavakkara, Kannur - Kerala PCB",17-04-2026 19:00,11.875,75.3732,SO2,1,8,2
India,Kerala,Thiruvananthapuram,"Kariavattom, Thiruvananthapuram - Kerala PCB",17-04-2026 19:00,8.5637,76.8865,PM2.5,NA,NA,NA
India,Kerala,Thiruvananthapuram,"Kariavattom, Thiruvananthapuram - Kerala PCB",17-04-2026 19:00,8.5637,76.8865,NO2,NA,NA,NA
India,Kerala,Thiruvananthapuram,"Plammoodu, Thiruvananthapuram - Kerala PCB",17-04-2026 19:00,8.5149093,76.9435879,PM2.5,37,61,47
India,Kerala,Thiruvananthapuram,"Plammoodu, Thiruvananthapuram - Kerala PCB",17-04-2026 19:00,8.5149093,76.9435879,CO,7,20,14
India,Kerala,Thiruvananthapuram,"Plammoodu, Thiruvananthapuram - Kerala PCB",17-04-2026 19:00,8.5149093,76.9435879,OZONE,19,35,27
India,Jammu_and_Kashmir,Pampore,"Khrew, Pampore - JKPCC",17-04-2026 19:00,34.031606,75.009712,SO2,3,4,4
India,Jammu_and_Kashmir,Srinagar,"Khunmoh, Srinagar - JKPCC",17-04-2026 19:00,34.06313,74.96017,PM2.5,NA,NA,NA
India,Jammu_and_Kashmir,Srinagar,"Khunmoh, Srinagar - JKPCC",17-04-2026 19:00,34.06313,74.96017,PM10,NA,NA,NA
India,Jammu_and_Kashmir,Srinagar,"Khunmoh, Srinagar - JKPCC",17-04-2026 19:00,34.06313,74.96017,SO2,NA,NA,NA
India,Jammu_and_Kashmir,Srinagar,"Rajbagh, Srinagar - JKPCC",17-04-2026 19:00,34.066206,74.81982,OZONE,1,6,2
India,Jharkhand,Jorapokhar,"Tata Stadium, Jorapokhar - JSPCB",17-04-2026 19:00,23.707909,86.41467,SO2,4,4,4
India,Karnataka,Bagalkot,"Vidayagiri, Bagalkot - KSPCB",17-04-2026 19:00,16.172806,75.659694,PM2.5,35,36,35
India,Karnataka,Bagalkot,"Vidayagiri, Bagalkot - KSPCB",17-04-2026 19:00,16.172806,75.659694,NO2,11,12,12
India,Karnataka,Belgaum,"Ramteerth Nagar, Belgaum - KSPCB",17-04-2026 19:00,15.888653,74.541751,CO,1,2,1
India,Karnataka,Bengaluru,"BWSSB Kadabesanahalli, Bengaluru - CPCB",17-04-2026 19:00,12.9352049,77.6814488,OZONE,15,37,33
India,Karnataka,Bengaluru,"Bapuji Nagar, Bengaluru - KSPCB",17-04-2026 19:00,12.951913,77.539784,PM10,79,195,118
India,Karnataka,Bengaluru,"City Railway Station, Bengaluru - KSPCB",17-04-2026 19:00,12.9756843,77.5660749,CO,56,64,59
India,Himachal Pradesh,Baddi,"HIMUDA Complex Phase-1, Baddi - HPPCB",17-04-2026 19:00,30.943887,76.801991,OZONE,46,130,109
India,Karnataka,Bengaluru,"Jayanagar 5th Block, Bengaluru - KSPCB",17-04-2026 19:00,12.920984,77.584908,SO2,2,34,16
India,Maharashtra,Ahmednagar,"Tarakpur, Ahmednagar - MPCB",17-04-2026 19:00,19.10122,74.73339,NH3,6,7,6
India,Maharashtra,Ahmednagar,"Tarakpur, Ahmednagar - MPCB",17-04-2026 19:00,19.10122,74.73339,SO2,NA,NA,NA
India,Maharashtra,Akola,"Ramdaspeth, Akola - MPCB",17-04-2026 19:00,20.719516,77.000253,PM10,48,167,89
India,Maharashtra,Akola,"Ramdaspeth, Akola - MPCB",17-04-2026 19:00,20.719516,77.000253,NH3,4,25,7
India,Maharashtra,Ambernath,"Chinchpada, Ambernath - MPCB",17-04-2026 19:00,19.215784,73.199781,PM2.5,22,52,33
India,Maharashtra,Ambernath,"Chinchpada, Ambernath - MPCB",17-04-2026 19:00,19.215784,73.199781,CO,2,28,3
India,Maharashtra,Amravati,"Shivneri Colony, Amravati - MPCB",17-04-2026 19:00,20.9402359,77.7895248,PM10,55,112,82
India,Maharashtra,Amravati,"Shivneri Colony, Amravati - MPCB",17-04-2026 19:00,20.9402359,77.7895248,SO2,8,14,11
India,Maharashtra,Amravati,"Shri Shivaji Science College, Amravati - MPCB",17-04-2026 19:00,20.939198,77.765701,PM10,72,123,96
India,Maharashtra,Amravati,"Shri Shivaji Science College, Amravati - MPCB",17-04-2026 19:00,20.939198,77.765701,NO2,6,75,18
India,Maharashtra,Amravati,"Shri Shivaji Science College, Amravati - MPCB",17-04-2026 19:00,20.939198,77.765701,CO,24,92,27
India,Maharashtra,Aurangabad,"MIDC Chilkalthana, Aurangabad - MPCB",17-04-2026 19:00,19.87562,75.38731,CO,8,13,10
India,Maharashtra,Aurangabad,"More Chowk Waluj, Aurangabad - MPCB",17-04-2026 19:00,19.8389439,75.244448,PM10,39,173,76
India,Maharashtra,Aurangabad,"More Chowk Waluj, Aurangabad - MPCB",17-04-2026 19:00,19.8389439,75.244448,SO2,17,42,28
India,Maharashtra,Aurangabad,"Rachnakar Colony, Aurangabad - MPCB",17-04-2026 19:00,19.863756,75.321188,PM2.5,36,211,66
India,Maharashtra,Beed,"Bir, Beed - MPCB",17-04-2026 19:00,18.988474,75.753873,PM10,NA,NA,NA
India,Maharashtra,Beed,"Bir, Beed - MPCB",17-04-2026 19:00,18.988474,75.753873,NH3,NA,NA,NA
India,Maharashtra,Beed,"Bir, Beed - MPCB",17-04-2026 19:00,18.988474,75.753873,OZONE,15,58,45
India,Maharashtra,Belapur,"CBD Belapur, Belapur - MPCB",17-04-2026 19:00,19.0243902,73.0406721,PM10,73,145,102
India,Maharashtra,Belapur,"CBD Belapur, Belapur - MPCB",17-04-2026 19:00,19.0243902,73.0406721,NO2,31,120,56
India,Maharashtra,Bhiwandi,"Gokul Nagar, Bhiwandi - MPCB",17-04-2026 19:00,19.309073,73.057223,PM2.5,32,74,50
India,Maharashtra,Bhiwandi,"Gokul Nagar, Bhiwandi - MPCB",17-04-2026 19:00,19.309073,73.057223,NH3,4,7,6
India,Maharashtra,Boisar,"Khaira, Boisar - MPCB",17-04-2026 19:00,19.786089,72.757971,CO,26,28,27
India,Maharashtra,Chandrapur,"Chauhan Colony, Chandrapur - MPCB",17-04-2026 19:00,19.9629,79.298714,PM2.5,50,240,122
India,Maharashtra,Chandrapur,"Chauhan Colony, Chandrapur - MPCB",17-04-2026 19:00,19.9629,79.298714,OZONE,14,22,19
India,Maharashtra,Chandrapur,"MIDC Khutala, Chandrapur - MPCB",17-04-2026 19:00,19.9775302,79.2337086,PM2.5,43,90,60
India,Maharashtra,Chandrapur,"MIDC Khutala, Chandrapur - MPCB",17-04-2026 19:00,19.9775302,79.2337086,NO2,5,17,11
India,Maharashtra,Chandrapur,"MIDC Khutala, Chandrapur - MPCB",17-04-2026 19:00,19.9775302,79.2337086,CO,36,42,38
India,Maharashtra,Dombivli,"Kalu Nagar, Dombivli - MPCB",17-04-2026 19:00,19.2268427,73.0788456,PM10,31,95,54
India,Maharashtra,Dombivli,"Kalu Nagar, Dombivli - MPCB",17-04-2026 19:00,19.2268427,73.0788456,SO2,2,27,11
India,Maharashtra,Hingoli,"Ashta Vinayak Nagar, Hingoli - MPCB",17-04-2026 19:00,19.710842,77.151824,SO2,4,22,9
India,Madhya Pradesh,Sagar,"Civil Lines, Sagar - MPPCB",17-04-2026 19:00,23.838586,78.759431,PM2.5,29,71,45
India,Madhya Pradesh,Sagar,"Civil Lines, Sagar - MPPCB",17-04-2026 19:00,23.838586,78.759431,SO2,7,17,13
India,Madhya Pradesh,Sagar,"Civil Lines, Sagar - MPPCB",17-04-2026 19:00,23.838586,78.759431,OZONE,66,168,142
India,Madhya Pradesh,Sagar,"Deen Dayal Nagar, Sagar - MPPCB",17-04-2026 19:00,23.8640158,78.80289321,SO2,4,7,5
India,Madhya Pradesh,Sagar,"Deen Dayal Nagar, Sagar - MPPCB",17-04-2026 19:00,23.8640158,78.80289321,CO,88,101,92
India,Madhya Pradesh,Singrauli,"Suryakiran Bhawan NCL, Singrauli - MPPCB",17-04-2026 19:00,24.10897,82.64558,PM2.5,20,404,222
India,Madhya Pradesh,Singrauli,"Suryakiran Bhawan NCL, Singrauli - MPPCB",17-04-2026 19:00,24.10897,82.64558,NO2,14,26,17
India,Madhya Pradesh,Ujjain,"Mahashweta Nagar, Ujjain - MPPCB",17-04-2026 19:00,23.1633321,75.800225,NO2,36,71,51
India,Madhya Pradesh,Ujjain,"Mahashweta Nagar, Ujjain - MPPCB",17-04-2026 19:00,23.1633321,75.800225,NH3,9,13,11
India,Kerala,Thrissur,"Corporation Ground, Thrissur - Kerala PCB",17-04-2026 19:00,10.5324,76.2159,NO2,8,10,9
India,Madhya Pradesh,Bhopal,"Paryavaran Parisar, Bhopal - MPPCB",17-04-2026 19:00,23.210494,77.425409,PM2.5,35,137,90
India,Madhya Pradesh,Bhopal,"Paryavaran Parisar, Bhopal - MPPCB",17-04-2026 19:00,23.210494,77.425409,PM10,61,169,125
India,Madhya Pradesh,Bhopal,"Paryavaran Parisar, Bhopal - MPPCB",17-04-2026 19:00,23.210494,77.425409,OZONE,16,56,42
India,Madhya Pradesh,Damoh,"Shrivastav Colony, Damoh - MPPCB",17-04-2026 19:00,23.81748678,79.446246,PM2.5,27,193,57
India,Madhya Pradesh,Damoh,"Shrivastav Colony, Damoh - MPPCB",17-04-2026 19:00,23.81748678,79.446246,CO,16,24,18
India,Madhya Pradesh,Dewas,"Bhopal Chauraha, Dewas - MPPCB",17-04-2026 19:00,22.9682591,76.064118,CO,26,62,30
India,Madhya Pradesh,Dewas,"Bhopal Chauraha, Dewas - MPPCB",17-04-2026 19:00,22.9682591,76.064118,OZONE,10,127,18
India,Madhya Pradesh,Jabalpur,"Suhagi, Jabalpur - JMC",17-04-2026 19:00,23.218135,79.95777,SO2,NA,NA,NA
India,Madhya Pradesh,Katni,"Gole Bazar, Katni - MPPCB",17-04-2026 19:00,23.50016,80.23284,PM10,70,163,110
India,Madhya Pradesh,Katni,"Gole Bazar, Katni - MPPCB",17-04-2026 19:00,23.50016,80.23284,CO,18,98,23
India,Madhya Pradesh,Mandideep,"Sector-D Industrial Area, Mandideep - MPPCB",17-04-2026 19:00,23.10844,77.511428,SO2,14,134,51
India,Madhya Pradesh,Mandideep,"Sector-D Industrial Area, Mandideep - MPPCB",17-04-2026 19:00,23.10844,77.511428,OZONE,4,162,146
India,Madhya Pradesh,Pithampur,"Sector-2 Industrial Area, Pithampur - MPPCB",17-04-2026 19:00,22.624758,75.675238,PM10,82,187,125
India,Madhya Pradesh,Pithampur,"Sector-2 Industrial Area, Pithampur - MPPCB",17-04-2026 19:00,22.624758,75.675238,NH3,13,17,15
India,Madhya Pradesh,Pithampur,"Sector-2 Industrial Area, Pithampur - MPPCB",17-04-2026 19:00,22.624758,75.675238,SO2,9,58,22
India,Madhya Pradesh,Gwalior,"Deen Dayal Nagar, Gwalior - MPPCB",17-04-2026 19:00,26.259242,78.216432,PM10,51,275,130
India,Madhya Pradesh,Gwalior,"Deen Dayal Nagar, Gwalior - MPPCB",17-04-2026 19:00,26.259242,78.216432,NH3,3,13,7
India,Madhya Pradesh,Gwalior,"Maharaj Bada, Gwalior - MPPCB",17-04-2026 19:00,26.200388,78.147714,PM10,75,266,158
India,Madhya Pradesh,Indore,"Airport Area, Indore - IMC",17-04-2026 19:00,22.7289,75.8076,PM2.5,55,323,123
India,Madhya Pradesh,Indore,"Airport Area, Indore - IMC",17-04-2026 19:00,22.7289,75.8076,NO2,3,14,6
India,Madhya Pradesh,Indore,"Chhoti Gwaltoli, Indore - MPPCB",17-04-2026 19:00,22.431,75.5213,NH3,13,22,20
India,Madhya Pradesh,Indore,"Maguda Nagar, Indore - IMC",17-04-2026 19:00,22.7524,75.8872,PM10,30,101,61
India,Madhya Pradesh,Indore,"Maguda Nagar, Indore - IMC",17-04-2026 19:00,22.7524,75.8872,NO2,4,12,9
India,Madhya Pradesh,Indore,"Maguda Nagar, Indore - IMC",17-04-2026 19:00,22.7524,75.8872,CO,32,46,32
India,Madhya Pradesh,Indore,"Regional Park, Indore - IMC",17-04-2026 19:00,22.678,75.8559,PM10,10,95,50
India,Madhya Pradesh,Indore,"Regional Park, Indore - IMC",17-04-2026 19:00,22.678,75.8559,NH3,NA,NA,NA
India,Madhya Pradesh,Indore,"Regional Park, Indore - IMC",17-04-2026 19:00,22.678,75.8559,OZONE,6,9,9
India,Madhya Pradesh,Indore,"Residency Area, Indore - IMC",17-04-2026 19:00,22.7084,75.8815,OZONE,6,15,13
India,Madhya Pradesh,Jabalpur,"Govindh Bhavan Colony, Jabalpur - JMC",17-04-2026 19:00,23.163174,79.973061,PM10,32,60,46
India,Madhya Pradesh,Jabalpur,"Govindh Bhavan Colony, Jabalpur - JMC",17-04-2026 19:00,23.163174,79.973061,OZONE,8,293,111
India,Madhya Pradesh,Jabalpur,"Gupteshwar, Jabalpur - JMC",17-04-2026 19:00,23.142888,79.916147,SO2,4,18,11
India,Maharashtra,Jalgaon,"Prabhat Colony, Jalgaon - MPCB",17-04-2026 19:00,21.001264,75.565602,PM2.5,42,155,80
India,Maharashtra,Jalna,"Old MIDC, Jalna - MPCB",17-04-2026 19:00,19.854616,75.905894,PM2.5,35,93,62
India,Maharashtra,Jalna,"Old MIDC, Jalna - MPCB",17-04-2026 19:00,19.854616,75.905894,SO2,3,5,4
India,Maharashtra,Kolhapur,"Shivaji University, Kolhapur - MPCB",17-04-2026 19:00,16.6870449,74.2505872,NO2,9,31,18
India,Maharashtra,Kolhapur,"Sinchan Bhavan, Kolhapur - MPCB",17-04-2026 19:00,16.7143745,74.2426398,PM10,42,88,63
India,Maharashtra,Kolhapur,"Sinchan Bhavan, Kolhapur - MPCB",17-04-2026 19:00,16.7143745,74.2426398,CO,5,44,24
India,Maharashtra,Mumbai,"Ghatkopar, Mumbai - BMC",17-04-2026 19:00,19.083694,72.920967,SO2,1,10,4
India,Maharashtra,Mumbai,"Ghatkopar, Mumbai - BMC",17-04-2026 19:00,19.083694,72.920967,CO,10,31,19
India,Maharashtra,Mumbai,"Kandivali West, Mumbai - BMC",17-04-2026 19:00,19.215859,72.831718,PM2.5,15,35,23
India,Maharashtra,Mumbai,"Kandivali West, Mumbai - BMC",17-04-2026 19:00,19.215859,72.831718,CO,5,26,10
India,Maharashtra,Mumbai,"Kandivali West, Mumbai - BMC",17-04-2026 19:00,19.215859,72.831718,OZONE,9,58,42
India,Maharashtra,Mumbai,"Kherwadi_Bandra East, Mumbai - MPCB",17-04-2026 19:00,19.0632143,72.8456324,NO2,1,26,9
India,Maharashtra,Mumbai,"Kherwadi_Bandra East, Mumbai - MPCB",17-04-2026 19:00,19.0632143,72.8456324,NH3,5,20,13
India,Maharashtra,Mumbai,"Kherwadi_Bandra East, Mumbai - MPCB",17-04-2026 19:00,19.0632143,72.8456324,SO2,2,5,4
India,Maharashtra,Mumbai,"Kherwadi_Bandra East, Mumbai - MPCB",17-04-2026 19:00,19.0632143,72.8456324,CO,15,33,22
India,Maharashtra,Mumbai,"Khindipada-Bhandup West, Mumbai - IITM",17-04-2026 19:00,19.1653323,72.922099,NO2,12,42,21
India,Maharashtra,Mumbai,"Khindipada-Bhandup West, Mumbai - IITM",17-04-2026 19:00,19.1653323,72.922099,NH3,4,5,4
India,Maharashtra,Navi Mumbai,"Nerul, Navi Mumbai - MPCB",17-04-2026 19:00,19.008751,73.01662,SO2,NA,NA,NA
India,Maharashtra,Navi Mumbai,"Sector-2E Kalamboli, Navi Mumbai - MPCB",17-04-2026 19:00,19.02579,73.10297,PM2.5,27,102,58
India,Maharashtra,Navi Mumbai,"Sector-2E Kalamboli, Navi Mumbai - MPCB",17-04-2026 19:00,19.02579,73.10297,OZONE,1,184,40
India,Maharashtra,Navi Mumbai,"Tondare-Taloja, Navi Mumbai - MPCB",17-04-2026 19:00,19.063,73.1209,CO,10,32,16
India,Maharashtra,Navi Mumbai,"Tondare-Taloja, Navi Mumbai - MPCB",17-04-2026 19:00,19.063,73.1209,OZONE,15,37,23
India,Maharashtra,Pimpri-Chinchwad,"Bhosari,Pimpri-Chinchwad - IITM",17-04-2026 19:00,18.640051,73.848956,CO,32,66,50
India,Maharashtra,Pimpri-Chinchwad,"Bhumkar Nagar, Pimpri-Chinchwad - IITM",17-04-2026 19:00,18.60577,73.749976,PM2.5,26,309,82
India,Maharashtra,Pimpri-Chinchwad,"Bhumkar Nagar, Pimpri-Chinchwad - IITM",17-04-2026 19:00,18.60577,73.749976,PM10,85,174,115
India,Maharashtra,Mumbai,"Sewri, Mumbai - BMC",17-04-2026 19:00,19.000084,72.85673,SO2,1,10,4
India,Maharashtra,Mumbai,"Sewri, Mumbai - BMC",17-04-2026 19:00,19.000084,72.85673,OZONE,6,30,24
India,Maharashtra,Mumbai,"Shivaji Nagar, Mumbai - BMC",17-04-2026 19:00,19.060498,72.923356,PM10,54,112,84
India,Maharashtra,Mumbai,"Shivaji Nagar, Mumbai - BMC",17-04-2026 19:00,19.060498,72.923356,NH3,3,6,4
India,Maharashtra,Mumbai,"Sion, Mumbai - MPCB",17-04-2026 19:00,19.047,72.8746,PM10,23,81,44
India,Maharashtra,Mumbai,"Vile Parle West, Mumbai - MPCB",17-04-2026 19:00,19.10861,72.83622,PM2.5,21,47,31
India,Maharashtra,Mumbai,"Vile Parle West, Mumbai - MPCB",17-04-2026 19:00,19.10861,72.83622,NH3,6,6,6
India,Maharashtra,Mumbai,"Vile Parle West, Mumbai - MPCB",17-04-2026 19:00,19.10861,72.83622,SO2,47,52,50
India,Maharashtra,Mumbai,"Worli, Mumbai -MPCB",17-04-2026 19:00,18.994218,72.8158167,NH3,3,3,3
India,Maharashtra,Mumbai,"Worli, Mumbai -MPCB",17-04-2026 19:00,18.994218,72.8158167,OZONE,4,38,31
India,Maharashtra,Mahad,"Kamble Tarf Birwadi, Mahad - MPCB",17-04-2026 19:00,18.1023399,73.4783687,PM10,21,134,73
India,Maharashtra,Mahad,"Kamble Tarf Birwadi, Mahad - MPCB",17-04-2026 19:00,18.1023399,73.4783687,OZONE,12,73,43
India,Maharashtra,Malegaon,"Mahesh Nagar, Malegaon - MPCB",17-04-2026 19:00,20.555712,74.529236,PM2.5,57,132,90
India,Maharashtra,Mira-Bhayandar,"Bhayandar West, Mira-Bhayandar - MPCB",17-04-2026 19:00,19.296481,72.840923,NO2,NA,NA,NA
India,Maharashtra,Mumbai,"Bandra Kurla Complex, Mumbai - IITM",17-04-2026 19:00,19.053536,72.84643,PM2.5,20,70,42
India,Maharashtra,Mumbai,"Bandra Kurla Complex, Mumbai - IITM",17-04-2026 19:00,19.053536,72.84643,NO2,26,95,48
India,Maharashtra,Mumbai,"Bandra Kurla Complex, Mumbai - IITM",17-04-2026 19:00,19.053536,72.84643,NH3,20,86,38
India,Maharashtra,Mumbai,"Borivali East, Mumbai - IITM",17-04-2026 19:00,19.23241,72.86895,PM10,55,132,87
India,Maharashtra,Nagpur,"Mahal, Nagpur - MPCB",17-04-2026 19:00,21.14472,79.107595,CO,24,108,44
India,Maharashtra,Nagpur,"Opp GPO Civil Lines, Nagpur - MPCB",17-04-2026 19:00,21.152875,79.0517531,PM10,74,152,106
India,Maharashtra,Nagpur,"Opp GPO Civil Lines, Nagpur - MPCB",17-04-2026 19:00,21.152875,79.0517531,CO,4,116,26
India,Maharashtra,Nagpur,"Ram Nagar, Nagpur - MPCB",17-04-2026 19:00,21.143383,79.048912,NH3,4,4,4
India,Maharashtra,Nagpur,"Ram Nagar, Nagpur - MPCB",17-04-2026 19:00,21.143383,79.048912,CO,6,52,16
India,Maharashtra,Nanded,"Sneh Nagar, Nanded - MPCB",17-04-2026 19:00,19.173852,77.296291,PM2.5,NA,NA,NA
India,Maharashtra,Nanded,"Sneh Nagar, Nanded - MPCB",17-04-2026 19:00,19.173852,77.296291,NO2,NA,NA,NA
India,Maharashtra,Nashik,"Gangapur Road, Nashik - MPCB",17-04-2026 19:00,20.0073285,73.7762427,PM2.5,42,87,63
India,Maharashtra,Mumbai,"Kurla, Mumbai - MPCB",17-04-2026 19:00,19.0863,72.8888,CO,9,12,11
India,Maharashtra,Mumbai,"Malad West, Mumbai - IITM",17-04-2026 19:00,19.19709,72.82204,PM10,47,103,68
India,Maharashtra,Mumbai,"Malad West, Mumbai - IITM",17-04-2026 19:00,19.19709,72.82204,OZONE,5,39,28
India,Maharashtra,Mumbai,"Mindspace-Malad West, Mumbai - MPCB",17-04-2026 19:00,19.1878657,72.8304069,PM10,28,63,43
India,Maharashtra,Mumbai,"Mindspace-Malad West, Mumbai - MPCB",17-04-2026 19:00,19.1878657,72.8304069,NO2,7,37,16
India,Maharashtra,Mumbai,"Powai, Mumbai - MPCB",17-04-2026 19:00,19.1375,72.915056,PM10,19,84,46
India,Maharashtra,Mumbai,"Powai, Mumbai - MPCB",17-04-2026 19:00,19.1375,72.915056,NO2,7,8,7
India,Maharashtra,Mumbai,"Powai, Mumbai - MPCB",17-04-2026 19:00,19.1375,72.915056,NH3,2,2,2
India,Maharashtra,Mumbai,"Powai, Mumbai - MPCB",17-04-2026 19:00,19.1375,72.915056,SO2,2,9,5
India,Maharashtra,Nashik,"Gangapur Road, Nashik - MPCB",17-04-2026 19:00,20.0073285,73.7762427,CO,26,27,26
India,Maharashtra,Nashik,"Gangapur Road, Nashik - MPCB",17-04-2026 19:00,20.0073285,73.7762427,OZONE,9,31,24
India,Maharashtra,Nashik,"MIDC Ambad, Nashik - MPCB",17-04-2026 19:00,19.95022,73.73148,PM10,57,102,74
India,Maharashtra,Nashik,"MIDC Ambad, Nashik - MPCB",17-04-2026 19:00,19.95022,73.73148,CO,36,40,37
India,Maharashtra,Nashik,"Pandav Nagari, Nashik - MPCB",17-04-2026 19:00,19.9591346,73.7788008,NH3,2,4,3
India,Maharashtra,Nashik,"Pandav Nagari, Nashik - MPCB",17-04-2026 19:00,19.9591346,73.7788008,SO2,4,11,7
India,Maharashtra,Navi Mumbai,"Mahape, Navi Mumbai - MPCB",17-04-2026 19:00,19.1135051,73.008978,PM2.5,30,83,53
India,Maharashtra,Pimpri-Chinchwad,"Gavalinagar, Pimpri Chinchwad - MPCB",17-04-2026 19:00,18.63673,73.82487,PM2.5,36,61,48
India,Maharashtra,Pimpri-Chinchwad,"Gavalinagar, Pimpri Chinchwad - MPCB",17-04-2026 19:00,18.63673,73.82487,NO2,11,73,35
India,Maharashtra,Pimpri-Chinchwad,"Gavalinagar, Pimpri Chinchwad - MPCB",17-04-2026 19:00,18.63673,73.82487,NH3,4,9,6
India,Maharashtra,Pimpri-Chinchwad,"Thergaon, Pimpri Chinchwad - MPCB",17-04-2026 19:00,18.616318,73.765797,PM10,42,125,68
India,Maharashtra,Pune,"Katraj Dairy, Pune - MPCB",17-04-2026 19:00,18.45445,73.854155,PM2.5,31,72,50
India,Maharashtra,Mumbai,"Borivali East, Mumbai - MPCB",17-04-2026 19:00,19.2243333,72.8658113,NH3,1,9,5
India,Maharashtra,Mumbai,"Byculla, Mumbai - BMC",17-04-2026 19:00,18.9767,72.838,PM2.5,9,46,24
India,Maharashtra,Mumbai,"Byculla, Mumbai - BMC",17-04-2026 19:00,18.9767,72.838,NO2,13,53,23
India,Maharashtra,Mumbai,"Chakala-Andheri East, Mumbai - IITM",17-04-2026 19:00,19.11074,72.86084,PM2.5,22,71,42
India,Odisha,Bileipada,"Tata Township, Bileipada - OSPCB",17-04-2026 19:00,22.06156703,85.47409613,PM10,92,175,128
India,Odisha,Brajrajnagar,"GM Office, Brajrajnagar - OSPCB",17-04-2026 19:00,21.8004996,83.8396977,PM10,8,194,78
India,Odisha,Brajrajnagar,"GM Office, Brajrajnagar - OSPCB",17-04-2026 19:00,21.8004996,83.8396977,NH3,6,6,6
India,Odisha,Brajrajnagar,"GM Office, Brajrajnagar - OSPCB",17-04-2026 19:00,21.8004996,83.8396977,CO,2,46,43
India,Odisha,Byasanagar,"Ferro Chrome Colony, Byasanagar - OSPCB",17-04-2026 19:00,20.94185,86.1151,PM10,17,85,48
India,Odisha,Byasanagar,"Ferro Chrome Colony, Byasanagar - OSPCB",17-04-2026 19:00,20.94185,86.1151,SO2,4,138,16
India,Odisha,Cuttack,"CDA Area, Cuttack - OSPCB",17-04-2026 19:00,20.48891,85.84768,PM10,51,107,77
India,Odisha,Cuttack,"CDA Area, Cuttack - OSPCB",17-04-2026 19:00,20.48891,85.84768,SO2,4,6,5
India,Odisha,Keonjhar,"Jagamohanpur, Keonjhar - OSPCB",17-04-2026 19:00,21.6439,85.599355,PM2.5,38,82,57
India,Odisha,Keonjhar,"Jagamohanpur, Keonjhar - OSPCB",17-04-2026 19:00,21.6439,85.599355,NO2,12,14,13
India,Odisha,Keonjhar,"Jagamohanpur, Keonjhar - OSPCB",17-04-2026 19:00,21.6439,85.599355,SO2,5,10,7
India,Punjab,Ludhiana,"Punjab Agricultural University, Ludhiana - PPCB",17-04-2026 19:00,30.9028,75.8086,PM10,67,102,75
India,Punjab,Ludhiana,"Punjab Agricultural University, Ludhiana - PPCB",17-04-2026 19:00,30.9028,75.8086,NH3,8,10,9
India,Punjab,Ludhiana,"Punjab Agricultural University, Ludhiana - PPCB",17-04-2026 19:00,30.9028,75.8086,SO2,8,41,19
India,Punjab,Patiala,"Model Town, Patiala - PPCB",17-04-2026 19:00,30.349388,76.366642,SO2,18,34,26
India,Punjab,Rupnagar,"Ratanpura, Rupnagar - Ambuja Cements",17-04-2026 19:00,31.0325454,76.5623046,PM10,15,43,21
India,Punjab,Rupnagar,"Ratanpura, Rupnagar - Ambuja Cements",17-04-2026 19:00,31.0325454,76.5623046,SO2,14,20,16
India,Rajasthan,Ajmer,"Civil Lines,  Ajmer - RSPCB",17-04-2026 19:00,26.470859,74.646594,SO2,9,10,10
India,Rajasthan,Alwar,"Moti Doongri, Alwar - RSPCB",17-04-2026 19:00,27.554793,76.611536,NO2,35,122,61
India,Maharashtra,Solapur,"Dnyaneshwar Nagar, Solapur - MPCB",17-04-2026 19:00,17.6336264,75.9132495,SO2,4,12,7
India,Maharashtra,Solapur,"Ratandeep Housing Society, Solapur - MPCB",17-04-2026 19:00,17.65439,75.90649,NH3,3,14,6
India,Maharashtra,Thane,"Kasarvadavali, Thane - MPCB",17-04-2026 19:00,19.26777,72.97182,NH3,4,6,5
India,Maharashtra,Thane,"Kasarvadavali, Thane - MPCB",17-04-2026 19:00,19.26777,72.97182,CO,6,50,15
India,Maharashtra,Thane,"Upvan Fort, Thane - MPCB",17-04-2026 19:00,19.222279,72.957979,CO,8,58,17
India,Maharashtra,Ulhasnagar,"Sidhi Vinayak Nagar, Ulhasnagar - MPCB",17-04-2026 19:00,19.235581,73.159121,SO2,5,24,8
India,Maharashtra,Ulhasnagar,"Vithalwadi, Ulhasnagar - MPCB",17-04-2026 19:00,19.2307571,73.155192,OZONE,10,43,36
India,Meghalaya,Byrnihat,"15th Mile-Nongthymmai, Byrnihat - Meghalaya PCB",17-04-2026 19:00,26.05374,91.86796,SO2,NA,NA,NA
India,Mizoram,Aizawl,"Sikulpuikawn, Aizawl - Mizoram PCB",17-04-2026 19:00,23.7176342,92.7192841,NO2,1,1,1
India,Nagaland,Kohima,"PWD Junction, Kohima - NPCB",17-04-2026 19:00,25.6635413,94.0989878,PM2.5,1,74,41
India,Nagaland,Kohima,"PWD Junction, Kohima - NPCB",17-04-2026 19:00,25.6635413,94.0989878,NO2,3,4,3
India,Odisha,Barbil,"Forest Office, Barbil - OSPCB",17-04-2026 19:00,22.1166054,85.3945546,PM2.5,19,128,66
India,Odisha,Baripada,"Meher Colony, Baripada - OSPCB",17-04-2026 19:00,21.941841,86.728318,NO2,2,30,12
India,Odisha,Baripada,"Meher Colony, Baripada - OSPCB",17-04-2026 19:00,21.941841,86.728318,NH3,1,1,1
India,Odisha,Baripada,"Meher Colony, Baripada - OSPCB",17-04-2026 19:00,21.941841,86.728318,CO,12,33,20
India,Odisha,Bhubaneswar,"Lingraj Mandir, Bhubaneswar - OSPCB",17-04-2026 19:00,20.24079,85.836784,PM2.5,2,51,23
India,Odisha,Bhubaneswar,"Patia, Bhubaneswar - OSPCB",17-04-2026 19:00,20.34652,85.8163,CO,60,88,85
India,Odisha,Rourkela,"Fertilizer Township, Rourkela - OSPCB",17-04-2026 19:00,22.18972222,84.86277778,NO2,11,11,11
India,Odisha,Rourkela,"Fertilizer Township, Rourkela - OSPCB",17-04-2026 19:00,22.18972222,84.86277778,CO,12,44,16
India,Odisha,Rourkela,"Raghunathpali, Rourkela - OSPCB",17-04-2026 19:00,22.220833,84.809444,NO2,15,15,15
India,Odisha,Suakati,"OMC Colony, Suakati - OSPCB",17-04-2026 19:00,21.606865,85.510538,NO2,NA,NA,NA
India,Odisha,Talcher,"Talcher Coalfields,Talcher - OSPCB",17-04-2026 19:00,20.9360711,85.1707021,PM2.5,2,98,41
India,Odisha,Talcher,"Talcher Coalfields,Talcher - OSPCB",17-04-2026 19:00,20.9360711,85.1707021,NO2,20,63,38
India,Odisha,Tensa,"Barsua Iron Ore Mines, Tensa - OSPCB",17-04-2026 19:00,21.869985,85.167016,SO2,NA,NA,NA
India,Puducherry,Puducherry,"Jawahar Nagar, Puducherry - PPCC",17-04-2026 19:00,11.9309,79.8027,OZONE,7,32,24
India,Punjab,Amritsar,"Golden Temple, Amritsar - PPCB",17-04-2026 19:00,31.62,74.876512,NH3,5,7,6
India,Punjab,Bathinda,"Hardev Nagar, Bathinda - PPCB",17-04-2026 19:00,30.233011,74.907758,CO,47,80,71
India,Maharashtra,Pune,"Mhada Colony, Pune - IITM",17-04-2026 19:00,18.57304,73.927715,PM10,68,103,86
India,Maharashtra,Pune,"Revenue Colony-Shivajinagar, Pune - IITM",17-04-2026 19:00,18.530085,73.849598,CO,26,74,48
India,Maharashtra,Sangli,"Vijay Nagar, Sangli - MPCB",17-04-2026 19:00,16.5038,74.3623,OZONE,10,58,52
India,Odisha,Keonjhar,"Jagamohanpur, Keonjhar - OSPCB",17-04-2026 19:00,21.6439,85.599355,OZONE,13,37,32
India,Odisha,Rairangpur,"Divisional Forest Office, Rairangpur - OSPCB",17-04-2026 19:00,22.265816,86.174829,PM2.5,13,62,20
India,Odisha,Rairangpur,"Divisional Forest Office, Rairangpur - OSPCB",17-04-2026 19:00,22.265816,86.174829,NH3,1,1,1
India,Rajasthan,Jhunjhunu,"Indra Nagar, Jhunjhunu - RSPCB",17-04-2026 19:00,28.108988,75.386577,NH3,1,47,15
India,Rajasthan,Jhunjhunu,"Indra Nagar, Jhunjhunu - RSPCB",17-04-2026 19:00,28.108988,75.386577,SO2,6,10,8
India,Rajasthan,Jhunjhunu,"Indra Nagar, Jhunjhunu - RSPCB",17-04-2026 19:00,28.108988,75.386577,OZONE,2,120,83
India,Rajasthan,Jodhpur,"Collectorate, Jodhpur - RSPCB",17-04-2026 19:00,26.268249,73.0193853,PM2.5,21,107,67
India,Rajasthan,Jodhpur,"Digari Kalan, Jodhpur - RSPCB",17-04-2026 19:00,26.29581,73.082283,OZONE,23,54,51
India,Rajasthan,Jodhpur,"Jhalamand, Jodhpur - RSPCB",17-04-2026 19:00,26.215415,73.070156,NO2,4,28,13
India,Rajasthan,Jodhpur,"Jhalamand, Jodhpur - RSPCB",17-04-2026 19:00,26.215415,73.070156,SO2,4,9,6
India,Rajasthan,Jodhpur,"Jhalamand, Jodhpur - RSPCB",17-04-2026 19:00,26.215415,73.070156,CO,6,32,10
India,Rajasthan,Jodhpur,"Mandor, Jodhpur - RSPCB",17-04-2026 19:00,26.358805,73.047444,NH3,2,7,5
India,Rajasthan,Jodhpur,"Mandor, Jodhpur - RSPCB",17-04-2026 19:00,26.358805,73.047444,CO,4,30,14
India,Rajasthan,Kota,"Shrinath Puram, Kota - RSPCB",17-04-2026 19:00,25.14389,75.821256,NO2,15,24,24
India,Rajasthan,Nagaur,"Karni Colony, Nagaur - RSPCB",17-04-2026 19:00,27.213494,73.734444,SO2,2,20,8
India,Rajasthan,Pali,"Indira Colony Vistar, Pali - RSPCB",17-04-2026 19:00,25.771061,73.340227,SO2,1,9,6
India,Rajasthan,Pratapgarh,"Pragati Nagar, Pratapgarh - RSPCB",17-04-2026 19:00,24.041198,74.780702,PM10,76,156,111
India,Rajasthan,Rajsamand,"Dhoinda, Rajsamand - RSPCB",17-04-2026 19:00,25.03636,73.883502,PM10,NA,NA,NA
India,Rajasthan,Sawai Madhopur,"Sahu Nagar, Sawai Madhopur - RSPCB",17-04-2026 19:00,26.031443,76.359327,PM10,77,386,156
India,Rajasthan,Alwar,"Moti Doongri, Alwar - RSPCB",17-04-2026 19:00,27.554793,76.611536,OZONE,8,78,49
India,Rajasthan,Banswara,"Rati Talai, Banswara - RSPCB",17-04-2026 19:00,23.55519,74.44001,PM2.5,10,109,47
India,Rajasthan,Banswara,"Rati Talai, Banswara - RSPCB",17-04-2026 19:00,23.55519,74.44001,NH3,2,10,5
India,Rajasthan,Baran,"Bamboliya, Baran - RSPCB",17-04-2026 19:00,25.106006,76.469948,OZONE,28,180,160
India,Rajasthan,Barmer,"Railway Colony, Barmer - RSPCB",17-04-2026 19:00,25.747299,71.393989,NH3,3,5,4
India,Rajasthan,Bhilwara,"Pratap Nagar, Bhilwara - RSPCB",17-04-2026 19:00,25.339605,74.618883,NH3,11,24,14
India,Rajasthan,Bundi,"New Colony, Bundi - RSPCB",17-04-2026 19:00,25.435774,75.644272,PM2.5,25,100,60
India,Rajasthan,Chittorgarh,"Shastri Nagar, Chittorgarh - RSPCB",17-04-2026 19:00,24.892047,74.623527,SO2,3,13,7
India,Rajasthan,Churu,"Subash Chowk, Churu - RSPCB",17-04-2026 19:00,28.296139,74.961696,NH3,5,8,7
India,Rajasthan,Dausa,"Khatikan Mohalla, Dausa - RSPCB",17-04-2026 19:00,26.895552,76.334753,PM2.5,33,260,75
India,Rajasthan,Dausa,"Khatikan Mohalla, Dausa - RSPCB",17-04-2026 19:00,26.895552,76.334753,SO2,5,14,9
India,Rajasthan,Dungarpur,"Bhoiwada, Dungarpur - RSPCB",17-04-2026 19:00,23.837789,73.714926,PM10,33,127,84
India,Rajasthan,Dungarpur,"Bhoiwada, Dungarpur - RSPCB",17-04-2026 19:00,23.837789,73.714926,NO2,5,19,13
India,Rajasthan,Hanumangarh,"Housing Board, Hanumangarh - RSPCB",17-04-2026 19:00,29.61075,74.283608,NO2,16,98,38
India,Rajasthan,Jaipur,"Adarsh Nagar, Jaipur - RSPCB",17-04-2026 19:00,26.902909,75.836858,SO2,3,45,22
India,Rajasthan,Jaipur,"Police Commissionerate, Jaipur - RSPCB",17-04-2026 19:00,26.9164092,75.7994901,PM2.5,66,121,93
India,Rajasthan,Jaipur,"RIICO Sitapura, Jaipur - RSPCB",17-04-2026 19:00,26.786682,75.827928,PM10,58,409,189
India,Rajasthan,Jaipur,"Shastri Nagar, Jaipur - RSPCB",17-04-2026 19:00,26.9502929,75.730943,CO,13,88,24
India,Rajasthan,Jaipur,"Shastri Nagar, Jaipur - RSPCB",17-04-2026 19:00,26.9502929,75.730943,OZONE,15,54,47
India,Rajasthan,Jaisalmer,"Sadar Bazar, Jaisalmer - RSPCB",17-04-2026 19:00,26.912329,70.909168,CO,9,56,26
India,Rajasthan,Jalore,"Mudtra Sili, Jalore - RSPCB",17-04-2026 19:00,25.344694,72.626208,NH3,2,4,3
India,Rajasthan,Jalore,"Mudtra Sili, Jalore - RSPCB",17-04-2026 19:00,25.344694,72.626208,OZONE,34,82,75
India,Rajasthan,Jhalawar,"Rajlaxmi Nagar, Jhalawar - RSPCB",17-04-2026 19:00,24.588397,76.172782,OZONE,30,149,127
India,Rajasthan,Jodhpur,"Samrat Ashok Udhyan, Jodhpur - RSPCB",17-04-2026 19:00,26.253384,72.976571,NO2,3,22,9
India,Rajasthan,Jodhpur,"Samrat Ashok Udhyan, Jodhpur - RSPCB",17-04-2026 19:00,26.253384,72.976571,NH3,3,7,5
India,Rajasthan,Jodhpur,"Samrat Ashok Udhyan, Jodhpur - RSPCB",17-04-2026 19:00,26.253384,72.976571,OZONE,39,70,61
India,Rajasthan,Karauli,"Satyawati Vihar, Karauli - RSPCB",17-04-2026 19:00,26.506177,77.025989,SO2,1,12,5
India,Rajasthan,Kota,"Dhanmandi, Kota - RSPCB",17-04-2026 19:00,25.16409,75.858137,OZONE,1,125,99
India,Rajasthan,Kota,"Nayapura, Kota - RSPCB",17-04-2026 19:00,25.196024,75.855668,CO,18,114,23
India,Rajasthan,Bhilwara,"Pratap Nagar, Bhilwara - RSPCB",17-04-2026 19:00,25.339605,74.618883,OZONE,8,97,72
India,Rajasthan,Bhiwadi,"RIICO Ind. Area III, Bhiwadi - RSPCB",17-04-2026 19:00,28.194909,76.862296,PM2.5,82,325,226
India,Rajasthan,Bhiwadi,"RIICO Ind. Area III, Bhiwadi - RSPCB",17-04-2026 19:00,28.194909,76.862296,PM10,57,328,191
India,Rajasthan,Bhiwadi,"RIICO Ind. Area III, Bhiwadi - RSPCB",17-04-2026 19:00,28.194909,76.862296,NO2,16,66,39
India,Rajasthan,Bhiwadi,"Vasundhara Nagar_UIT, Bhiwadi - RSPCB",17-04-2026 19:00,28.207266,76.829265,SO2,5,103,27
India,Rajasthan,Jaipur,"RIICO Sitapura, Jaipur - RSPCB",17-04-2026 19:00,26.786682,75.827928,OZONE,6,134,115
India,Rajasthan,Jaipur,"Sector-2 Murlipura, Jaipur - RSPCB",17-04-2026 19:00,26.960669,75.771817,PM2.5,52,308,113
India,Rajasthan,Jaipur,"Shastri Nagar, Jaipur - RSPCB",17-04-2026 19:00,26.9502929,75.730943,PM10,79,142,109
India,Uttar_Pradesh,Agra,"Sector-3B Avas Vikas Colony, Agra - UPPCB",17-04-2026 19:00,27.19412,77.96237,CO,12,30,20
India,Uttar_Pradesh,Agra,"Sector-3B Avas Vikas Colony, Agra - UPPCB",17-04-2026 19:00,27.19412,77.96237,OZONE,3,21,7
India,Uttar_Pradesh,Agra,"Shahjahan Garden, Agra - UPPCB",17-04-2026 19:00,27.169338,78.03582,NO2,30,39,34
India,Uttar_Pradesh,Agra,"Shahjahan Garden, Agra - UPPCB",17-04-2026 19:00,27.169338,78.03582,CO,6,13,10
India,Uttar_Pradesh,Agra,"Shastripuram, Agra - UPPCB",17-04-2026 19:00,27.19862,77.92066,NO2,10,10,10
India,Uttar_Pradesh,Baghpat,"Sardar Patel Inter College, Baghpat - UPPCB",17-04-2026 19:00,28.964949,77.278761,PM2.5,51,334,202
India,Uttar_Pradesh,Baghpat,"Sardar Patel Inter College, Baghpat - UPPCB",17-04-2026 19:00,28.964949,77.278761,SO2,12,104,47
India,Uttar_Pradesh,Baghpat,"Sardar Patel Inter College, Baghpat - UPPCB",17-04-2026 19:00,28.964949,77.278761,OZONE,7,133,105
India,Uttar_Pradesh,Bareilly,"Civil Lines, Bareilly - UPPCB",17-04-2026 19:00,28.359581,79.414455,NH3,1,5,2
India,Uttar_Pradesh,Bareilly,"Civil Lines, Bareilly - UPPCB",17-04-2026 19:00,28.359581,79.414455,SO2,29,62,45
India,Uttar_Pradesh,Bareilly,"Rajendra Nagar, Bareilly - UPPCB",17-04-2026 19:00,28.38910936,79.42963708,PM2.5,28,58,46
India,Uttar_Pradesh,Bareilly,"Rajendra Nagar, Bareilly - UPPCB",17-04-2026 19:00,28.38910936,79.42963708,NO2,9,10,9
India,Telangana,Hyderabad,"IDA Pashamylaram, Hyderabad - TSPCB",17-04-2026 19:00,17.5316895,78.218939,OZONE,20,22,20
India,Telangana,Hyderabad,"IITH Kandi, Hyderabad - TSPCB",17-04-2026 19:00,17.585705,78.126199,NO2,12,18,17
India,Telangana,Hyderabad,"Kokapet, Hyderabad - TSPCB",17-04-2026 19:00,17.393559,78.339194,PM10,82,101,91
India,Telangana,Hyderabad,"Kokapet, Hyderabad - TSPCB",17-04-2026 19:00,17.393559,78.339194,NH3,2,3,2
India,Telangana,Hyderabad,"Kokapet, Hyderabad - TSPCB",17-04-2026 19:00,17.393559,78.339194,SO2,13,18,15
India,Telangana,Hyderabad,"Kompally Municipal Office, Hyderabad - TSPCB",17-04-2026 19:00,17.544899,78.486949,NO2,15,19,18
India,Telangana,Hyderabad,"Kompally Municipal Office, Hyderabad - TSPCB",17-04-2026 19:00,17.544899,78.486949,CO,12,34,24
India,Telangana,Hyderabad,"Nacharam_TSIIC IALA, Hyderabad - TSPCB",17-04-2026 19:00,17.429398,78.569354,PM10,78,97,85
India,Telangana,Hyderabad,"Nacharam_TSIIC IALA, Hyderabad - TSPCB",17-04-2026 19:00,17.429398,78.569354,OZONE,18,33,31
India,Telangana,Hyderabad,"Ramachandrapuram, Hyderabad - TSPCB",17-04-2026 19:00,17.528544,78.286195,CO,26,44,30
India,Telangana,Hyderabad,"Ramachandrapuram, Hyderabad - TSPCB",17-04-2026 19:00,17.528544,78.286195,OZONE,21,28,27
India,Uttar_Pradesh,Bulandshahr,"Yamunapuram, Bulandshahr - UPPCB",17-04-2026 19:00,28.406963,77.849831,SO2,18,51,32
India,Uttar_Pradesh,Firozabad,"Nagla Bhau, Firozabad - UPPCB",17-04-2026 19:00,27.168897,78.37696,PM2.5,29,214,62
India,Uttar_Pradesh,Firozabad,"Nagla Bhau, Firozabad - UPPCB",17-04-2026 19:00,27.168897,78.37696,PM10,42,185,84
India,Uttar_Pradesh,Firozabad,"Nagla Bhau, Firozabad - UPPCB",17-04-2026 19:00,27.168897,78.37696,OZONE,6,13,12
India,Uttar_Pradesh,Firozabad,"Vibhab Nagar, Firozabad - UPPCB",17-04-2026 19:00,27.1594,78.3953,PM2.5,47,182,97
India,Uttar_Pradesh,Firozabad,"Vibhab Nagar, Firozabad - UPPCB",17-04-2026 19:00,27.1594,78.3953,NH3,2,2,2
India,Uttar_Pradesh,Ghaziabad,"Govindpuram, Ghaziabad - UPPCB",17-04-2026 19:00,28.694528,77.494705,NO2,NA,NA,NA
India,Uttar_Pradesh,Ghaziabad,"Indirapuram, Ghaziabad - UPPCB",17-04-2026 19:00,28.646233,77.358075,CO,7,159,36
India,Uttar_Pradesh,Ghaziabad,"Loni, Ghaziabad - UPPCB",17-04-2026 19:00,28.757294,77.278792,OZONE,1,197,129
India,TamilNadu,Perundurai,"SIPCOT Industrial Park, Perundurai - TNPCB",17-04-2026 19:00,11.258242,77.552761,NH3,3,4,3
India,TamilNadu,Ramanathapuram,"Chalai Bazaar, Ramanathapuram - TNPCB",17-04-2026 19:00,9.36399,78.831977,OZONE,4,7,5
India,TamilNadu,Thoothukudi,"Meelavittan, Thoothukudi - TNPCB",17-04-2026 19:00,8.816428,78.099039,SO2,2,14,8
India,Telangana,Hyderabad,"Central University, Hyderabad - TSPCB",17-04-2026 19:00,17.460103,78.334361,NH3,NA,NA,NA
India,Telangana,Hyderabad,"Central University, Hyderabad - TSPCB",17-04-2026 19:00,17.460103,78.334361,CO,4,22,12
India,Telangana,Hyderabad,"ECIL Kapra, Hyderabad - TSPCB",17-04-2026 19:00,17.470431,78.566959,PM10,60,96,72
India,Telangana,Hyderabad,"ECIL Kapra, Hyderabad - TSPCB",17-04-2026 19:00,17.470431,78.566959,NH3,4,6,5
India,Telangana,Hyderabad,"ICRISAT Patancheru, Hyderabad - TSPCB",17-04-2026 19:00,17.5184,78.278777,SO2,11,23,16
India,Telangana,Hyderabad,"Zoo Park, Hyderabad - TSPCB",17-04-2026 19:00,17.349694,78.451437,SO2,2,2,2
India,Tripura,Agartala,"Bardowali, Agartala - Tripura SPCB",17-04-2026 19:00,23.8175497,91.2726974,PM2.5,39,156,98
India,Tripura,Agartala,"Bardowali, Agartala - Tripura SPCB",17-04-2026 19:00,23.8175497,91.2726974,NO2,17,24,20
India,Uttar_Pradesh,Agra,"Manoharpur, Agra - UPPCB",17-04-2026 19:00,27.23711,78.01936,PM2.5,NA,NA,NA
India,Uttar_Pradesh,Agra,"Manoharpur, Agra - UPPCB",17-04-2026 19:00,27.23711,78.01936,PM10,57,381,164
India,Uttar_Pradesh,Agra,"Sanjay Palace, Agra - UPPCB",17-04-2026 19:00,27.19865833,78.00598056,CO,32,34,32
India,Uttar_Pradesh,Agra,"Sector-3B Avas Vikas Colony, Agra - UPPCB",17-04-2026 19:00,27.19412,77.96237,NH3,NA,NA,NA
India,Rajasthan,Sikar,"Radhakishan Pura, Sikar - RSPCB",17-04-2026 19:00,27.608912,75.153302,CO,10,68,19
India,Rajasthan,Sirohi,"Vedhaynath Colony, Sirohi - RSPCB",17-04-2026 19:00,24.885261,72.857549,OZONE,23,67,61
India,Rajasthan,Sri Ganganagar,"Old City, Sri Ganganagar - RSPCB",17-04-2026 19:00,29.931624,73.864511,PM10,107,185,138
India,Rajasthan,Tonk,"Shastri Nagar, Tonk - RSPCB",17-04-2026 19:00,26.159933,75.780517,CO,26,72,58
India,Rajasthan,Udaipur,"Ashok Nagar, Udaipur - RSPCB",17-04-2026 19:00,24.5886166,73.6321397,PM10,63,139,106
India,Rajasthan,Udaipur,"Ashok Nagar, Udaipur - RSPCB",17-04-2026 19:00,24.5886166,73.6321397,NH3,3,23,10
India,Rajasthan,Udaipur,"Ashok Nagar, Udaipur - RSPCB",17-04-2026 19:00,24.5886166,73.6321397,CO,10,46,24
India,TamilNadu,Chennai,"Arumbakkam, Chennai - TNPCB",17-04-2026 19:00,13.0664,80.2112,PM2.5,1,30,10
India,TamilNadu,Chennai,"Arumbakkam, Chennai - TNPCB",17-04-2026 19:00,13.0664,80.2112,PM10,31,67,44
India,TamilNadu,Chennai,"Kodungaiyur, Chennai - TNPCB",17-04-2026 19:00,13.1278,80.2642,NH3,3,5,4
India,TamilNadu,Chennai,"Manali Village, Chennai - TNPCB",17-04-2026 19:00,13.1662,80.2584,PM2.5,6,43,15
India,TamilNadu,Chennai,"Manali Village, Chennai - TNPCB",17-04-2026 19:00,13.1662,80.2584,CO,36,62,39
India,TamilNadu,Chennai,"Manali, Chennai - CPCB",17-04-2026 19:00,13.164544,80.26285,SO2,14,17,15
India,TamilNadu,Chennai,"Manali, Chennai - CPCB",17-04-2026 19:00,13.164544,80.26285,CO,11,116,19
India,Telangana,Hyderabad,"Sanathnagar, Hyderabad - TSPCB",17-04-2026 19:00,17.4559458,78.4332152,SO2,2,87,17
India,Telangana,Hyderabad,"Somajiguda, Hyderabad - TSPCB",17-04-2026 19:00,17.417094,78.457437,PM2.5,36,148,64
India,Telangana,Hyderabad,"Somajiguda, Hyderabad - TSPCB",17-04-2026 19:00,17.417094,78.457437,PM10,79,103,93
India,Telangana,Hyderabad,"Somajiguda, Hyderabad - TSPCB",17-04-2026 19:00,17.417094,78.457437,OZONE,10,47,41
India,TamilNadu,Chennai,"Perungudi, Chennai - TNPCB",17-04-2026 19:00,12.9533,80.2357,CO,28,56,42
India,TamilNadu,Chennai,"Royapuram, Chennai - TNPCB",17-04-2026 19:00,13.1036,80.2909,PM2.5,3,19,10
India,TamilNadu,Coimbatore,"SIDCO Kurichi, Coimbatore - TNPCB",17-04-2026 19:00,10.942451,76.978996,CO,28,38,29
India,Uttar_Pradesh,Noida,"Sector-1, Noida - UPPCB",17-04-2026 19:00,28.5898,77.3101,OZONE,1,100,79
India,Uttar_Pradesh,Noida,"Sector-116, Noida - UPPCB",17-04-2026 19:00,28.56923,77.393848,PM10,159,471,362
India,Uttar_Pradesh,Noida,"Sector-116, Noida - UPPCB",17-04-2026 19:00,28.56923,77.393848,SO2,13,82,20
India,Uttar_Pradesh,Prayagraj,"Jhunsi, Prayagraj - UPPCB",17-04-2026 19:00,25.425602,81.917152,PM10,59,124,99
India,Uttar_Pradesh,Prayagraj,"Jhunsi, Prayagraj - UPPCB",17-04-2026 19:00,25.425602,81.917152,NH3,5,6,6
India,Uttar_Pradesh,Prayagraj,"Motilal Nehru NIT, Prayagraj - UPPCB",17-04-2026 19:00,25.494,81.863,PM2.5,26,117,62
India,Uttar_Pradesh,Prayagraj,"Nagar Nigam, Prayagraj - UPPCB",17-04-2026 19:00,25.44919916,81.82735986,PM10,42,113,77
India,Uttar_Pradesh,Prayagraj,"Nagar Nigam, Prayagraj - UPPCB",17-04-2026 19:00,25.44919916,81.82735986,NH3,7,14,9
India,Uttar_Pradesh,Raebareli," Indira Nagar, Raebareli - NTPC Unchahar",17-04-2026 19:00,26.207781,81.245571,SO2,12,15,14
India,Uttar_Pradesh,Raebareli," Indira Nagar, Raebareli - NTPC Unchahar",17-04-2026 19:00,26.207781,81.245571,OZONE,2,187,166
India,Uttar_Pradesh,Varanasi,"Ardhali Bazar, Varanasi - UPPCB",17-04-2026 19:00,25.3505986,82.9083074,PM2.5,74,211,109
India,Uttar_Pradesh,Moradabad,"Kashiram Nagar, Moradabad - UPPCB",17-04-2026 19:00,28.849399,78.742362,PM2.5,31,159,73
India,Uttar_Pradesh,Moradabad,"Transport Nagar, Moradabad - UPPCB",17-04-2026 19:00,28.802625,78.753728,NO2,29,30,29
India,Uttar_Pradesh,Moradabad,"Transport Nagar, Moradabad - UPPCB",17-04-2026 19:00,28.802625,78.753728,SO2,49,64,55
India,Uttar_Pradesh,Muzaffarnagar,"New Mandi, Muzaffarnagar - UPPCB",17-04-2026 19:00,29.4723508,77.7194031,NO2,NA,NA,NA
India,Uttar_Pradesh,Muzaffarnagar,"New Mandi, Muzaffarnagar - UPPCB",17-04-2026 19:00,29.4723508,77.7194031,SO2,8,59,33
India,Uttar_Pradesh,Noida,"Sector - 125, Noida - UPPCB",17-04-2026 19:00,28.5447608,77.3231257,OZONE,8,143,105
India,Uttar_Pradesh,Noida,"Sector - 62, Noida - IMD",17-04-2026 19:00,28.6245479,77.3577104,NO2,8,29,19
India,Uttar_Pradesh,Noida,"Sector-1, Noida - UPPCB",17-04-2026 19:00,28.5898,77.3101,NO2,12,155,86
India,Uttar_Pradesh,Varanasi,"Bhelupur, Varanasi - UPPCB",17-04-2026 19:00,25.301778,82.996789,NO2,8,8,8
India,Uttar_Pradesh,Varanasi,"Bhelupur, Varanasi - UPPCB",17-04-2026 19:00,25.301778,82.996789,SO2,25,36,28
India,Uttar_Pradesh,Varanasi,"IESD Banaras Hindu University, Varanasi - UPPCB",17-04-2026 19:00,25.262326,82.995408,CO,3,15,6
India,Uttar_Pradesh,Varanasi,"Maldahiya, Varanasi - UPPCB",17-04-2026 19:00,25.32393,82.99687,OZONE,3,11,8
India,Uttar_Pradesh,Vrindavan,"Omex Eternity, Vrindavan - UPPCB",17-04-2026 19:00,27.571409,77.655757,NH3,6,10,8
India,Uttar_Pradesh,Vrindavan,"Omex Eternity, Vrindavan - UPPCB",17-04-2026 19:00,27.571409,77.655757,SO2,19,34,23
India,Uttarakhand,Dehradun,"Doon University, Dehradun - UKPCB",17-04-2026 19:00,30.269444,78.044167,PM2.5,NA,NA,NA
India,Uttarakhand,Dehradun,"Doon University, Dehradun - UKPCB",17-04-2026 19:00,30.269444,78.044167,OZONE,10,51,41
India,Uttar_Pradesh,Lucknow,"B R Ambedkar University, Lucknow - UPPCB",17-04-2026 19:00,26.766433,80.927299,PM10,94,190,143
India,Uttar_Pradesh,Lucknow,"B R Ambedkar University, Lucknow - UPPCB",17-04-2026 19:00,26.766433,80.927299,SO2,20,21,21
India,Uttar_Pradesh,Lucknow,"B R Ambedkar University, Lucknow - UPPCB",17-04-2026 19:00,26.766433,80.927299,OZONE,2,131,104
India,Uttar_Pradesh,Lucknow,"Kendriya Vidyalaya, Lucknow - CPCB",17-04-2026 19:00,26.906111,80.948222,SO2,3,40,15
India,Uttar_Pradesh,Lucknow,"Kendriya Vidyalaya, Lucknow - CPCB",17-04-2026 19:00,26.906111,80.948222,CO,20,103,43
India,Uttar_Pradesh,Lucknow,"Kukrail Picnic Spot-1, Lucknow - UPPCB",17-04-2026 19:00,26.90723,80.98579,NO2,31,32,32
India,Uttar_Pradesh,Lucknow,"Kukrail Picnic Spot-1, Lucknow - UPPCB",17-04-2026 19:00,26.90723,80.98579,NH3,6,6,6
India,Uttar_Pradesh,Lucknow,"Kukrail Picnic Spot-1, Lucknow - UPPCB",17-04-2026 19:00,26.90723,80.98579,CO,14,17,14
India,Uttar_Pradesh,Ghaziabad,"Sanjay Nagar, Ghaziabad - UPPCB",17-04-2026 19:00,28.685382,77.453839,NH3,11,18,14
India,Uttar_Pradesh,Ghaziabad,"Sanjay Nagar, Ghaziabad - UPPCB",17-04-2026 19:00,28.685382,77.453839,SO2,17,114,44
India,Uttar_Pradesh,Ghaziabad,"Vasundhara, Ghaziabad - UPPCB",17-04-2026 19:00,28.6603346,77.3572563,PM10,176,500,333
India,Uttar_Pradesh,Greater Noida,"Knowledge Park - III, Greater Noida - UPPCB",17-04-2026 19:00,28.47272,77.482,CO,20,73,35
India,Uttar_Pradesh,Greater Noida,"Knowledge Park - III, Greater Noida - UPPCB",17-04-2026 19:00,28.47272,77.482,OZONE,1,186,115
India,Uttar_Pradesh,Greater Noida,"Knowledge Park - V, Greater Noida - UPPCB",17-04-2026 19:00,28.557054,77.453663,PM10,140,500,396
India,Uttar_Pradesh,Lucknow,"Talkatora District Industries Center, Lucknow - CPCB",17-04-2026 19:00,26.83399722,80.8917361,OZONE,14,135,74
India,Uttar_Pradesh,Meerut,"Ganga Nagar, Meerut - UPPCB",17-04-2026 19:00,28.999264,77.7590354,NH3,7,10,9
India,Uttar_Pradesh,Meerut,"Ganga Nagar, Meerut - UPPCB",17-04-2026 19:00,28.999264,77.7590354,CO,6,136,14
India,Uttar_Pradesh,Meerut,"Jai Bhim Nagar, Meerut - UPPCB",17-04-2026 19:00,28.9535882,77.7622941,PM2.5,43,340,159
India,Uttar_Pradesh,Meerut,"MIET College, Meerut - UPPCB",17-04-2026 19:00,28.972677,77.641018,OZONE,110,178,178
India,Uttarakhand,Kashipur,"Govt. Girls Inter College, Kashipur - UKPCB",17-04-2026 19:00,29.2124114,78.9611753,SO2,NA,NA,NA
India,Uttarakhand,Kashipur,"Govt. Girls Inter College, Kashipur - UKPCB",17-04-2026 19:00,29.2124114,78.9611753,CO,12,26,26
India,West_Bengal,Asansol,"Asansol Court Area, Asansol - WBPCB",17-04-2026 19:00,23.685297,86.945968,PM10,49,98,71
India,West_Bengal,Asansol,"Evelyn Lodge, Asansol - WBPCB",17-04-2026 19:00,23.697936,86.944395,CO,14,55,24
India,West_Bengal,Asansol,"Trivenidevi Bhalotia College, Asansol - WBPCB",17-04-2026 19:00,23.616515,87.119133,PM2.5,28,85,51
India,Uttar_Pradesh,Modinagar,"SRM University, Modinagar - UPPCB",17-04-2026 19:00,28.798171,77.540243,PM10,164,476,296
India,Uttar_Pradesh,Modinagar,"SRM University, Modinagar - UPPCB",17-04-2026 19:00,28.798171,77.540243,OZONE,7,117,92
India,Uttar_Pradesh,Moradabad,"Buddhi Vihar, Moradabad - UPPCB",17-04-2026 19:00,28.83526,78.7446,NO2,28,29,29
India,Uttar_Pradesh,Moradabad,"Buddhi Vihar, Moradabad - UPPCB",17-04-2026 19:00,28.83526,78.7446,OZONE,9,53,43
India,Uttar_Pradesh,Moradabad,"Employment Office, Moradabad - UPPCB",17-04-2026 19:00,28.88528,78.7388,CO,2,58,44
India,Uttar_Pradesh,Hapur,"Anand Vihar, Hapur - UPPCB",17-04-2026 19:00,28.725645,77.749675,NH3,2,11,5
India,Uttar_Pradesh,Kanpur,"NSI Kalyanpur, Kanpur - UPPCB",17-04-2026 19:00,26.509954,80.249612,PM10,52,220,118
India,Uttar_Pradesh,Kanpur,"NSI Kalyanpur, Kanpur - UPPCB",17-04-2026 19:00,26.509954,80.249612,NH3,2,2,2
India,Uttar_Pradesh,Kanpur,"NSI Kalyanpur, Kanpur - UPPCB",17-04-2026 19:00,26.509954,80.249612,SO2,14,41,18
India,West_Bengal,Asansol,"Trivenidevi Bhalotia College, Asansol - WBPCB",17-04-2026 19:00,23.616515,87.119133,SO2,9,13,11
India,West_Bengal,Asansol,"Trivenidevi Bhalotia College, Asansol - WBPCB",17-04-2026 19:00,23.616515,87.119133,OZONE,4,23,19
India,West_Bengal,Barrackpore,"SVSPA Campus, Barrackpore - WBPCB",17-04-2026 19:00,22.7605581,88.3617589,SO2,13,16,14
India,West_Bengal,Durgapur,"Mahishkapur Road_B-Zone, Durgapur - WBPCB",17-04-2026 19:00,23.567923,87.306843,OZONE,1,40,35
India,West_Bengal,Durgapur,"PCBL Residential Complex, Durgapur - WBPCB",17-04-2026 19:00,23.508764,87.35444,CO,4,73,36
India,West_Bengal,Durgapur,"Womens College_City Center, Durgapur - WBPCB",17-04-2026 19:00,23.549395,87.300496,NH3,1,4,3
India,West_Bengal,Durgapur,"Womens College_City Center, Durgapur - WBPCB",17-04-2026 19:00,23.549395,87.300496,SO2,12,12,12
India,West_Bengal,Howrah,"Botanical Garden, Howrah - WBPCB",17-04-2026 19:00,22.554954,88.292568,NO2,6,43,14
India,West_Bengal,Howrah,"Botanical Garden, Howrah - WBPCB",17-04-2026 19:00,22.554954,88.292568,NH3,NA,NA,NA
India,West_Bengal,Howrah,"Dasnagar, Howrah - WBPCB",17-04-2026 19:00,22.6025571,88.3105664,OZONE,12,40,32
India,West_Bengal,Howrah,"Ghusuri, Howrah - WBPCB",17-04-2026 19:00,22.611968,88.347422,PM10,22,102,52
India,West_Bengal,Howrah,"Ghusuri, Howrah - WBPCB",17-04-2026 19:00,22.611968,88.347422,CO,66,82,76
India,West_Bengal,Kolkata,"Ballygunge, Kolkata - WBPCB",17-04-2026 19:00,22.5367507,88.3638022,PM2.5,13,55,25
India,West_Bengal,Kolkata,"Ballygunge, Kolkata - WBPCB",17-04-2026 19:00,22.5367507,88.3638022,OZONE,10,29,22
India,West_Bengal,Kolkata,"Bidhannagar, Kolkata - WBPCB",17-04-2026 19:00,22.58157048,88.41002457,NH3,4,6,5
India,West_Bengal,Kolkata,"Fort William, Kolkata - WBPCB",17-04-2026 19:00,22.55664,88.342674,NH3,9,9,9
India,West_Bengal,Kolkata,"Jadavpur, Kolkata - WBPCB",17-04-2026 19:00,22.49929,88.36917,NO2,8,13,10
India,West_Bengal,Kolkata,"Jadavpur, Kolkata - WBPCB",17-04-2026 19:00,22.49929,88.36917,NH3,11,15,12
India,West_Bengal,Kolkata,"Jadavpur, Kolkata - WBPCB",17-04-2026 19:00,22.49929,88.36917,SO2,4,5,4
India,West_Bengal,Kolkata,"Rabindra Bharati University, Kolkata - WBPCB",17-04-2026 19:00,22.627847,88.380669,PM10,30,72,47
India,West_Bengal,Kolkata,"Rabindra Bharati University, Kolkata - WBPCB",17-04-2026 19:00,22.627847,88.380669,SO2,3,9,7
India,West_Bengal,Kolkata,"Rabindra Bharati University, Kolkata - WBPCB",17-04-2026 19:00,22.627847,88.380669,OZONE,18,75,47
India,West_Bengal,Kolkata,"Rabindra Sarobar, Kolkata - WBPCB",17-04-2026 19:00,22.51106,88.35142,NO2,14,42,20
India,West_Bengal,Kolkata,"Victoria, Kolkata - WBPCB",17-04-2026 19:00,22.5448082,88.3403691,NH3,7,8,8
India,Bihar,Araria,"Kharahiya Basti, Araria - BSPCB",17-04-2026 19:00,26.146529,87.454184,PM10,46,97,68
India,Bihar,Araria,"Kharahiya Basti, Araria - BSPCB",17-04-2026 19:00,26.146529,87.454184,NH3,5,6,6
India,Bihar,Araria,"Kharahiya Basti, Araria - BSPCB",17-04-2026 19:00,26.146529,87.454184,CO,4,31,9
India,Bihar,Arrah,"New DM Office, Arrah - BSPCB",17-04-2026 19:00,25.5626095,84.663264,PM2.5,47,78,58
India,Bihar,Arrah,"New DM Office, Arrah - BSPCB",17-04-2026 19:00,25.5626095,84.663264,NO2,5,8,7
India,Bihar,Arrah,"New DM Office, Arrah - BSPCB",17-04-2026 19:00,25.5626095,84.663264,SO2,4,6,5
India,Bihar,Aurangabad,"Gurdeo Nagar, Aurangabad - BSPCB",17-04-2026 19:00,24.75746,84.366208,NO2,7,9,8
India,Bihar,Aurangabad,"Gurdeo Nagar, Aurangabad - BSPCB",17-04-2026 19:00,24.75746,84.366208,OZONE,3,47,32
India,Bihar,Begusarai,"Lohiyanagar, Begusarai - BSPCB",17-04-2026 19:00,25.42742023,86.13886079,NO2,10,16,13
India,Bihar,Begusarai,"Lohiyanagar, Begusarai - BSPCB",17-04-2026 19:00,25.42742023,86.13886079,NH3,3,4,4
India,Bihar,Begusarai,"Lohiyanagar, Begusarai - BSPCB",17-04-2026 19:00,25.42742023,86.13886079,SO2,34,39,36
India,Bihar,Begusarai,"Lohiyanagar, Begusarai - BSPCB",17-04-2026 19:00,25.42742023,86.13886079,OZONE,37,50,40
India,Bihar,Bettiah,"Kamalnath Nagar, Bettiah - BSPCB",17-04-2026 19:00,26.80365,84.51954,PM10,14,56,26
India,Bihar,Bettiah,"Kamalnath Nagar, Bettiah - BSPCB",17-04-2026 19:00,26.80365,84.51954,NH3,1,1,1
India,Bihar,Bettiah,"Kamalnath Nagar, Bettiah - BSPCB",17-04-2026 19:00,26.80365,84.51954,SO2,42,59,52
India,Bihar,Bettiah,"Kamalnath Nagar, Bettiah - BSPCB",17-04-2026 19:00,26.80365,84.51954,CO,17,60,35
India,Bihar,Bhagalpur,"DM Office_Kachari Chowk, Bhagalpur - BSPCB",17-04-2026 19:00,25.251013,86.989001,CO,22,55,44
India,Bihar,Bhagalpur,"DM Office_Kachari Chowk, Bhagalpur - BSPCB",17-04-2026 19:00,25.251013,86.989001,OZONE,9,23,16
India,Andhra_Pradesh,Chittoor,"Gangineni Cheruvu, Chittoor - APPCB",17-04-2026 19:00,13.20488,79.097889,SO2,8,17,10
India,Andhra_Pradesh,Chittoor,"Gangineni Cheruvu, Chittoor - APPCB",17-04-2026 19:00,13.20488,79.097889,OZONE,22,44,35
India,Andhra_Pradesh,Eluru,"District Court, Eluru - APPCB",17-04-2026 19:00,16.711754,81.092095,NH3,1,1,1
India,Andhra_Pradesh,Eluru,"District Court, Eluru - APPCB",17-04-2026 19:00,16.711754,81.092095,OZONE,6,20,15
India,Andhra_Pradesh,Guntur,"Rajendra Nagar North, Guntur - APPCB",17-04-2026 19:00,16.316553,80.413302,CO,10,35,17
India,Andhra_Pradesh,Kadapa,"Yerramukkapalli, Kadapa - APPCB",17-04-2026 19:00,14.465052,78.824187,NO2,17,27,25
India,Andhra_Pradesh,Kadapa,"Yerramukkapalli, Kadapa - APPCB",17-04-2026 19:00,14.465052,78.824187,CO,27,38,32
India,Andhra_Pradesh,Machilipatnam,"Srinivas Nagar Colony, Machilipatnam - APPCB",17-04-2026 19:00,16.186555,81.13219,PM2.5,42,67,61
India,Andhra_Pradesh,Machilipatnam,"Srinivas Nagar Colony, Machilipatnam - APPCB",17-04-2026 19:00,16.186555,81.13219,NO2,7,22,12
India,Andhra_Pradesh,Nellore,"Ambedkar Nagar, Nellore - APPCB ",17-04-2026 19:00,14.438164,79.966814,NO2,18,27,25
India,Andhra_Pradesh,Nellore,"Ambedkar Nagar, Nellore - APPCB ",17-04-2026 19:00,14.438164,79.966814,NH3,3,7,4
India,Andhra_Pradesh,Nellore,"Ambedkar Nagar, Nellore - APPCB ",17-04-2026 19:00,14.438164,79.966814,CO,28,40,35
India,Andhra_Pradesh,Nellore,"Ambedkar Nagar, Nellore - APPCB ",17-04-2026 19:00,14.438164,79.966814,OZONE,4,28,23
India,Andhra_Pradesh,Rajamahendravaram,"Anand Kala Kshetram, Rajamahendravaram - APPCB",17-04-2026 19:00,16.9872867,81.7363176,PM10,NA,NA,NA
India,Bihar,Gaya,"SFTI Kusdihra, Gaya - BSPCB",17-04-2026 19:00,24.762518,84.982348,NH3,2,4,2
India,Bihar,Gaya,"SFTI Kusdihra, Gaya - BSPCB",17-04-2026 19:00,24.762518,84.982348,OZONE,3,71,62
India,Bihar,Hajipur,"Industrial Area, Hajipur - BSPCB",17-04-2026 19:00,25.697189,85.2459,SO2,3,10,7
India,Bihar,Katihar,"Mirchaibari, Katihar - BSPCB",17-04-2026 19:00,25.560083,87.553265,PM10,NA,NA,NA
India,Bihar,Katihar,"Mirchaibari, Katihar - BSPCB",17-04-2026 19:00,25.560083,87.553265,SO2,14,22,18
India,Bihar,Kishanganj,"SDM Office_Khagra, Kishanganj - BSPCB",17-04-2026 19:00,26.0881305,87.93840336,PM2.5,28,60,40
India,Bihar,Kishanganj,"SDM Office_Khagra, Kishanganj - BSPCB",17-04-2026 19:00,26.0881305,87.93840336,PM10,25,53,36
India,Bihar,Kishanganj,"SDM Office_Khagra, Kishanganj - BSPCB",17-04-2026 19:00,26.0881305,87.93840336,NH3,3,4,3
India,Bihar,Kishanganj,"SDM Office_Khagra, Kishanganj - BSPCB",17-04-2026 19:00,26.0881305,87.93840336,OZONE,32,36,33
India,Bihar,Manguraha,"Forest Rest House, Manguraha - BSPCB",17-04-2026 19:00,27.308328,84.531742,NH3,1,1,1
India,Bihar,Manguraha,"Forest Rest House, Manguraha - BSPCB",17-04-2026 19:00,27.308328,84.531742,SO2,16,17,17
India,Bihar,Motihari,"Gandak Colony, Motihari - BSPCB",17-04-2026 19:00,26.63086,84.90051,SO2,3,3,3
India,Andhra_Pradesh,Vijayawada,"Rajiv Nagar, Vijayawada - APPCB",17-04-2026 19:00,16.554731,80.64911,PM2.5,42,70,62
India,Andhra_Pradesh,Visakhapatnam,"GVM Corporation, Visakhapatnam - APPCB",17-04-2026 19:00,17.72,83.3,OZONE,4,23,19
India,Arunachal_Pradesh,Naharlagun,"Naharlagun, Naharlagun - APSPCB",17-04-2026 19:00,27.103358,93.679645,NH3,1,1,1
India,Arunachal_Pradesh,Naharlagun,"Naharlagun, Naharlagun - APSPCB",17-04-2026 19:00,27.103358,93.679645,CO,9,23,14
India,Arunachal_Pradesh,Naharlagun,"Naharlagun, Naharlagun - APSPCB",17-04-2026 19:00,27.103358,93.679645,OZONE,6,7,7
India,Assam,Byrnihat,"Central Academy for SFS, Byrnihat - PCBA",17-04-2026 19:00,26.071318,91.87488,SO2,25,33,32
India,Assam,Byrnihat,"Central Academy for SFS, Byrnihat - PCBA",17-04-2026 19:00,26.071318,91.87488,CO,24,114,77
India,Assam,Guwahati,"IITG, Guwahati - PCBA",17-04-2026 19:00,26.2028636,91.70046436,PM2.5,20,59,41
India,Assam,Guwahati,"IITG, Guwahati - PCBA",17-04-2026 19:00,26.2028636,91.70046436,NH3,5,5,5
India,Assam,Guwahati,"IITG, Guwahati - PCBA",17-04-2026 19:00,26.2028636,91.70046436,SO2,33,39,35
India,Assam,Guwahati,"IITG, Guwahati - PCBA",17-04-2026 19:00,26.2028636,91.70046436,OZONE,1,21,15
India,Assam,Guwahati,"LGBI Airport, Guwahati - PCBA",17-04-2026 19:00,26.10887,91.589544,SO2,7,14,12
India,Assam,Guwahati,"LGBI Airport, Guwahati - PCBA",17-04-2026 19:00,26.10887,91.589544,CO,22,54,38
India,Assam,Guwahati,"Railway Colony, Guwahati - PCBA",17-04-2026 19:00,26.181742,91.78063,OZONE,1,6,3
India,Assam,Nagaon,"Christianpatty, Nagaon - PCBA",17-04-2026 19:00,26.349082,92.68449,SO2,10,14,13
India,Assam,Nalbari,"Bata Chowk, Nalbari - PCBA",17-04-2026 19:00,26.446912,91.439057,NH3,6,6,6
India,Assam,Nalbari,"Bata Chowk, Nalbari - PCBA",17-04-2026 19:00,26.446912,91.439057,CO,20,24,22
India,Assam,Silchar,"Tarapur, Silchar - PCBA",17-04-2026 19:00,24.82827,92.79525,NH3,1,1,1
India,Assam,Sivasagar,"Girls College, Sivasagar - PCBA",17-04-2026 19:00,26.987634,94.636574,NO2,23,39,32
India,Andhra_Pradesh,Tirumala,"Toll Gate, Tirumala - APPCB",17-04-2026 19:00,13.67,79.35,OZONE,38,80,62
India,Andhra_Pradesh,Tirupati,"Vaikuntapuram, Tirupati - APPCB",17-04-2026 19:00,13.615387,79.40923,SO2,8,18,14
India,Andhra_Pradesh,Tirupati,"Vaikuntapuram, Tirupati - APPCB",17-04-2026 19:00,13.615387,79.40923,CO,16,32,24
India,Andhra_Pradesh,Vijayawada,"HB Colony, Vijayawada - APPCB",17-04-2026 19:00,16.536107,80.594233,PM2.5,44,195,65
India,Andhra_Pradesh,Vijayawada,"HB Colony, Vijayawada - APPCB",17-04-2026 19:00,16.536107,80.594233,CO,22,53,38
India,Andhra_Pradesh,Vijayawada,"Kanuru, Vijayawada - APPCB",17-04-2026 19:00,16.486692,80.699436,PM2.5,43,83,53
India,Andhra_Pradesh,Vijayawada,"Rajiv Gandhi Park, Vijayawada - APPCB",17-04-2026 19:00,16.509717,80.612222,PM2.5,42,66,52
India,Bihar,Bhagalpur,"Mayaganj, Bhagalpur - BSPCB",17-04-2026 19:00,25.265194,87.012947,NO2,6,8,7
India,Bihar,Bhagalpur,"Mayaganj, Bhagalpur - BSPCB",17-04-2026 19:00,25.265194,87.012947,CO,76,104,88
India,Bihar,Buxar,"Charitra Van, Buxar - BSPCB",17-04-2026 19:00,25.56752,83.966379,NH3,3,3,3
India,Bihar,Chhapra,"Darshan Nagar, Chhapra - BSPCB",17-04-2026 19:00,25.7808257,84.7446768,NH3,7,11,9
India,Bihar,Chhapra,"Darshan Nagar, Chhapra - BSPCB",17-04-2026 19:00,25.7808257,84.7446768,OZONE,4,28,21
India,Bihar,Gaya,"Collectorate, Gaya - BSPCB",17-04-2026 19:00,24.7955,84.9994,OZONE,18,19,19
India,Bihar,Gaya,"Kareemganj, Gaya - BSPCB",17-04-2026 19:00,24.792403,84.992416,NH3,1,2,1
India,Bihar,Patna,"IGSC Planetarium Complex, Patna - BSPCB",17-04-2026 19:00,25.610369,85.132568,SO2,1,15,8
India,Bihar,Patna,"IGSC Planetarium Complex, Patna - BSPCB",17-04-2026 19:00,25.610369,85.132568,CO,6,29,28
India,Bihar,Patna,"Rajbansi Nagar, Patna - BSPCB",17-04-2026 19:00,25.599486,85.113666,SO2,10,24,14
India,Bihar,Patna,"Rajbansi Nagar, Patna - BSPCB",17-04-2026 19:00,25.599486,85.113666,CO,22,100,66
India,Bihar,Purnia,"Mariam Nagar, Purnia - BSPCB",17-04-2026 19:00,25.366336,87.117468,SO2,17,30,19
India,Bihar,Rajgir,"Dangi Tola, Rajgir - BSPCB",17-04-2026 19:00,25.0328,85.41948,PM10,NA,NA,NA
India,Bihar,Munger,"Town Hall, Munger - BSPCB",17-04-2026 19:00,25.376776,86.471523,CO,26,32,29
India,Bihar,Munger,"Town Hall, Munger - BSPCB",17-04-2026 19:00,25.376776,86.471523,OZONE,9,11,10
India,Bihar,Muzaffarpur,"Muzaffarpur Collectorate, Muzaffarpur - BSPCB",17-04-2026 19:00,26.1209,85.3647,PM2.5,80,107,88
India,Bihar,Muzaffarpur,"Muzaffarpur Collectorate, Muzaffarpur - BSPCB",17-04-2026 19:00,26.1209,85.3647,OZONE,8,20,15
India,Bihar,Patna,"Govt. High School Shikarpur, Patna - BSPCB",17-04-2026 19:00,25.592539,85.227158,PM2.5,68,84,75
India,Bihar,Patna,"Govt. High School Shikarpur, Patna - BSPCB",17-04-2026 19:00,25.592539,85.227158,NH3,4,6,5
India,Andhra_Pradesh,Amaravati,"Secretariat, Amaravati - APPCB",17-04-2026 19:00,16.5150833,80.5181667,NO2,12,24,17
India,Andhra_Pradesh,Chittoor,"Gangineni Cheruvu, Chittoor - APPCB",17-04-2026 19:00,13.20488,79.097889,NH3,2,5,4
India,Delhi,Delhi,"CRRI Mathura Road, Delhi - IMD",17-04-2026 19:00,28.5512005,77.2735737,PM10,137,443,314
India,Delhi,Delhi,"CRRI Mathura Road, Delhi - IMD",17-04-2026 19:00,28.5512005,77.2735737,OZONE,21,164,108
India,Delhi,Delhi,"Cantonment Area, Delhi - DPCC ",17-04-2026 19:00,28.594169,77.1251,NO2,26,144,91
India,Delhi,Delhi,"Chandni Chowk, Delhi - IITM",17-04-2026 19:00,28.656756,77.227234,PM10,113,408,240
India,Delhi,Delhi,"Commonwealth Sports Complex, Delhi - DPCC",17-04-2026 19:00,28.615828,77.271992,SO2,27,44,33
India,Delhi,Delhi,"Commonwealth Sports Complex, Delhi - DPCC",17-04-2026 19:00,28.615828,77.271992,CO,44,113,61
India,Delhi,Delhi,"DTU, Delhi - CPCB",17-04-2026 19:00,28.7500499,77.1112615,NH3,5,11,10
India,Delhi,Delhi,"DTU, Delhi - CPCB",17-04-2026 19:00,28.7500499,77.1112615,OZONE,21,36,29
India,Delhi,Delhi,"Dr. Karni Singh Shooting Range, Delhi - DPCC",17-04-2026 19:00,28.498571,77.26484,PM2.5,55,382,230
India,Delhi,Delhi,"Dr. Karni Singh Shooting Range, Delhi - DPCC",17-04-2026 19:00,28.498571,77.26484,NO2,12,119,63
India,Delhi,Delhi,"Dr. Karni Singh Shooting Range, Delhi - DPCC",17-04-2026 19:00,28.498571,77.26484,NH3,7,9,8
India,Delhi,Delhi,"Dr. Karni Singh Shooting Range, Delhi - DPCC",17-04-2026 19:00,28.498571,77.26484,OZONE,4,107,78
India,Chandigarh,Chandigarh,"Sector-25, Chandigarh - CPCC",17-04-2026 19:00,30.751462,76.762879,PM2.5,NA,NA,NA
India,Chandigarh,Chandigarh,"Sector-53, Chandigarh - CPCC",17-04-2026 19:00,30.719859,76.738637,PM10,30,141,88
India,Chandigarh,Chandigarh,"Sector-53, Chandigarh - CPCC",17-04-2026 19:00,30.719859,76.738637,NO2,18,160,85
India,Chhattisgarh,Bhilai,"32Bungalows, Bhilai - CECB",17-04-2026 19:00,21.194815,81.31477,PM2.5,28,47,39
India,Chhattisgarh,Bhilai,"32Bungalows, Bhilai - CECB",17-04-2026 19:00,21.194815,81.31477,PM10,33,59,46
India,Chhattisgarh,Bhilai,"32Bungalows, Bhilai - CECB",17-04-2026 19:00,21.194815,81.31477,NH3,4,10,4
India,Chhattisgarh,Bhilai,"Civic Center, Bhilai - Bhilai Steel Plant",17-04-2026 19:00,21.185571,81.343175,PM2.5,19,51,35
India,Chhattisgarh,Bhilai,"Civic Center, Bhilai - Bhilai Steel Plant",17-04-2026 19:00,21.185571,81.343175,SO2,7,10,9
India,Chhattisgarh,Bhilai,"Hathkhoj, Bhilai - CECB",17-04-2026 19:00,21.224231,81.40835,SO2,13,99,36
India,Chhattisgarh,Bhilai,"Hathkhoj, Bhilai - CECB",17-04-2026 19:00,21.224231,81.40835,OZONE,7,25,22
India,Chhattisgarh,Bilaspur,"Mangala, Bilaspur - NTPC",17-04-2026 19:00,22.08815,82.13737,SO2,12,51,22
India,Chhattisgarh,Bilaspur,"Mangala, Bilaspur - NTPC",17-04-2026 19:00,22.08815,82.13737,CO,1,110,29
India,Chhattisgarh,Chhal,"Nawapara SECL Colony, Chhal - CECB",17-04-2026 19:00,22.118125,83.140608,SO2,2,20,10
India,Chhattisgarh,Korba,"Urja Nagar, Korba - CECB",17-04-2026 19:00,22.348441,82.549611,NO2,19,40,25
India,Chhattisgarh,Korba,"Urja Nagar, Korba - CECB",17-04-2026 19:00,22.348441,82.549611,SO2,8,21,14
India,Chhattisgarh,Korba,"Urja Nagar, Korba - CECB",17-04-2026 19:00,22.348441,82.549611,CO,17,33,24
India,Chhattisgarh,Kunjemura,"OP Jindal School, Kunjemura - CECB",17-04-2026 19:00,22.12665,83.483212,OZONE,5,27,20
India,Chhattisgarh,Milupara,"Govt. Higher Secondary School, Milupara - CECB",17-04-2026 19:00,22.1910172,83.5197009,CO,4,45,13
India,Chhattisgarh,Raipur,"AIIMS, Raipur - CECB",17-04-2026 19:00,21.258815,81.578979,PM2.5,20,45,34
India,Delhi,Delhi,"Anand Vihar, Delhi - DPCC",17-04-2026 19:00,28.647622,77.315809,PM10,NA,NA,NA
India,Delhi,Delhi,"Anand Vihar, Delhi - DPCC",17-04-2026 19:00,28.647622,77.315809,NO2,60,222,124
India,Delhi,Delhi,"Ashok Vihar, Delhi - DPCC",17-04-2026 19:00,28.695381,77.181665,PM2.5,57,409,254
India,Delhi,Delhi,"Ashok Vihar, Delhi - DPCC",17-04-2026 19:00,28.695381,77.181665,NO2,29,152,98
India,Delhi,Delhi,"Ashok Vihar, Delhi - DPCC",17-04-2026 19:00,28.695381,77.181665,SO2,14,58,30
India,Delhi,Delhi,"Aya Nagar, Delhi - IMD",17-04-2026 19:00,28.4706914,77.1099364,PM2.5,23,315,171
India,Delhi,Delhi,"Bawana, Delhi - DPCC",17-04-2026 19:00,28.7762,77.051074,PM2.5,75,453,272
India,Delhi,Delhi,"Bawana, Delhi - DPCC",17-04-2026 19:00,28.7762,77.051074,OZONE,4,116,74
India,Delhi,Delhi,"Burari Crossing, Delhi - IMD",17-04-2026 19:00,28.7256504,77.2011573,CO,36,116,43
India,Delhi,Delhi,"Burari Crossing, Delhi - IMD",17-04-2026 19:00,28.7256504,77.2011573,OZONE,29,303,187
India,Bihar,Saharsa,"Police Line, Saharsa - BSPCB",17-04-2026 19:00,25.892357,86.590325,PM10,39,111,62
India,Bihar,Saharsa,"Police Line, Saharsa - BSPCB",17-04-2026 19:00,25.892357,86.590325,SO2,10,17,13
India,Bihar,Saharsa,"Police Line, Saharsa - BSPCB",17-04-2026 19:00,25.892357,86.590325,OZONE,9,29,23
India,Bihar,Samastipur,"DM Office_Kasipur, Samastipur - BSPCB",17-04-2026 19:00,25.859655,85.77944,PM10,NA,NA,NA
India,Bihar,Sasaram,"Dada Peer, Sasaram - BSPCB",17-04-2026 19:00,24.952822,84.002396,NO2,2,9,3
India,Chandigarh,Chandigarh,"Sector 22, Chandigarh - CPCC",17-04-2026 19:00,30.735567,76.775714,SO2,2,22,11
India,Delhi,Delhi,"Jawaharlal Nehru Stadium, Delhi - DPCC",17-04-2026 19:00,28.58028,77.233829,NO2,54,177,112
India,Delhi,Delhi,"Jawaharlal Nehru Stadium, Delhi - DPCC",17-04-2026 19:00,28.58028,77.233829,SO2,16,47,27
India,Delhi,Delhi,"Jawaharlal Nehru Stadium, Delhi - DPCC",17-04-2026 19:00,28.58028,77.233829,OZONE,1,21,14
India,Delhi,Delhi,"Major Dhyan Chand National Stadium, Delhi - DPCC",17-04-2026 19:00,28.611281,77.237738,PM2.5,50,325,185
India,Delhi,Delhi,"Mandir Marg, Delhi - DPCC",17-04-2026 19:00,28.636429,77.201067,SO2,14,125,59
India,Delhi,Delhi,"Mandir Marg, Delhi - DPCC",17-04-2026 19:00,28.636429,77.201067,OZONE,4,56,33
India,Chhattisgarh,Raipur,"Krishak Nagar, Raipur - CECB",17-04-2026 19:00,21.237755,81.705301,CO,12,42,30
India,Chhattisgarh,Raipur,"Siltara Phase-II, Raipur - CECB",17-04-2026 19:00,21.371751,81.664929,PM2.5,26,119,62
India,Chhattisgarh,Raipur,"Siltara Phase-II, Raipur - CECB",17-04-2026 19:00,21.371751,81.664929,NO2,14,49,29
India,Chhattisgarh,Raipur,"Siltara Phase-II, Raipur - CECB",17-04-2026 19:00,21.371751,81.664929,NH3,3,3,3
India,Chhattisgarh,Tumidih,"OP Jindal Industrial Park, Tumidih - CECB",17-04-2026 19:00,22.06631475,83.33820077,CO,21,39,25
India,Delhi,Delhi,"IHBAS, Dilshad Garden, Delhi - CPCB",17-04-2026 19:00,28.6811736,77.3025234,NH3,5,8,7
India,Delhi,Delhi,"IHBAS, Dilshad Garden, Delhi - CPCB",17-04-2026 19:00,28.6811736,77.3025234,CO,48,112,63
India,Delhi,Delhi,"ITO, Delhi - CPCB",17-04-2026 19:00,28.628624,77.24106,PM2.5,79,340,236
India,Delhi,Delhi,"ITO, Delhi - CPCB",17-04-2026 19:00,28.628624,77.24106,NH3,1,10,5
India,Delhi,Delhi,"Jahangirpuri, Delhi - DPCC",17-04-2026 19:00,28.73282,77.170633,NH3,12,24,16
India,Delhi,Delhi,"Dwarka-Sector 8, Delhi - DPCC ",17-04-2026 19:00,28.5710274,77.0719006,PM10,179,500,341
India,Delhi,Delhi,"IGI Airport (T3), Delhi - IMD",17-04-2026 19:00,28.5627763,77.1180053,PM10,131,370,222
India,Delhi,Delhi,"IGNOU_Maidan Garhi, Delhi - DPCC",17-04-2026 19:00,28.493624,77.201159,PM2.5,55,328,218
India,Gujarat,Gandhinagar,"Sector-10, Gandhinagar - GPCB",17-04-2026 19:00,23.221714,72.654328,NH3,1,3,1
India,Gujarat,Mehsana,"Sadanand Nagar, Mehsana - Nexteng Enviro",17-04-2026 19:00,23.59315,72.372792,OZONE,9,15,14
India,Gujarat,Nandesari,"GIDC, Nandesari - Nandesari Ind. Association",17-04-2026 19:00,22.410802,73.097923,PM10,58,307,121
India,Gujarat,Nandesari,"GIDC, Nandesari - Nandesari Ind. Association",17-04-2026 19:00,22.410802,73.097923,SO2,3,61,10
India,Gujarat,Nandesari,"GIDC, Nandesari - Nandesari Ind. Association",17-04-2026 19:00,22.410802,73.097923,CO,10,126,32
India,Gujarat,Rajkot,"Mavdi, Rajkot - Nexteng Enviro ",17-04-2026 19:00,22.248853,70.776774,NO2,6,38,15
India,Gujarat,Surat,"Katargam, Surat - Nexteng Enviro",17-04-2026 19:00,21.217779,72.834787,NO2,4,29,14
India,Gujarat,Surat,"Katargam, Surat - Nexteng Enviro",17-04-2026 19:00,21.217779,72.834787,NH3,NA,NA,NA
India,Gujarat,Surat,"Katargam, Surat - Nexteng Enviro",17-04-2026 19:00,21.217779,72.834787,SO2,4,7,5
India,Gujarat,Ahmedabad,"SAC ISRO Satellite, Ahmedabad - IITM",17-04-2026 19:00,23.023389,72.515201,PM10,77,163,105
India,Gujarat,Ahmedabad,"SAC ISRO Satellite, Ahmedabad - IITM",17-04-2026 19:00,23.023389,72.515201,CO,NA,NA,NA
India,Gujarat,Ankleshwar,"GIDC, Ankleshwar - GPCB",17-04-2026 19:00,21.613267,73.010555,PM10,NA,NA,NA
India,Gujarat,Ankleshwar,"GIDC, Ankleshwar - GPCB",17-04-2026 19:00,21.613267,73.010555,NO2,NA,NA,NA
India,Gujarat,Bhavnagar,"Vidhyanagar, Bhavnagar - Nexteng Enviro",17-04-2026 19:00,21.755417,72.139056,PM10,58,122,98
India,Gujarat,Bhavnagar,"Vidhyanagar, Bhavnagar - Nexteng Enviro",17-04-2026 19:00,21.755417,72.139056,SO2,6,8,7
India,Gujarat,Bhavnagar,"Vidhyanagar, Bhavnagar - Nexteng Enviro",17-04-2026 19:00,21.755417,72.139056,CO,106,110,107
India,Gujarat,Bhavnagar,"Vidhyanagar, Bhavnagar - Nexteng Enviro",17-04-2026 19:00,21.755417,72.139056,OZONE,4,35,31
India,Gujarat,Gandhinagar,"GIFT City, Gandhinagar - IITM",17-04-2026 19:00,23.163798,72.677768,PM2.5,32,75,51
India,Gujarat,Gandhinagar,"GIFT City, Gandhinagar - IITM",17-04-2026 19:00,23.163798,72.677768,SO2,7,30,17
India,Delhi,Delhi,"Pusa, Delhi - IMD",17-04-2026 19:00,28.63611,77.173332,CO,99,132,105
India,Delhi,Delhi,"Pusa, Delhi - IMD",17-04-2026 19:00,28.63611,77.173332,OZONE,12,304,168
India,Delhi,Delhi,"Rohini, Delhi - DPCC",17-04-2026 19:00,28.732528,77.11992,PM10,196,500,376
India,Delhi,Delhi,"Rohini, Delhi - DPCC",17-04-2026 19:00,28.732528,77.11992,NH3,9,16,12
India,Delhi,Delhi,"Rohini, Delhi - DPCC",17-04-2026 19:00,28.732528,77.11992,OZONE,3,81,49
India,Delhi,Delhi,"Shadipur, Delhi - CPCB",17-04-2026 19:00,28.6514781,77.1473105,CO,40,115,62
India,Delhi,Delhi,"Sirifort, Delhi - CPCB",17-04-2026 19:00,28.5504249,77.2159377,NH3,11,14,13
India,Delhi,Delhi,"Sonia Vihar, Delhi - DPCC",17-04-2026 19:00,28.710508,77.249485,NO2,21,104,62
India,Delhi,Delhi,"Sonia Vihar, Delhi - DPCC",17-04-2026 19:00,28.710508,77.249485,NH3,7,13,10
India,Delhi,Delhi,"Nehru Nagar, Delhi - DPCC",17-04-2026 19:00,28.56789,77.250515,SO2,12,111,39
India,Delhi,Delhi,"New Moti Bagh, Delhi - MHUA",17-04-2026 19:00,28.57834,77.184,PM2.5,61,500,262
India,Delhi,Delhi,"New Moti Bagh, Delhi - MHUA",17-04-2026 19:00,28.57834,77.184,NO2,9,9,9
India,Delhi,Delhi,"Okhla Phase-2, Delhi - DPCC",17-04-2026 19:00,28.530785,77.271255,NH3,12,33,19
India,Delhi,Delhi,"Patparganj, Delhi - DPCC",17-04-2026 19:00,28.623763,77.287209,NH3,6,14,11
India,Delhi,Delhi,"Patparganj, Delhi - DPCC",17-04-2026 19:00,28.623763,77.287209,SO2,10,96,28
India,Delhi,Delhi,"Punjabi Bagh, Delhi - DPCC",17-04-2026 19:00,28.674045,77.131023,NH3,4,7,5
India,Delhi,Delhi,"Pusa, Delhi - DPCC",17-04-2026 19:00,28.639652,77.146275,SO2,NA,NA,NA
India,Gujarat,Vadodara,"Bapunagar, Vadodara - Nexteng Enviro",17-04-2026 19:00,22.320153,73.216285,NO2,9,20,14
India,Gujarat,Vadodara,"Bapunagar, Vadodara - Nexteng Enviro",17-04-2026 19:00,22.320153,73.216285,OZONE,2,12,10
India,Gujarat,Vapi,"Phase-1 GIDC, Vapi - GPCB",17-04-2026 19:00,20.362421,72.918013,PM10,72,122,87
India,Gujarat,Vatva,"Phase-4 GIDC, Vatva - GPCB",17-04-2026 19:00,22.969611,72.6435,PM2.5,77,234,136
India,Gujarat,Vatva,"Phase-4 GIDC, Vatva - GPCB",17-04-2026 19:00,22.969611,72.6435,PM10,114,339,162
India,Gujarat,Vatva,"Phase-4 GIDC, Vatva - GPCB",17-04-2026 19:00,22.969611,72.6435,NO2,43,76,63
India,Haryana,Bahadurgarh,"Arya Nagar, Bahadurgarh - HSPCB",17-04-2026 19:00,28.6701,76.9254,OZONE,24,27,26
India,Delhi,Delhi,"NSIT Dwarka, Delhi - CPCB",17-04-2026 19:00,28.60909,77.0325413,NH3,NA,NA,NA
India,Delhi,Delhi,"NSIT Dwarka, Delhi - CPCB",17-04-2026 19:00,28.60909,77.0325413,SO2,1,29,16
India,Delhi,Delhi,"NSUT Jaffarpur, Delhi - DPCC",17-04-2026 19:00,28.594004,76.909423,SO2,15,38,24
India,Delhi,Delhi,"Najafgarh, Delhi - DPCC",17-04-2026 19:00,28.570173,76.933762,PM10,102,309,201
India,Delhi,Delhi,"Narela, Delhi - DPCC",17-04-2026 19:00,28.822836,77.101981,PM2.5,96,440,289
India,Delhi,Delhi,"Narela, Delhi - DPCC",17-04-2026 19:00,28.822836,77.101981,PM10,176,474,356
India,Delhi,Delhi,"Nehru Nagar, Delhi - DPCC",17-04-2026 19:00,28.56789,77.250515,PM2.5,58,410,264
India,Delhi,Delhi,"Sri Aurobindo Marg, Delhi - DPCC",17-04-2026 19:00,28.531346,77.190156,PM2.5,57,325,188
India,Delhi,Delhi,"Sri Aurobindo Marg, Delhi - DPCC",17-04-2026 19:00,28.531346,77.190156,PM10,101,500,195
India,Delhi,Delhi,"Sri Aurobindo Marg, Delhi - DPCC",17-04-2026 19:00,28.531346,77.190156,OZONE,2,74,50
India,Delhi,Delhi,"Vivek Vihar, Delhi - DPCC",17-04-2026 19:00,28.672342,77.31526,NO2,43,233,115
India,Delhi,Delhi,"Wazirpur, Delhi - DPCC",17-04-2026 19:00,28.699793,77.165453,CO,20,136,36
India,Delhi,Delhi,"Wazirpur, Delhi - DPCC",17-04-2026 19:00,28.699793,77.165453,OZONE,1,115,74
India,Gujarat,Ahmedabad,"Gyaspur, Ahmedabad - IITM",17-04-2026 19:00,22.977134,72.553024,PM10,96,253,138
India,Gujarat,Ahmedabad,"Gyaspur, Ahmedabad - IITM",17-04-2026 19:00,22.977134,72.553024,NO2,19,127,45
India,Gujarat,Ahmedabad,"Raikhad, Ahmedabad - IITM",17-04-2026 19:00,23.020509,72.579261,PM2.5,37,116,58
India,Gujarat,Ahmedabad,"Raikhad, Ahmedabad - IITM",17-04-2026 19:00,23.020509,72.579261,NH3,NA,NA,NA
India,Gujarat,Ahmedabad,"Raikhad, Ahmedabad - IITM",17-04-2026 19:00,23.020509,72.579261,OZONE,8,44,35
India,Gujarat,Ahmedabad,"SAC ISRO Bopal, Ahmedabad - IITM",17-04-2026 19:00,23.041137,72.456691,CO,NA,NA,NA
India,Delhi,Delhi,"Mundka, Delhi - DPCC",17-04-2026 19:00,28.684678,77.076574,OZONE,21,57,42
India,Haryana,Mandikhera,"General Hospital, Mandikhera(Nuh) - HSPCB",17-04-2026 19:00,27.9002,76.9938,PM2.5,39,88,63
India,Haryana,Mandikhera,"General Hospital, Mandikhera(Nuh) - HSPCB",17-04-2026 19:00,27.9002,76.9938,NO2,18,23,21
India,Haryana,Mandikhera,"General Hospital, Mandikhera(Nuh) - HSPCB",17-04-2026 19:00,27.9002,76.9938,SO2,31,36,34
India,Haryana,Mandikhera,"General Hospital, Mandikhera(Nuh) - HSPCB",17-04-2026 19:00,27.9002,76.9938,CO,18,33,27
India,Haryana,Manesar,"Sector-2 IMT, Manesar - HSPCB",17-04-2026 19:00,28.360699,76.93609,PM10,NA,NA,NA
India,Haryana,Manesar,"Sector-2 IMT, Manesar - HSPCB",17-04-2026 19:00,28.360699,76.93609,OZONE,10,50,34
India,Haryana,Narnaul,"Shastri Nagar, Narnaul - HSPCB",17-04-2026 19:00,28.060249,76.113115,PM10,77,145,118
India,Haryana,Narnaul,"Shastri Nagar, Narnaul - HSPCB",17-04-2026 19:00,28.060249,76.113115,NO2,23,26,25
India,Haryana,Palwal,"Shyam Nagar, Palwal - HSPCB",17-04-2026 19:00,28.1485564,77.3320667,PM2.5,39,88,67
India,Haryana,Palwal,"Shyam Nagar, Palwal - HSPCB",17-04-2026 19:00,28.1485564,77.3320667,PM10,49,107,84
India,Haryana,Gurugram,"Vikas Sadan, Gurugram - HSPCB",17-04-2026 19:00,28.4501238,77.0263051,PM2.5,NA,NA,NA
India,Haryana,Hisar,"Urban Estate-II, Hisar - HSPCB",17-04-2026 19:00,29.14056,75.744941,PM10,118,246,188
India,Haryana,Hisar,"Urban Estate-II, Hisar - HSPCB",17-04-2026 19:00,29.14056,75.744941,OZONE,14,183,103
India,Haryana,Jind,"Police Lines, Jind - HSPCB",17-04-2026 19:00,29.307814,76.337619,NO2,27,50,36
India,Haryana,Jind,"Police Lines, Jind - HSPCB",17-04-2026 19:00,29.307814,76.337619,NH3,4,6,5
India,Haryana,Jind,"Police Lines, Jind - HSPCB",17-04-2026 19:00,29.307814,76.337619,SO2,1,6,3
India,Haryana,Jind,"Police Lines, Jind - HSPCB",17-04-2026 19:00,29.307814,76.337619,OZONE,6,53,47
India,Haryana,Kaithal,"Rishi Nagar, Kaithal - HSPCB",17-04-2026 19:00,29.8006,76.4155,PM10,62,154,121
India,Haryana,Kaithal,"Rishi Nagar, Kaithal - HSPCB",17-04-2026 19:00,29.8006,76.4155,SO2,52,80,62
India,Haryana,Faridabad,"Sector 11, Faridabad - HSPCB",17-04-2026 19:00,28.376058,77.315741,NO2,30,35,31
India,Haryana,Faridabad,"Sector 30, Faridabad - HSPCB",17-04-2026 19:00,28.4417,77.3217,NH3,10,12,11
India,Haryana,Gurugram,"NISE Gwal Pahari, Gurugram - IMD",17-04-2026 19:00,28.422681,77.148944,PM10,108,336,210
India,Haryana,Gurugram,"Sector-51, Gurugram - HSPCB",17-04-2026 19:00,28.4227,77.0667,PM10,162,500,288
India,Haryana,Gurugram,"Sector-51, Gurugram - HSPCB",17-04-2026 19:00,28.4227,77.0667,OZONE,7,34,34
India,Haryana,Gurugram,"Teri Gram, Gurugram - HSPCB",17-04-2026 19:00,28.4275,77.1465,NH3,11,20,15
India,Haryana,Panchkula,"Sector-6, Panchkula - HSPCB ",17-04-2026 19:00,30.7057778,76.85318056,OZONE,7,55,32
India,Haryana,Panipat,"Sector-18, Panipat - HSPCB",17-04-2026 19:00,29.432304,76.972765,NO2,NA,NA,NA
India,Haryana,Panipat,"Sector-18, Panipat - HSPCB",17-04-2026 19:00,29.432304,76.972765,SO2,NA,NA,NA
India,Haryana,Sonipat,"Murthal, Sonipat - HSPCB",17-04-2026 19:00,29.0272,77.0621,SO2,3,16,9
India,Haryana,Sonipat,"Murthal, Sonipat - HSPCB",17-04-2026 19:00,29.0272,77.0621,OZONE,20,23,21
India,Haryana,Yamuna Nagar,"Gobind Pura, Yamuna Nagar - HSPCB",17-04-2026 19:00,30.1480566,77.2893471,PM2.5,NA,NA,NA
India,Jammu_and_Kashmir,Pampore,"Khrew, Pampore - JKPCC",17-04-2026 19:00,34.031606,75.009712,PM10,10,63,31
India,Jammu_and_Kashmir,Srinagar,"Khunmoh, Srinagar - JKPCC",17-04-2026 19:00,34.06313,74.96017,NO2,NA,NA,NA
India,Jammu_and_Kashmir,Srinagar,"Rajbagh, Srinagar - JKPCC",17-04-2026 19:00,34.066206,74.81982,PM2.5,12,140,22
India,Jammu_and_Kashmir,Srinagar,"Rajbagh, Srinagar - JKPCC",17-04-2026 19:00,34.066206,74.81982,CO,10,21,17
India,Haryana,Yamuna Nagar,"Gobind Pura, Yamuna Nagar - HSPCB",17-04-2026 19:00,30.1480566,77.2893471,SO2,NA,NA,NA
India,Himachal Pradesh,Baddi,"HIMUDA Complex Phase-1, Baddi - HPPCB",17-04-2026 19:00,30.943887,76.801991,PM2.5,28,263,100
India,Haryana,Ballabgarh,"Nathu Colony, Ballabgarh - HSPCB",17-04-2026 19:00,28.3419248,77.319699,SO2,4,11,6
India,Haryana,Ballabgarh,"Nathu Colony, Ballabgarh - HSPCB",17-04-2026 19:00,28.3419248,77.319699,OZONE,4,68,48
India,Haryana,Bhiwani,"H.B. Colony, Bhiwani - HSPCB",17-04-2026 19:00,28.806223,76.141105,PM2.5,28,40,32
India,Haryana,Bhiwani,"H.B. Colony, Bhiwani - HSPCB",17-04-2026 19:00,28.806223,76.141105,OZONE,5,13,8
India,Haryana,Charkhi Dadri,"Mini Secretariat, Charkhi Dadri - HSPCB",17-04-2026 19:00,28.593883,76.270653,NH3,5,8,6
India,Haryana,Faridabad,"New Industrial Town, Faridabad - HSPCB",17-04-2026 19:00,28.39072,77.30059,PM10,87,93,90
India,Madhya Pradesh,Gwalior,"City Center, Gwalior - MPPCB",17-04-2026 19:00,26.203442,78.193251,SO2,6,26,17
India,Madhya Pradesh,Gwalior,"Deen Dayal Nagar, Gwalior - MPPCB",17-04-2026 19:00,26.259242,78.216432,NO2,31,84,56
India,Madhya Pradesh,Gwalior,"Deen Dayal Nagar, Gwalior - MPPCB",17-04-2026 19:00,26.259242,78.216432,SO2,11,46,18
India,Madhya Pradesh,Gwalior,"Deen Dayal Nagar, Gwalior - MPPCB",17-04-2026 19:00,26.259242,78.216432,CO,40,84,51
India,Madhya Pradesh,Gwalior,"Maharaj Bada, Gwalior - MPPCB",17-04-2026 19:00,26.200388,78.147714,NH3,1,5,3
India,Madhya Pradesh,Gwalior,"Maharaj Bada, Gwalior - MPPCB",17-04-2026 19:00,26.200388,78.147714,SO2,NA,NA,NA
India,Madhya Pradesh,Gwalior,"Maharaj Bada, Gwalior - MPPCB",17-04-2026 19:00,26.200388,78.147714,CO,2,189,27
India,Madhya Pradesh,Indore,"Airport Area, Indore - IMC",17-04-2026 19:00,22.7289,75.8076,OZONE,8,19,18
India,Madhya Pradesh,Indore,"Chhoti Gwaltoli, Indore - MPPCB",17-04-2026 19:00,22.431,75.5213,PM10,67,164,109
India,Madhya Pradesh,Indore,"Maguda Nagar, Indore - IMC",17-04-2026 19:00,22.7524,75.8872,PM2.5,28,96,61
India,Jharkhand,Dhanbad,"Sardar Patel Nagar, Dhanbad - JSPCB",17-04-2026 19:00,23.80569,86.44268,SO2,NA,NA,NA
India,Jharkhand,Dhanbad,"Sardar Patel Nagar, Dhanbad - JSPCB",17-04-2026 19:00,23.80569,86.44268,CO,NA,NA,NA
India,Karnataka,Bagalkot,"Vidayagiri, Bagalkot - KSPCB",17-04-2026 19:00,16.172806,75.659694,NH3,1,1,1
India,Karnataka,Belgaum,"Ramteerth Nagar, Belgaum - KSPCB",17-04-2026 19:00,15.888653,74.541751,PM2.5,18,78,46
India,Karnataka,Belgaum,"Ramteerth Nagar, Belgaum - KSPCB",17-04-2026 19:00,15.888653,74.541751,PM10,23,101,60
India,Karnataka,Belgaum,"Ramteerth Nagar, Belgaum - KSPCB",17-04-2026 19:00,15.888653,74.541751,SO2,37,51,42
India,Karnataka,Bengaluru,"BTM Layout, Bengaluru - CPCB",17-04-2026 19:00,12.9135218,77.5950804,PM10,88,89,89
India,Karnataka,Bengaluru,"BWSSB Kadabesanahalli, Bengaluru - CPCB",17-04-2026 19:00,12.9352049,77.6814488,PM2.5,13,46,32
India,Karnataka,Bengaluru,"BWSSB Kadabesanahalli, Bengaluru - CPCB",17-04-2026 19:00,12.9352049,77.6814488,SO2,2,8,5
India,Karnataka,Yadgir,"Collector Office, Yadgir - KSPCB",17-04-2026 19:00,16.7602,77.1428,SO2,5,15,11
India,Kerala,Kannur,"Thavakkara, Kannur - Kerala PCB",17-04-2026 19:00,11.875,75.3732,NO2,12,14,13
India,Kerala,Kollam,"Polayathode, Kollam - Kerala PCB",17-04-2026 19:00,8.8787,76.6073,NO2,NA,NA,NA
India,Kerala,Kollam,"Polayathode, Kollam - Kerala PCB",17-04-2026 19:00,8.8787,76.6073,NH3,NA,NA,NA
India,Kerala,Kollam,"Polayathode, Kollam - Kerala PCB",17-04-2026 19:00,8.8787,76.6073,OZONE,35,37,37
India,Kerala,Thiruvananthapuram,"Kariavattom, Thiruvananthapuram - Kerala PCB",17-04-2026 19:00,8.5637,76.8865,CO,51,101,78
India,Kerala,Thiruvananthapuram,"Kariavattom, Thiruvananthapuram - Kerala PCB",17-04-2026 19:00,8.5637,76.8865,OZONE,31,31,31
India,Kerala,Thiruvananthapuram,"Plammoodu, Thiruvananthapuram - Kerala PCB",17-04-2026 19:00,8.5149093,76.9435879,PM10,56,92,71
India,Kerala,Thiruvananthapuram,"Plammoodu, Thiruvananthapuram - Kerala PCB",17-04-2026 19:00,8.5149093,76.9435879,NO2,NA,NA,NA
India,Karnataka,Chikkaballapur,"Chikkaballapur Rural, Chikkaballapur - KSPCB",17-04-2026 19:00,13.428828,77.731418,NO2,5,10,7
India,Karnataka,Chikkaballapur,"Chikkaballapur Rural, Chikkaballapur - KSPCB",17-04-2026 19:00,13.428828,77.731418,SO2,7,18,12
India,Karnataka,Kalaburagi,"Lal Bahadur Shastri Nagar, Kalaburagi - KSPCB",17-04-2026 19:00,17.321993,76.822628,PM2.5,NA,NA,NA
India,Karnataka,Kalaburagi,"Lal Bahadur Shastri Nagar, Kalaburagi - KSPCB",17-04-2026 19:00,17.321993,76.822628,NO2,12,12,12
India,Karnataka,Kalaburagi,"Lal Bahadur Shastri Nagar, Kalaburagi - KSPCB",17-04-2026 19:00,17.321993,76.822628,SO2,76,81,77
India,Karnataka,Kalaburagi,"Mahatma Basaveswar Colony, Kalaburgi - KSPCB",17-04-2026 19:00,17.336318,76.847397,PM10,29,78,53
India,Karnataka,Madikeri,"Stuart Hill, Madikeri - KSPCB",17-04-2026 19:00,12.415911,75.73505,CO,12,24,14
India,Karnataka,Mangalore,"Kadri, Mangalore - KSPCB",17-04-2026 19:00,12.88925,74.853,NH3,1,2,2
India,Karnataka,Mangalore,"Kadri, Mangalore - KSPCB",17-04-2026 19:00,12.88925,74.853,OZONE,29,68,53
India,Karnataka,Mysuru,"Hebbal 1st Stage, Mysuru - KSPCB",17-04-2026 19:00,12.21041,76.37376,PM10,62,109,83
India,Karnataka,Ramanagara,"Vijay Nagar, Ramanagara - KSPCB",17-04-2026 19:00,12.733409,77.298051,SO2,19,28,22
India,Madhya Pradesh,Bhopal,"Idgah Hills, Bhopal - MPPCB",17-04-2026 19:00,23.264759,77.381568,PM2.5,33,193,96
India,Madhya Pradesh,Bhopal,"Idgah Hills, Bhopal - MPPCB",17-04-2026 19:00,23.264759,77.381568,SO2,6,9,8
India,Madhya Pradesh,Bhopal,"Paryavaran Parisar, Bhopal - MPPCB",17-04-2026 19:00,23.210494,77.425409,NH3,5,7,6
India,Madhya Pradesh,Damoh,"Shrivastav Colony, Damoh - MPPCB",17-04-2026 19:00,23.81748678,79.446246,SO2,43,55,49
India,Madhya Pradesh,Dewas,"Bhopal Chauraha, Dewas - MPPCB",17-04-2026 19:00,22.9682591,76.064118,PM10,64,153,115
India,Karnataka,Bengaluru,"Hombegowda Nagar, Bengaluru - KSPCB",17-04-2026 19:00,12.938539,77.5901,NO2,14,48,26
India,Karnataka,Bengaluru,"Hombegowda Nagar, Bengaluru - KSPCB",17-04-2026 19:00,12.938539,77.5901,SO2,1,29,7
India,Karnataka,Bengaluru,"Jayanagar 5th Block, Bengaluru - KSPCB",17-04-2026 19:00,12.920984,77.584908,NH3,NA,NA,NA
India,Karnataka,Bengaluru,"Jigani, Bengaluru - KSPCB",17-04-2026 19:00,12.7816279,77.6299145,PM2.5,33,233,73
India,Karnataka,Bengaluru,"Jigani, Bengaluru - KSPCB",17-04-2026 19:00,12.7816279,77.6299145,PM10,36,342,118
India,Karnataka,Bengaluru,"Bapuji Nagar, Bengaluru - KSPCB",17-04-2026 19:00,12.951913,77.539784,NO2,26,34,28
India,Karnataka,Bengaluru,"Bapuji Nagar, Bengaluru - KSPCB",17-04-2026 19:00,12.951913,77.539784,CO,4,54,16
India,Karnataka,Bengaluru,"City Railway Station, Bengaluru - KSPCB",17-04-2026 19:00,12.9756843,77.5660749,NO2,62,74,69
India,Karnataka,Bengaluru,"City Railway Station, Bengaluru - KSPCB",17-04-2026 19:00,12.9756843,77.5660749,SO2,10,10,10
India,Karnataka,Bengaluru,"Hebbal, Bengaluru - KSPCB",17-04-2026 19:00,13.029152,77.585901,NO2,21,141,55
India,Karnataka,Bengaluru,"Kasturi Nagar, Bengaluru - KSPCB",17-04-2026 19:00,13.003872,77.664217,SO2,8,9,9
India,Karnataka,Bengaluru,"Kasturi Nagar, Bengaluru - KSPCB",17-04-2026 19:00,13.003872,77.664217,OZONE,20,21,21
India,Karnataka,Bengaluru,"RVCE-Mailasandra, Bengaluru - KSPCB",17-04-2026 19:00,12.921418,77.502466,SO2,5,7,6
India,Karnataka,Bengaluru,"Silk Board, Bengaluru - KSPCB",17-04-2026 19:00,12.917348,77.622813,PM2.5,64,108,79
India,Maharashtra,Ahmednagar,"Tarakpur, Ahmednagar - MPCB",17-04-2026 19:00,19.10122,74.73339,OZONE,9,67,65
India,Maharashtra,Akola,"Ramdaspeth, Akola - MPCB",17-04-2026 19:00,20.719516,77.000253,PM2.5,38,168,68
India,Maharashtra,Akola,"Ramdaspeth, Akola - MPCB",17-04-2026 19:00,20.719516,77.000253,NO2,5,61,16
India,Maharashtra,Akola,"Ramdaspeth, Akola - MPCB",17-04-2026 19:00,20.719516,77.000253,SO2,21,56,33
India,Maharashtra,Amravati,"Shivneri Colony, Amravati - MPCB",17-04-2026 19:00,20.9402359,77.7895248,CO,14,38,18
India,Maharashtra,Amravati,"Shivneri Colony, Amravati - MPCB",17-04-2026 19:00,20.9402359,77.7895248,OZONE,5,75,70
India,Maharashtra,Amravati,"Shri Shivaji Science College, Amravati - MPCB",17-04-2026 19:00,20.939198,77.765701,OZONE,9,71,67
India,Maharashtra,Aurangabad,"MIDC Chilkalthana, Aurangabad - MPCB",17-04-2026 19:00,19.87562,75.38731,PM2.5,3,42,29
India,Maharashtra,Aurangabad,"MIDC Chilkalthana, Aurangabad - MPCB",17-04-2026 19:00,19.87562,75.38731,NH3,2,11,5
India,Maharashtra,Aurangabad,"MIDC Chilkalthana, Aurangabad - MPCB",17-04-2026 19:00,19.87562,75.38731,SO2,3,32,9
India,Maharashtra,Jalgaon,"Prabhat Colony, Jalgaon - MPCB",17-04-2026 19:00,21.001264,75.565602,NH3,1,3,1
India,Maharashtra,Jalgaon,"Prabhat Colony, Jalgaon - MPCB",17-04-2026 19:00,21.001264,75.565602,CO,18,31,26
India,Maharashtra,Jalna,"Old MIDC, Jalna - MPCB",17-04-2026 19:00,19.854616,75.905894,NH3,3,5,4
India,Maharashtra,Jalna,"Old MIDC, Jalna - MPCB",17-04-2026 19:00,19.854616,75.905894,CO,7,42,11
India,Maharashtra,Kolhapur,"Shivaji University, Kolhapur - MPCB",17-04-2026 19:00,16.6870449,74.2505872,NH3,3,4,3
India,Maharashtra,Kolhapur,"Shivaji University, Kolhapur - MPCB",17-04-2026 19:00,16.6870449,74.2505872,CO,6,32,22
India,Maharashtra,Kolhapur,"Sinchan Bhavan, Kolhapur - MPCB",17-04-2026 19:00,16.7143745,74.2426398,SO2,NA,NA,NA
India,Maharashtra,Latur,"Sawe Wadi, Latur - MPCB",17-04-2026 19:00,18.39963,76.57452,PM10,39,82,65
India,Maharashtra,Latur,"Sawe Wadi, Latur - MPCB",17-04-2026 19:00,18.39963,76.57452,NO2,9,99,30
India,Maharashtra,Aurangabad,"Rachnakar Colony, Aurangabad - MPCB",17-04-2026 19:00,19.863756,75.321188,PM10,40,183,88
India,Maharashtra,Badlapur,"Katrap, Badlapur - MPCB",17-04-2026 19:00,19.16485,73.23409,PM2.5,41,66,55
India,Maharashtra,Badlapur,"Katrap, Badlapur - MPCB",17-04-2026 19:00,19.16485,73.23409,CO,24,42,31
India,Maharashtra,Badlapur,"Katrap, Badlapur - MPCB",17-04-2026 19:00,19.16485,73.23409,OZONE,13,87,65
India,Maharashtra,Beed,"Bir, Beed - MPCB",17-04-2026 19:00,18.988474,75.753873,SO2,NA,NA,NA
India,Maharashtra,Belapur,"CBD Belapur, Belapur - MPCB",17-04-2026 19:00,19.0243902,73.0406721,PM2.5,50,129,74
India,Maharashtra,Belapur,"CBD Belapur, Belapur - MPCB",17-04-2026 19:00,19.0243902,73.0406721,SO2,13,14,13
India,Maharashtra,Belapur,"CBD Belapur, Belapur - MPCB",17-04-2026 19:00,19.0243902,73.0406721,CO,22,46,34
India,Maharashtra,Belapur,"CBD Belapur, Belapur - MPCB",17-04-2026 19:00,19.0243902,73.0406721,OZONE,2,88,64
India,Madhya Pradesh,Indore,"Regional Park, Indore - IMC",17-04-2026 19:00,22.678,75.8559,SO2,27,33,30
India,Madhya Pradesh,Indore,"Residency Area, Indore - IMC",17-04-2026 19:00,22.7084,75.8815,SO2,9,13,11
India,Madhya Pradesh,Jabalpur,"Gupteshwar, Jabalpur - JMC",17-04-2026 19:00,23.142888,79.916147,PM2.5,36,143,77
India,Madhya Pradesh,Jabalpur,"Marhatal, Jabalpur - MPPCB",17-04-2026 19:00,23.168606,79.932247,PM2.5,36,171,86
India,Madhya Pradesh,Jabalpur,"Marhatal, Jabalpur - MPPCB",17-04-2026 19:00,23.168606,79.932247,OZONE,5,82,8
India,Madhya Pradesh,Jabalpur,"Suhagi, Jabalpur - JMC",17-04-2026 19:00,23.218135,79.95777,PM2.5,NA,NA,NA
India,Maharashtra,Chandrapur,"Chauhan Colony, Chandrapur - MPCB",17-04-2026 19:00,19.9629,79.298714,CO,21,60,30
India,Maharashtra,Dhule,"Deopur, Dhule - MPCB",17-04-2026 19:00,20.918946,74.776388,PM10,66,103,88
India,Maharashtra,Dhule,"Deopur, Dhule - MPCB",17-04-2026 19:00,20.918946,74.776388,NH3,1,1,1
India,Maharashtra,Dombivli,"Kalu Nagar, Dombivli - MPCB",17-04-2026 19:00,19.2268427,73.0788456,NH3,1,2,1
India,Maharashtra,Mira-Bhayandar,"Bhayandar West, Mira-Bhayandar - MPCB",17-04-2026 19:00,19.296481,72.840923,OZONE,1,28,18
India,Maharashtra,Mumbai,"Bandra Kurla Complex, Mumbai - IITM",17-04-2026 19:00,19.053536,72.84643,SO2,NA,NA,NA
India,Maharashtra,Mumbai,"Bandra Kurla Complex, Mumbai - IITM",17-04-2026 19:00,19.053536,72.84643,OZONE,1,39,29
India,Maharashtra,Mumbai,"Borivali East, Mumbai - IITM",17-04-2026 19:00,19.23241,72.86895,NO2,16,51,26
India,Madhya Pradesh,Jabalpur,"Suhagi, Jabalpur - JMC",17-04-2026 19:00,23.218135,79.95777,PM10,NA,NA,NA
India,Madhya Pradesh,Katni,"Gole Bazar, Katni - MPPCB",17-04-2026 19:00,23.50016,80.23284,PM2.5,30,87,53
India,Madhya Pradesh,Mandideep,"Sector-D Industrial Area, Mandideep - MPPCB",17-04-2026 19:00,23.10844,77.511428,NO2,25,130,60
India,Madhya Pradesh,Satna,"Bandhavgar Colony, Satna - Birla Cement",17-04-2026 19:00,24.58434363,80.8549414,PM10,70,71,70
India,Madhya Pradesh,Satna,"Bandhavgar Colony, Satna - Birla Cement",17-04-2026 19:00,24.58434363,80.8549414,NO2,12,13,13
India,Madhya Pradesh,Satna,"Bandhavgar Colony, Satna - Birla Cement",17-04-2026 19:00,24.58434363,80.8549414,SO2,21,42,26
India,Madhya Pradesh,Satna,"Bandhavgar Colony, Satna - Birla Cement",17-04-2026 19:00,24.58434363,80.8549414,CO,17,32,19
India,Madhya Pradesh,Ujjain,"Mahashweta Nagar, Ujjain - MPPCB",17-04-2026 19:00,23.1633321,75.800225,OZONE,39,72,64
India,Maharashtra,Navi Mumbai,"Sanpada, Navi Mumbai - MPCB",17-04-2026 19:00,19.0575752,73.0151367,PM10,41,91,67
India,Maharashtra,Navi Mumbai,"Sanpada, Navi Mumbai - MPCB",17-04-2026 19:00,19.0575752,73.0151367,NO2,8,26,16
India,Maharashtra,Navi Mumbai,"Sanpada, Navi Mumbai - MPCB",17-04-2026 19:00,19.0575752,73.0151367,SO2,15,37,20
India,Maharashtra,Navi Mumbai,"Sanpada, Navi Mumbai - MPCB",17-04-2026 19:00,19.0575752,73.0151367,OZONE,1,70,40
India,Maharashtra,Navi Mumbai,"Sector-2E Kalamboli, Navi Mumbai - MPCB",17-04-2026 19:00,19.02579,73.10297,PM10,43,80,68
India,Maharashtra,Navi Mumbai,"Sector-2E Kalamboli, Navi Mumbai - MPCB",17-04-2026 19:00,19.02579,73.10297,NH3,5,7,6
India,Maharashtra,Navi Mumbai,"Sector-2E Kalamboli, Navi Mumbai - MPCB",17-04-2026 19:00,19.02579,73.10297,SO2,1,6,3
India,Maharashtra,Navi Mumbai,"Tondare-Taloja, Navi Mumbai - MPCB",17-04-2026 19:00,19.063,73.1209,PM10,90,115,101
India,Maharashtra,Navi Mumbai,"Tondare-Taloja, Navi Mumbai - MPCB",17-04-2026 19:00,19.063,73.1209,SO2,1,18,5
India,Maharashtra,Parbhani,"Masoom Colony, Parbhani - MPCB",17-04-2026 19:00,19.265594,76.761463,PM2.5,21,96,60
India,Maharashtra,Parbhani,"Masoom Colony, Parbhani - MPCB",17-04-2026 19:00,19.265594,76.761463,NO2,9,14,12
India,Maharashtra,Parbhani,"Masoom Colony, Parbhani - MPCB",17-04-2026 19:00,19.265594,76.761463,OZONE,6,8,7
India,Maharashtra,Pimpri-Chinchwad,"Bhosari,Pimpri-Chinchwad - IITM",17-04-2026 19:00,18.640051,73.848956,OZONE,2,57,45
India,Maharashtra,Mumbai,"Byculla, Mumbai - BMC",17-04-2026 19:00,18.9767,72.838,NH3,3,10,5
India,Maharashtra,Mumbai,"Byculla, Mumbai - BMC",17-04-2026 19:00,18.9767,72.838,CO,41,67,50
India,Maharashtra,Mumbai,"Chakala-Andheri East, Mumbai - IITM",17-04-2026 19:00,19.11074,72.86084,NO2,11,28,18
India,Maharashtra,Mumbai,"Chakala-Andheri East, Mumbai - IITM",17-04-2026 19:00,19.11074,72.86084,NH3,3,5,4
India,Maharashtra,Mumbai,"Chakala-Andheri East, Mumbai - IITM",17-04-2026 19:00,19.11074,72.86084,CO,15,43,23
India,Maharashtra,Mumbai,"Chembur, Mumbai - MPCB",17-04-2026 19:00,19.0364585,72.8954371,CO,12,36,22
India,Maharashtra,Mumbai,"Chembur, Mumbai - MPCB",17-04-2026 19:00,19.0364585,72.8954371,OZONE,2,74,47
India,Maharashtra,Mumbai,"Chhatrapati Shivaji Intl. Airport (T2), Mumbai - MPCB",17-04-2026 19:00,19.10078,72.87462,PM2.5,31,87,50
India,Maharashtra,Mumbai,"Chhatrapati Shivaji Intl. Airport (T2), Mumbai - MPCB",17-04-2026 19:00,19.10078,72.87462,PM10,36,106,61
India,Maharashtra,Mumbai,"Colaba, Mumbai - MPCB",17-04-2026 19:00,18.91,72.82,NO2,27,28,28
India,Maharashtra,Mumbai,"Colaba, Mumbai - MPCB",17-04-2026 19:00,18.91,72.82,NH3,4,4,4
India,Maharashtra,Pimpri-Chinchwad,"Park Street Wakad, Pimpri Chinchwad - MPCB",17-04-2026 19:00,18.59051,73.77946,NO2,29,131,55
India,Maharashtra,Pimpri-Chinchwad,"Savta Mali Nagar, Pimpri-Chinchwad - IITM",17-04-2026 19:00,18.614767,73.799516,OZONE,1,30,19
India,Maharashtra,Pimpri-Chinchwad,"Thergaon, Pimpri Chinchwad - MPCB",17-04-2026 19:00,18.616318,73.765797,SO2,1,19,4
India,Maharashtra,Pimpri-Chinchwad,"Thergaon, Pimpri Chinchwad - MPCB",17-04-2026 19:00,18.616318,73.765797,CO,2,61,19
India,Maharashtra,Pimpri-Chinchwad,"Transport Nagar-Nigdi, Pimpri-Chinchwad- IITM",17-04-2026 19:00,18.664282,73.763966,CO,22,83,35
India,Maharashtra,Pimpri-Chinchwad,"Transport Nagar-Nigdi, Pimpri-Chinchwad- IITM",17-04-2026 19:00,18.664282,73.763966,OZONE,1,31,24
India,Maharashtra,Pune,"Dhankawadi, Pune - IITM",17-04-2026 19:00,18.459883,73.852193,PM10,52,135,77
India,Maharashtra,Pune,"Dhankawadi, Pune - IITM",17-04-2026 19:00,18.459883,73.852193,CO,24,126,43
India,Maharashtra,Pune,"Katraj Dairy, Pune - MPCB",17-04-2026 19:00,18.45445,73.854155,PM10,33,77,54
India,Maharashtra,Pune,"Katraj Dairy, Pune - MPCB",17-04-2026 19:00,18.45445,73.854155,NH3,2,9,4
India,Maharashtra,Pune,"Mhada Colony, Pune - IITM",17-04-2026 19:00,18.57304,73.927715,NO2,17,61,38
India,Maharashtra,Pune,"Panchawati_Pashan, Pune - IITM",17-04-2026 19:00,18.536457,73.805454,PM2.5,16,52,34
India,Maharashtra,Pune,"Panchawati_Pashan, Pune - IITM",17-04-2026 19:00,18.536457,73.805454,NO2,12,52,23
India,Maharashtra,Pune,"Revenue Colony-Shivajinagar, Pune - IITM",17-04-2026 19:00,18.530085,73.849598,OZONE,5,124,65
India,Maharashtra,Pune,"Savitribai Phule Pune University, Pune - MPCB",17-04-2026 19:00,18.547056,73.826908,SO2,2,8,5
India,Maharashtra,Sangli,"Vijay Nagar, Sangli - MPCB",17-04-2026 19:00,16.5038,74.3623,CO,4,39,18
India,Maharashtra,Nashik,"Hirawadi, Nashik - MPCB",17-04-2026 19:00,20.021503,73.813844,PM10,52,84,67
India,Maharashtra,Nashik,"MIDC Ambad, Nashik - MPCB",17-04-2026 19:00,19.95022,73.73148,NO2,6,23,11
India,Maharashtra,Nashik,"MIDC Ambad, Nashik - MPCB",17-04-2026 19:00,19.95022,73.73148,NH3,2,5,2
India,Maharashtra,Nashik,"MIDC Ambad, Nashik - MPCB",17-04-2026 19:00,19.95022,73.73148,OZONE,15,67,58
India,Maharashtra,Navi Mumbai,"Kopripada-Vashi, Navi Mumbai - MPCB",17-04-2026 19:00,19.090337,73.014232,PM2.5,13,42,26
India,Maharashtra,Navi Mumbai,"Mahape, Navi Mumbai - MPCB",17-04-2026 19:00,19.1135051,73.008978,NO2,57,60,58
India,Maharashtra,Navi Mumbai,"Nerul, Navi Mumbai - MPCB",17-04-2026 19:00,19.008751,73.01662,PM2.5,19,91,46
India,Maharashtra,Navi Mumbai,"Nerul, Navi Mumbai - MPCB",17-04-2026 19:00,19.008751,73.01662,PM10,NA,NA,NA
India,Maharashtra,Mumbai,"Malad West, Mumbai - IITM",17-04-2026 19:00,19.19709,72.82204,NH3,4,10,5
India,Maharashtra,Mumbai,"Malad West, Mumbai - IITM",17-04-2026 19:00,19.19709,72.82204,SO2,1,20,12
India,Maharashtra,Mumbai,"Mazgaon, Mumbai - IITM",17-04-2026 19:00,18.96702,72.84214,PM10,62,88,77
India,Maharashtra,Mumbai,"Mazgaon, Mumbai - IITM",17-04-2026 19:00,18.96702,72.84214,NO2,23,103,49
India,Maharashtra,Mumbai,"Mazgaon, Mumbai - IITM",17-04-2026 19:00,18.96702,72.84214,NH3,6,9,7
India,Maharashtra,Mumbai,"Navy Nagar-Colaba, Mumbai - IITM",17-04-2026 19:00,18.897756,72.81332,PM2.5,19,63,35
India,Maharashtra,Mumbai,"Navy Nagar-Colaba, Mumbai - IITM",17-04-2026 19:00,18.897756,72.81332,SO2,4,13,9
India,Maharashtra,Mumbai,"Powai, Mumbai - MPCB",17-04-2026 19:00,19.1375,72.915056,PM2.5,14,68,36
India,Maharashtra,Mumbai,"Powai, Mumbai - MPCB",17-04-2026 19:00,19.1375,72.915056,OZONE,9,9,9
India,Maharashtra,Mumbai,"Sewri, Mumbai - BMC",17-04-2026 19:00,19.000084,72.85673,NO2,23,52,32
India,Maharashtra,Mumbai,"Sewri, Mumbai - BMC",17-04-2026 19:00,19.000084,72.85673,CO,8,44,15
India,Maharashtra,Mumbai,"Siddharth Nagar-Worli, Mumbai - IITM",17-04-2026 19:00,19.000083,72.813993,PM2.5,12,48,26
India,Maharashtra,Mumbai,"Siddharth Nagar-Worli, Mumbai - IITM",17-04-2026 19:00,19.000083,72.813993,NO2,NA,NA,NA
India,Maharashtra,Mumbai,"Siddharth Nagar-Worli, Mumbai - IITM",17-04-2026 19:00,19.000083,72.813993,OZONE,13,76,59
India,Maharashtra,Mumbai,"Sion, Mumbai - MPCB",17-04-2026 19:00,19.047,72.8746,PM2.5,16,57,30
India,Maharashtra,Mumbai,"Worli, Mumbai -MPCB",17-04-2026 19:00,18.994218,72.8158167,PM10,28,126,56
India,Maharashtra,Mumbai,"Worli, Mumbai -MPCB",17-04-2026 19:00,18.994218,72.8158167,CO,12,22,14
India,Maharashtra,Nagpur,"Ambazari, Nagpur - MPCB",17-04-2026 19:00,21.121801,79.04952,NH3,1,30,5
India,Maharashtra,Nagpur,"Ambazari, Nagpur - MPCB",17-04-2026 19:00,21.121801,79.04952,CO,1,129,20
India,Maharashtra,Nagpur,"Opp GPO Civil Lines, Nagpur - MPCB",17-04-2026 19:00,21.152875,79.0517531,NO2,15,134,53
India,Maharashtra,Nagpur,"Ram Nagar, Nagpur - MPCB",17-04-2026 19:00,21.143383,79.048912,PM2.5,48,116,72
India,Maharashtra,Nagpur,"Ram Nagar, Nagpur - MPCB",17-04-2026 19:00,21.143383,79.048912,NO2,4,59,19
India,Maharashtra,Nagpur,"Ram Nagar, Nagpur - MPCB",17-04-2026 19:00,21.143383,79.048912,OZONE,10,79,64
India,Maharashtra,Nanded,"Sneh Nagar, Nanded - MPCB",17-04-2026 19:00,19.173852,77.296291,NH3,NA,NA,NA
India,Maharashtra,Mumbai,"Colaba, Mumbai - MPCB",17-04-2026 19:00,18.91,72.82,SO2,NA,NA,NA
India,Maharashtra,Mumbai,"Deonar, Mumbai - IITM",17-04-2026 19:00,19.04946,72.923,NH3,9,12,10
India,Maharashtra,Mumbai,"Deonar, Mumbai - IITM",17-04-2026 19:00,19.04946,72.923,CO,44,92,51
India,Maharashtra,Mumbai,"Deonar, Mumbai - IITM",17-04-2026 19:00,19.04946,72.923,OZONE,1,76,49
India,Maharashtra,Mumbai,"Kandivali West, Mumbai - BMC",17-04-2026 19:00,19.215859,72.831718,SO2,3,4,4
India,Punjab,Khanna,"Kalal Majra, Khanna - PPCB",17-04-2026 19:00,30.736056,76.209694,OZONE,19,41,40
India,Punjab,Ludhiana,"Punjab Agricultural University, Ludhiana - PPCB",17-04-2026 19:00,30.9028,75.8086,PM2.5,56,86,63
India,Punjab,Ludhiana,"Punjab Agricultural University, Ludhiana - PPCB",17-04-2026 19:00,30.9028,75.8086,NO2,30,37,33
India,Punjab,Ludhiana,"Punjab Agricultural University, Ludhiana - PPCB",17-04-2026 19:00,30.9028,75.8086,OZONE,23,46,26
India,Punjab,Mandi Gobindgarh,"RIMT University, Mandi Gobindgarh - PPCB",17-04-2026 19:00,30.649961,76.331442,PM2.5,NA,NA,NA
India,Punjab,Mandi Gobindgarh,"RIMT University, Mandi Gobindgarh - PPCB",17-04-2026 19:00,30.649961,76.331442,NO2,NA,NA,NA
India,Punjab,Mandi Gobindgarh,"RIMT University, Mandi Gobindgarh - PPCB",17-04-2026 19:00,30.649961,76.331442,SO2,NA,NA,NA
India,Punjab,Patiala,"Model Town, Patiala - PPCB",17-04-2026 19:00,30.349388,76.366642,PM10,69,146,108
India,Punjab,Patiala,"Model Town, Patiala - PPCB",17-04-2026 19:00,30.349388,76.366642,NH3,6,7,6
India,Punjab,Rupnagar,"Ratanpura, Rupnagar - Ambuja Cements",17-04-2026 19:00,31.0325454,76.5623046,PM2.5,12,34,17
India,Punjab,Rupnagar,"Ratanpura, Rupnagar - Ambuja Cements",17-04-2026 19:00,31.0325454,76.5623046,NO2,9,45,26
India,Rajasthan,Alwar,"Moti Doongri, Alwar - RSPCB",17-04-2026 19:00,27.554793,76.611536,NH3,7,20,11
India,Odisha,Angul,"Hakimapada, Angul - OSPCB",17-04-2026 19:00,20.832874,85.104082,NO2,3,51,19
India,Odisha,Angul,"Hakimapada, Angul - OSPCB",17-04-2026 19:00,20.832874,85.104082,SO2,8,49,22
India,Odisha,Balasore,"Kalidaspur, Balasore - OSPCB",17-04-2026 19:00,21.51161,86.89088,PM2.5,2,31,13
India,Odisha,Barbil,"Forest Office, Barbil - OSPCB",17-04-2026 19:00,22.1166054,85.3945546,SO2,15,28,20
India,Odisha,Baripada,"Meher Colony, Baripada - OSPCB",17-04-2026 19:00,21.941841,86.728318,SO2,1,13,8
India,Odisha,Bhubaneswar,"Lingraj Mandir, Bhubaneswar - OSPCB",17-04-2026 19:00,20.24079,85.836784,PM10,13,60,36
India,Odisha,Bhubaneswar,"Lingraj Mandir, Bhubaneswar - OSPCB",17-04-2026 19:00,20.24079,85.836784,NO2,1,12,6
India,Odisha,Bhubaneswar,"Lingraj Mandir, Bhubaneswar - OSPCB",17-04-2026 19:00,20.24079,85.836784,NH3,4,7,5
India,Odisha,Bhubaneswar,"Patia, Bhubaneswar - OSPCB",17-04-2026 19:00,20.34652,85.8163,PM10,28,82,56
India,Odisha,Bhubaneswar,"Patia, Bhubaneswar - OSPCB",17-04-2026 19:00,20.34652,85.8163,NH3,4,7,5
India,Odisha,Bhubaneswar,"Patia, Bhubaneswar - OSPCB",17-04-2026 19:00,20.34652,85.8163,SO2,5,8,7
India,Maharashtra,Solapur,"Dnyaneshwar Nagar, Solapur - MPCB",17-04-2026 19:00,17.6336264,75.9132495,NO2,NA,NA,NA
India,Maharashtra,Solapur,"Ratandeep Housing Society, Solapur - MPCB",17-04-2026 19:00,17.65439,75.90649,PM10,78,123,106
India,Maharashtra,Solapur,"Ratandeep Housing Society, Solapur - MPCB",17-04-2026 19:00,17.65439,75.90649,OZONE,15,37,33
India,Maharashtra,Thane,"Kasarvadavali, Thane - MPCB",17-04-2026 19:00,19.26777,72.97182,PM2.5,35,60,46
India,Maharashtra,Thane,"Upvan Fort, Thane - MPCB",17-04-2026 19:00,19.222279,72.957979,NO2,4,20,6
India,Maharashtra,Thane,"Upvan Fort, Thane - MPCB",17-04-2026 19:00,19.222279,72.957979,NH3,3,4,3
India,Maharashtra,Ulhasnagar,"Sidhi Vinayak Nagar, Ulhasnagar - MPCB",17-04-2026 19:00,19.235581,73.159121,PM10,1,500,107
India,Maharashtra,Ulhasnagar,"Sidhi Vinayak Nagar, Ulhasnagar - MPCB",17-04-2026 19:00,19.235581,73.159121,NH3,4,7,6
India,Maharashtra,Ulhasnagar,"Sidhi Vinayak Nagar, Ulhasnagar - MPCB",17-04-2026 19:00,19.235581,73.159121,OZONE,9,45,43
India,Maharashtra,Ulhasnagar,"Vithalwadi, Ulhasnagar - MPCB",17-04-2026 19:00,19.2307571,73.155192,PM2.5,17,33,23
India,Odisha,Tensa,"Barsua Iron Ore Mines, Tensa - OSPCB",17-04-2026 19:00,21.869985,85.167016,OZONE,7,14,14
India,Puducherry,Puducherry,"Jawahar Nagar, Puducherry - PPCC",17-04-2026 19:00,11.9309,79.8027,PM2.5,2,18,6
India,Puducherry,Puducherry,"Jawahar Nagar, Puducherry - PPCC",17-04-2026 19:00,11.9309,79.8027,PM10,6,23,13
India,Punjab,Amritsar,"Golden Temple, Amritsar - PPCB",17-04-2026 19:00,31.62,74.876512,PM2.5,50,55,53
India,Punjab,Bathinda,"Hardev Nagar, Bathinda - PPCB",17-04-2026 19:00,30.233011,74.907758,PM2.5,38,340,144
India,Punjab,Jalandhar,"Civil Line, Jalandhar - PPCB",17-04-2026 19:00,31.321907,75.578914,PM2.5,26,89,63
India,Punjab,Jalandhar,"Civil Line, Jalandhar - PPCB",17-04-2026 19:00,31.321907,75.578914,NO2,35,40,38
India,Punjab,Jalandhar,"Civil Line, Jalandhar - PPCB",17-04-2026 19:00,31.321907,75.578914,NH3,6,7,6
India,Punjab,Khanna,"Kalal Majra, Khanna - PPCB",17-04-2026 19:00,30.736056,76.209694,NO2,26,30,28
India,Maharashtra,Ulhasnagar,"Vithalwadi, Ulhasnagar - MPCB",17-04-2026 19:00,19.2307571,73.155192,NH3,3,4,3
India,Maharashtra,Ulhasnagar,"Vithalwadi, Ulhasnagar - MPCB",17-04-2026 19:00,19.2307571,73.155192,SO2,2,46,8
India,Maharashtra,Virar,"Bolinj, Virar - MPCB",17-04-2026 19:00,19.445821,72.7988231,PM10,NA,NA,NA
India,Meghalaya,Byrnihat,"15th Mile-Nongthymmai, Byrnihat - Meghalaya PCB",17-04-2026 19:00,26.05374,91.86796,NO2,1,2,1
India,Meghalaya,Byrnihat,"15th Mile-Nongthymmai, Byrnihat - Meghalaya PCB",17-04-2026 19:00,26.05374,91.86796,NH3,NA,NA,NA
India,Meghalaya,Shillong,"Lumpyngngad, Shillong - Meghalaya PCB",17-04-2026 19:00,25.5586,91.8985,SO2,NA,NA,NA
India,Mizoram,Aizawl,"Sikulpuikawn, Aizawl - Mizoram PCB",17-04-2026 19:00,23.7176342,92.7192841,PM2.5,57,138,77
India,Nagaland,Kohima,"PWD Junction, Kohima - NPCB",17-04-2026 19:00,25.6635413,94.0989878,NH3,1,1,1
India,Rajasthan,Banswara,"Rati Talai, Banswara - RSPCB",17-04-2026 19:00,23.55519,74.44001,PM10,61,158,94
India,Rajasthan,Banswara,"Rati Talai, Banswara - RSPCB",17-04-2026 19:00,23.55519,74.44001,CO,2,21,9
India,Rajasthan,Baran,"Bamboliya, Baran - RSPCB",17-04-2026 19:00,25.106006,76.469948,PM10,90,208,129
India,Rajasthan,Baran,"Bamboliya, Baran - RSPCB",17-04-2026 19:00,25.106006,76.469948,SO2,8,30,16
India,Rajasthan,Baran,"Bamboliya, Baran - RSPCB",17-04-2026 19:00,25.106006,76.469948,CO,4,94,21
India,Rajasthan,Bharatpur,"Krishna Nagar, Bharatpur - RSPCB",17-04-2026 19:00,27.215415,77.50873,NO2,14,128,37
India,Rajasthan,Bharatpur,"Krishna Nagar, Bharatpur - RSPCB",17-04-2026 19:00,27.215415,77.50873,NH3,8,15,11
India,Rajasthan,Bhilwara,"Pratap Nagar, Bhilwara - RSPCB",17-04-2026 19:00,25.339605,74.618883,PM2.5,23,103,54
India,Rajasthan,Bhilwara,"Pratap Nagar, Bhilwara - RSPCB",17-04-2026 19:00,25.339605,74.618883,NO2,7,108,28
India,Odisha,Rourkela,"Fertilizer Township, Rourkela - OSPCB",17-04-2026 19:00,22.18972222,84.86277778,PM2.5,75,97,83
India,Odisha,Rourkela,"Sector-2, Rourkela - OSPCB",17-04-2026 19:00,22.245,84.88111111,NO2,9,9,9
India,Odisha,Rourkela,"Sector-2, Rourkela - OSPCB",17-04-2026 19:00,22.245,84.88111111,CO,38,50,41
India,Odisha,Suakati,"OMC Colony, Suakati - OSPCB",17-04-2026 19:00,21.606865,85.510538,PM2.5,NA,NA,NA
India,Odisha,Talcher,"Talcher Coalfields,Talcher - OSPCB",17-04-2026 19:00,20.9360711,85.1707021,PM10,5,81,48
India,Odisha,Bhubaneswar,"Patia, Bhubaneswar - OSPCB",17-04-2026 19:00,20.34652,85.8163,OZONE,13,60,47
India,Odisha,Bileipada,"Tata Township, Bileipada - OSPCB",17-04-2026 19:00,22.06156703,85.47409613,CO,14,29,19
India,Odisha,Byasanagar,"Ferro Chrome Colony, Byasanagar - OSPCB",17-04-2026 19:00,20.94185,86.1151,NO2,2,10,5
India,Odisha,Byasanagar,"Ferro Chrome Colony, Byasanagar - OSPCB",17-04-2026 19:00,20.94185,86.1151,NH3,1,3,1
India,Odisha,Nayagarh,"Dabuna, Nayagarh - OSPCB",17-04-2026 19:00,21.847279,85.416905,NO2,2,6,4
India,Odisha,Nayagarh,"Dabuna, Nayagarh - OSPCB",17-04-2026 19:00,21.847279,85.416905,SO2,10,13,12
India,Odisha,Nayagarh,"Dabuna, Nayagarh - OSPCB",17-04-2026 19:00,21.847279,85.416905,OZONE,14,22,18
India,Rajasthan,Bikaner,"MM Ground, Bikaner - RSPCB",17-04-2026 19:00,28.018792,73.292658,CO,6,119,10
India,Rajasthan,Bundi,"New Colony, Bundi - RSPCB",17-04-2026 19:00,25.435774,75.644272,PM10,63,176,110
India,Rajasthan,Chittorgarh,"Shastri Nagar, Chittorgarh - RSPCB",17-04-2026 19:00,24.892047,74.623527,PM2.5,23,197,68
India,Rajasthan,Chittorgarh,"Shastri Nagar, Chittorgarh - RSPCB",17-04-2026 19:00,24.892047,74.623527,NH3,26,71,44
India,Rajasthan,Chittorgarh,"Shastri Nagar, Chittorgarh - RSPCB",17-04-2026 19:00,24.892047,74.623527,OZONE,4,123,93
India,Rajasthan,Churu,"Subash Chowk, Churu - RSPCB",17-04-2026 19:00,28.296139,74.961696,PM10,93,180,133
India,Rajasthan,Dausa,"Khatikan Mohalla, Dausa - RSPCB",17-04-2026 19:00,26.895552,76.334753,PM10,67,187,105
India,Rajasthan,Dholpur,"Raja Ganj, Dholpur - RSPCB",17-04-2026 19:00,26.699557,77.898881,NO2,9,49,26
India,Rajasthan,Dholpur,"Raja Ganj, Dholpur - RSPCB",17-04-2026 19:00,26.699557,77.898881,CO,12,71,19
India,Rajasthan,Dungarpur,"Bhoiwada, Dungarpur - RSPCB",17-04-2026 19:00,23.837789,73.714926,PM2.5,7,82,41
India,Rajasthan,Kota,"Shrinath Puram, Kota - RSPCB",17-04-2026 19:00,25.14389,75.821256,SO2,5,106,18
India,Rajasthan,Nagaur,"Karni Colony, Nagaur - RSPCB",17-04-2026 19:00,27.213494,73.734444,OZONE,37,99,75
India,Rajasthan,Pali,"Indira Colony Vistar, Pali - RSPCB",17-04-2026 19:00,25.771061,73.340227,PM2.5,17,215,80
India,Rajasthan,Pali,"Indira Colony Vistar, Pali - RSPCB",17-04-2026 19:00,25.771061,73.340227,CO,20,90,28
India,Rajasthan,Pali,"Indira Colony Vistar, Pali - RSPCB",17-04-2026 19:00,25.771061,73.340227,OZONE,8,78,60
India,Rajasthan,Pratapgarh,"Pragati Nagar, Pratapgarh - RSPCB",17-04-2026 19:00,24.041198,74.780702,CO,10,23,12
India,Rajasthan,Rajsamand,"Dhoinda, Rajsamand - RSPCB",17-04-2026 19:00,25.03636,73.883502,PM2.5,7,230,43
India,Rajasthan,Rajsamand,"Dhoinda, Rajsamand - RSPCB",17-04-2026 19:00,25.03636,73.883502,SO2,7,21,10
India,Rajasthan,Rajsamand,"Dhoinda, Rajsamand - RSPCB",17-04-2026 19:00,25.03636,73.883502,OZONE,28,100,74
India,Rajasthan,Dungarpur,"Bhoiwada, Dungarpur - RSPCB",17-04-2026 19:00,23.837789,73.714926,OZONE,26,92,51
India,Rajasthan,Hanumangarh,"Housing Board, Hanumangarh - RSPCB",17-04-2026 19:00,29.61075,74.283608,PM2.5,58,177,105
India,Rajasthan,Jaipur,"Adarsh Nagar, Jaipur - RSPCB",17-04-2026 19:00,26.902909,75.836858,NO2,13,107,46
India,Rajasthan,Jaipur,"Police Commissionerate, Jaipur - RSPCB",17-04-2026 19:00,26.9164092,75.7994901,PM10,57,148,112
India,Rajasthan,Jaipur,"Police Commissionerate, Jaipur - RSPCB",17-04-2026 19:00,26.9164092,75.7994901,NH3,27,125,75
India,Rajasthan,Jodhpur,"Samrat Ashok Udhyan, Jodhpur - RSPCB",17-04-2026 19:00,26.253384,72.976571,CO,13,22,15
India,Rajasthan,Karauli,"Satyawati Vihar, Karauli - RSPCB",17-04-2026 19:00,26.506177,77.025989,NH3,6,11,8
India,Rajasthan,Kota,"Dhanmandi, Kota - RSPCB",17-04-2026 19:00,25.16409,75.858137,NH3,8,18,11
India,Rajasthan,Kota,"Dhanmandi, Kota - RSPCB",17-04-2026 19:00,25.16409,75.858137,CO,20,128,40
India,Rajasthan,Jaisalmer,"Sadar Bazar, Jaisalmer - RSPCB",17-04-2026 19:00,26.912329,70.909168,PM10,46,148,82
India,Rajasthan,Jhalawar,"Rajlaxmi Nagar, Jhalawar - RSPCB",17-04-2026 19:00,24.588397,76.172782,PM10,92,233,126
India,Rajasthan,Jhunjhunu,"Indra Nagar, Jhunjhunu - RSPCB",17-04-2026 19:00,28.108988,75.386577,PM2.5,38,148,73
India,Rajasthan,Jodhpur,"Collectorate, Jodhpur - RSPCB",17-04-2026 19:00,26.268249,73.0193853,CO,5,72,18
India,Rajasthan,Jodhpur,"Digari Kalan, Jodhpur - RSPCB",17-04-2026 19:00,26.29581,73.082283,SO2,NA,NA,NA
India,Rajasthan,Jodhpur,"Jhalamand, Jodhpur - RSPCB",17-04-2026 19:00,26.215415,73.070156,PM10,33,123,74
India,Rajasthan,Jaipur,"Sector-2 Murlipura, Jaipur - RSPCB",17-04-2026 19:00,26.960669,75.771817,NO2,21,111,56
India,Rajasthan,Jaipur,"Shastri Nagar, Jaipur - RSPCB",17-04-2026 19:00,26.9502929,75.730943,PM2.5,78,206,118
India,Rajasthan,Jaipur,"Shastri Nagar, Jaipur - RSPCB",17-04-2026 19:00,26.9502929,75.730943,NO2,44,118,64
India,Rajasthan,Bhiwadi,"RIICO Ind. Area III, Bhiwadi - RSPCB",17-04-2026 19:00,28.194909,76.862296,NH3,5,17,10
India,Rajasthan,Bhiwadi,"Vasundhara Nagar_UIT, Bhiwadi - RSPCB",17-04-2026 19:00,28.207266,76.829265,OZONE,1,144,99
India,Rajasthan,Kota,"Shrinath Puram, Kota - RSPCB",17-04-2026 19:00,25.14389,75.821256,PM2.5,70,250,128
India,Uttar_Pradesh,Agra,"Sector-3B Avas Vikas Colony, Agra - UPPCB",17-04-2026 19:00,27.19412,77.96237,SO2,NA,NA,NA
India,Uttar_Pradesh,Agra,"Shastripuram, Agra - UPPCB",17-04-2026 19:00,27.19862,77.92066,SO2,6,26,11
India,Uttar_Pradesh,Baghpat,"Sardar Patel Inter College, Baghpat - UPPCB",17-04-2026 19:00,28.964949,77.278761,NH3,1,4,2
India,Uttar_Pradesh,Bareilly,"Civil Lines, Bareilly - UPPCB",17-04-2026 19:00,28.359581,79.414455,PM10,41,180,62
India,Uttar_Pradesh,Bareilly,"Civil Lines, Bareilly - UPPCB",17-04-2026 19:00,28.359581,79.414455,NO2,2,3,2
India,Uttar_Pradesh,Bareilly,"Civil Lines, Bareilly - UPPCB",17-04-2026 19:00,28.359581,79.414455,OZONE,9,56,17
India,Uttar_Pradesh,Bareilly,"Rajendra Nagar, Bareilly - UPPCB",17-04-2026 19:00,28.38910936,79.42963708,PM10,69,125,104
India,Uttar_Pradesh,Bareilly,"Rajendra Nagar, Bareilly - UPPCB",17-04-2026 19:00,28.38910936,79.42963708,SO2,43,50,47
India,Uttar_Pradesh,Bulandshahr,"Yamunapuram, Bulandshahr - UPPCB",17-04-2026 19:00,28.406963,77.849831,PM2.5,37,315,143
India,Uttar_Pradesh,Bulandshahr,"Yamunapuram, Bulandshahr - UPPCB",17-04-2026 19:00,28.406963,77.849831,PM10,123,456,234
India,Rajasthan,Sawai Madhopur,"Sahu Nagar, Sawai Madhopur - RSPCB",17-04-2026 19:00,26.031443,76.359327,OZONE,26,235,195
India,Rajasthan,Sikar,"Radhakishan Pura, Sikar - RSPCB",17-04-2026 19:00,27.608912,75.153302,NO2,18,131,52
India,Rajasthan,Sirohi,"Vedhaynath Colony, Sirohi - RSPCB",17-04-2026 19:00,24.885261,72.857549,PM10,33,115,64
India,Rajasthan,Sirohi,"Vedhaynath Colony, Sirohi - RSPCB",17-04-2026 19:00,24.885261,72.857549,NO2,5,39,10
India,Rajasthan,Sri Ganganagar,"Old City, Sri Ganganagar - RSPCB",17-04-2026 19:00,29.931624,73.864511,NO2,9,24,16
India,Rajasthan,Sri Ganganagar,"Old City, Sri Ganganagar - RSPCB",17-04-2026 19:00,29.931624,73.864511,SO2,2,8,4
India,Rajasthan,Sri Ganganagar,"Old City, Sri Ganganagar - RSPCB",17-04-2026 19:00,29.931624,73.864511,CO,20,100,34
India,Rajasthan,Tonk,"Shastri Nagar, Tonk - RSPCB",17-04-2026 19:00,26.159933,75.780517,NO2,8,130,37
India,Sikkim,Gangtok,"Zero Point GICI, Gangtok - SSPCB",17-04-2026 19:00,27.33853,88.614099,PM2.5,20,60,39
India,Sikkim,Gangtok,"Zero Point GICI, Gangtok - SSPCB",17-04-2026 19:00,27.33853,88.614099,PM10,NA,NA,NA
India,Sikkim,Gangtok,"Zero Point GICI, Gangtok - SSPCB",17-04-2026 19:00,27.33853,88.614099,CO,6,15,8
India,Sikkim,Gangtok,"Zero Point GICI, Gangtok - SSPCB",17-04-2026 19:00,27.33853,88.614099,OZONE,16,28,25
India,TamilNadu,Chennai,"Manali Village, Chennai - TNPCB",17-04-2026 19:00,13.1662,80.2584,PM10,17,55,35
India,TamilNadu,Chennai,"Manali Village, Chennai - TNPCB",17-04-2026 19:00,13.1662,80.2584,OZONE,17,104,19
India,TamilNadu,Chennai,"Manali, Chennai - CPCB",17-04-2026 19:00,13.164544,80.26285,PM2.5,9,75,22
India,TamilNadu,Chennai,"Manali, Chennai - CPCB",17-04-2026 19:00,13.164544,80.26285,NO2,10,11,10
India,TamilNadu,Chennai,"Manali, Chennai - CPCB",17-04-2026 19:00,13.164544,80.26285,NH3,6,6,6
India,TamilNadu,Chennai,"Manali, Chennai - CPCB",17-04-2026 19:00,13.164544,80.26285,OZONE,31,69,51
India,Telangana,Hyderabad,"IITH Kandi, Hyderabad - TSPCB",17-04-2026 19:00,17.585705,78.126199,PM2.5,20,98,62
India,Telangana,Hyderabad,"IITH Kandi, Hyderabad - TSPCB",17-04-2026 19:00,17.585705,78.126199,NH3,3,5,5
India,Telangana,Hyderabad,"IITH Kandi, Hyderabad - TSPCB",17-04-2026 19:00,17.585705,78.126199,SO2,9,18,15
India,Telangana,Hyderabad,"Kokapet, Hyderabad - TSPCB",17-04-2026 19:00,17.393559,78.339194,NO2,13,17,15
India,Telangana,Hyderabad,"Kokapet, Hyderabad - TSPCB",17-04-2026 19:00,17.393559,78.339194,CO,23,38,36
India,Telangana,Hyderabad,"Kompally Municipal Office, Hyderabad - TSPCB",17-04-2026 19:00,17.544899,78.486949,PM10,80,103,89
India,Telangana,Hyderabad,"Kompally Municipal Office, Hyderabad - TSPCB",17-04-2026 19:00,17.544899,78.486949,NH3,2,4,3
India,Telangana,Hyderabad,"Kompally Municipal Office, Hyderabad - TSPCB",17-04-2026 19:00,17.544899,78.486949,OZONE,11,37,31
India,Telangana,Hyderabad,"Ramachandrapuram, Hyderabad - TSPCB",17-04-2026 19:00,17.528544,78.286195,PM10,68,91,82
India,Tripura,Agartala,"Bardowali, Agartala - Tripura SPCB",17-04-2026 19:00,23.8175497,91.2726974,CO,12,26,21
India,Uttar_Pradesh,Agra,"Manoharpur, Agra - UPPCB",17-04-2026 19:00,27.23711,78.01936,NH3,5,16,9
India,Uttar_Pradesh,Agra,"Rohta, Agra - UPPCB",17-04-2026 19:00,27.106972,78.000111,SO2,6,16,12
India,Uttar_Pradesh,Agra,"Sanjay Palace, Agra - UPPCB",17-04-2026 19:00,27.19865833,78.00598056,NO2,8,18,12
India,Uttar_Pradesh,Agra,"Sanjay Palace, Agra - UPPCB",17-04-2026 19:00,27.19865833,78.00598056,OZONE,25,161,139
India,Uttar_Pradesh,Agra,"Sector-3B Avas Vikas Colony, Agra - UPPCB",17-04-2026 19:00,27.19412,77.96237,NO2,NA,NA,NA
India,TamilNadu,Chennai,"Perungudi, Chennai - TNPCB",17-04-2026 19:00,12.9533,80.2357,NH3,NA,NA,NA
India,TamilNadu,Chennai,"Perungudi, Chennai - TNPCB",17-04-2026 19:00,12.9533,80.2357,SO2,1,6,3
India,TamilNadu,Chennai,"Velachery Res. Area, Chennai - CPCB",17-04-2026 19:00,13.0052189,80.2398125,NH3,2,4,3
India,TamilNadu,Gummidipoondi,"Anthoni Pillai Nagar, Gummidipoondi - TNPCB",17-04-2026 19:00,13.4127,80.1081,NH3,1,2,1
India,TamilNadu,Ooty,"Bombay Castel, Ooty - TNPCB",17-04-2026 19:00,11.4068288,76.7138973,PM10,NA,NA,NA
India,TamilNadu,Ooty,"Bombay Castel, Ooty - TNPCB",17-04-2026 19:00,11.4068288,76.7138973,NO2,NA,NA,NA
India,TamilNadu,Ooty,"Bombay Castel, Ooty - TNPCB",17-04-2026 19:00,11.4068288,76.7138973,SO2,NA,NA,NA
India,TamilNadu,Perundurai,"SIPCOT Industrial Park, Perundurai - TNPCB",17-04-2026 19:00,11.258242,77.552761,PM10,NA,NA,NA
India,TamilNadu,Perundurai,"SIPCOT Industrial Park, Perundurai - TNPCB",17-04-2026 19:00,11.258242,77.552761,NO2,11,13,12
India,TamilNadu,Perundurai,"SIPCOT Industrial Park, Perundurai - TNPCB",17-04-2026 19:00,11.258242,77.552761,OZONE,17,31,22
India,Telangana,Hyderabad,"ICRISAT Patancheru, Hyderabad - TSPCB",17-04-2026 19:00,17.5184,78.278777,CO,38,72,59
India,Telangana,Hyderabad,"IDA Pashamylaram, Hyderabad - TSPCB",17-04-2026 19:00,17.5316895,78.218939,PM10,NA,NA,NA
India,Telangana,Hyderabad,"Somajiguda, Hyderabad - TSPCB",17-04-2026 19:00,17.417094,78.457437,CO,10,24,15
India,TamilNadu,Ooty,"Bombay Castel, Ooty - TNPCB",17-04-2026 19:00,11.4068288,76.7138973,OZONE,5,6,5
India,Uttar_Pradesh,Meerut,"Pallavpuram Phase 2, Meerut - UPPCB",17-04-2026 19:00,29.06351,77.709723,SO2,11,54,26
India,Uttar_Pradesh,Meerut,"Pallavpuram Phase 2, Meerut - UPPCB",17-04-2026 19:00,29.06351,77.709723,OZONE,2,178,148
India,Uttar_Pradesh,Modinagar,"SRM University, Modinagar - UPPCB",17-04-2026 19:00,28.798171,77.540243,SO2,18,81,33
India,Uttar_Pradesh,Moradabad,"Buddhi Vihar, Moradabad - UPPCB",17-04-2026 19:00,28.83526,78.7446,SO2,24,28,25
India,Uttar_Pradesh,Moradabad,"Eco Herbal Park, Moradabad - UPPCB",17-04-2026 19:00,28.840739,78.697531,PM2.5,38,251,149
India,Uttar_Pradesh,Moradabad,"Eco Herbal Park, Moradabad - UPPCB",17-04-2026 19:00,28.840739,78.697531,NO2,17,78,48
India,Uttar_Pradesh,Moradabad,"Eco Herbal Park, Moradabad - UPPCB",17-04-2026 19:00,28.840739,78.697531,NH3,4,34,6
India,Uttar_Pradesh,Moradabad,"Eco Herbal Park, Moradabad - UPPCB",17-04-2026 19:00,28.840739,78.697531,OZONE,1,148,123
India,Uttar_Pradesh,Moradabad,"Jigar Colony, Moradabad - UPPCB",17-04-2026 19:00,28.856664,78.772638,NO2,23,24,24
India,Uttar_Pradesh,Moradabad,"Jigar Colony, Moradabad - UPPCB",17-04-2026 19:00,28.856664,78.772638,SO2,111,138,119
India,Uttar_Pradesh,Moradabad,"Jigar Colony, Moradabad - UPPCB",17-04-2026 19:00,28.856664,78.772638,CO,42,44,43
India,Uttar_Pradesh,Ghaziabad,"Sanjay Nagar, Ghaziabad - UPPCB",17-04-2026 19:00,28.685382,77.453839,PM2.5,56,382,242
India,Uttar_Pradesh,Ghaziabad,"Vasundhara, Ghaziabad - UPPCB",17-04-2026 19:00,28.6603346,77.3572563,PM2.5,85,379,254
India,Uttar_Pradesh,Ghaziabad,"Vasundhara, Ghaziabad - UPPCB",17-04-2026 19:00,28.6603346,77.3572563,CO,43,134,60
India,Uttar_Pradesh,Ghaziabad,"Vasundhara, Ghaziabad - UPPCB",17-04-2026 19:00,28.6603346,77.3572563,OZONE,8,157,107
India,Uttar_Pradesh,Ghaziabad,"Ved Vihar-Loni, Ghaziabad - UPPCB",17-04-2026 19:00,28.739153,77.273668,NO2,47,144,91
India,Uttar_Pradesh,Ghaziabad,"Ved Vihar-Loni, Ghaziabad - UPPCB",17-04-2026 19:00,28.739153,77.273668,NH3,24,42,30
India,Uttar_Pradesh,Ghaziabad,"Ved Vihar-Loni, Ghaziabad - UPPCB",17-04-2026 19:00,28.739153,77.273668,CO,58,111,81
India,Uttar_Pradesh,Ghaziabad,"Ved Vihar-Loni, Ghaziabad - UPPCB",17-04-2026 19:00,28.739153,77.273668,OZONE,2,73,55
India,Uttar_Pradesh,Greater Noida,"Knowledge Park - III, Greater Noida - UPPCB",17-04-2026 19:00,28.47272,77.482,PM2.5,35,327,199
India,Uttar_Pradesh,Greater Noida,"Knowledge Park - V, Greater Noida - UPPCB",17-04-2026 19:00,28.557054,77.453663,NO2,28,166,112
India,Uttar_Pradesh,Varanasi,"Ardhali Bazar, Varanasi - UPPCB",17-04-2026 19:00,25.3505986,82.9083074,CO,12,44,23
India,Uttar_Pradesh,Varanasi,"Ardhali Bazar, Varanasi - UPPCB",17-04-2026 19:00,25.3505986,82.9083074,OZONE,14,35,28
India,Uttar_Pradesh,Varanasi,"Bhelupur, Varanasi - UPPCB",17-04-2026 19:00,25.301778,82.996789,PM2.5,28,126,59
India,Uttar_Pradesh,Varanasi,"Bhelupur, Varanasi - UPPCB",17-04-2026 19:00,25.301778,82.996789,PM10,68,226,128
India,Uttar_Pradesh,Varanasi,"Bhelupur, Varanasi - UPPCB",17-04-2026 19:00,25.301778,82.996789,OZONE,3,20,11
India,Uttar_Pradesh,Varanasi,"Maldahiya, Varanasi - UPPCB",17-04-2026 19:00,25.32393,82.99687,PM10,59,168,118
India,Uttar_Pradesh,Vrindavan,"Omex Eternity, Vrindavan - UPPCB",17-04-2026 19:00,27.571409,77.655757,OZONE,15,16,16
India,Uttarakhand,Dehradun,"Doon University, Dehradun - UKPCB",17-04-2026 19:00,30.269444,78.044167,CO,6,7,6
India,Uttar_Pradesh,Lucknow,"Lalbagh, Lucknow - CPCB",17-04-2026 19:00,26.8458805,80.9365541,PM2.5,61,166,92
India,Uttar_Pradesh,Lucknow,"Lalbagh, Lucknow - CPCB",17-04-2026 19:00,26.8458805,80.9365541,NH3,12,21,15
India,Uttar_Pradesh,Lucknow,"Talkatora District Industries Center, Lucknow - CPCB",17-04-2026 19:00,26.83399722,80.8917361,NH3,7,10,10
India,Uttar_Pradesh,Lucknow,"Talkatora District Industries Center, Lucknow - CPCB",17-04-2026 19:00,26.83399722,80.8917361,SO2,3,79,14
India,Uttar_Pradesh,Lucknow,"Talkatora District Industries Center, Lucknow - CPCB",17-04-2026 19:00,26.83399722,80.8917361,CO,30,114,44
India,Uttar_Pradesh,Meerut,"Ganga Nagar, Meerut - UPPCB",17-04-2026 19:00,28.999264,77.7590354,PM2.5,44,470,196
India,Uttar_Pradesh,Meerut,"Ganga Nagar, Meerut - UPPCB",17-04-2026 19:00,28.999264,77.7590354,PM10,151,425,290
India,Uttar_Pradesh,Meerut,"Ganga Nagar, Meerut - UPPCB",17-04-2026 19:00,28.999264,77.7590354,NO2,88,130,112
India,Uttar_Pradesh,Meerut,"Ganga Nagar, Meerut - UPPCB",17-04-2026 19:00,28.999264,77.7590354,OZONE,3,18,9
India,Uttar_Pradesh,Bulandshahr,"Yamunapuram, Bulandshahr - UPPCB",17-04-2026 19:00,28.406963,77.849831,CO,48,117,55
India,Uttar_Pradesh,Firozabad,"Nagla Bhau, Firozabad - UPPCB",17-04-2026 19:00,27.168897,78.37696,NO2,17,17,17
India,Uttar_Pradesh,Firozabad,"Nagla Bhau, Firozabad - UPPCB",17-04-2026 19:00,27.168897,78.37696,NH3,2,2,2
India,Uttar_Pradesh,Firozabad,"Nagla Bhau, Firozabad - UPPCB",17-04-2026 19:00,27.168897,78.37696,SO2,16,35,25
India,Uttar_Pradesh,Firozabad,"Vibhab Nagar, Firozabad - UPPCB",17-04-2026 19:00,27.1594,78.3953,NO2,15,15,15
India,Uttar_Pradesh,Ghaziabad,"Govindpuram, Ghaziabad - UPPCB",17-04-2026 19:00,28.694528,77.494705,SO2,NA,NA,NA
India,Uttar_Pradesh,Ghaziabad,"Indirapuram, Ghaziabad - UPPCB",17-04-2026 19:00,28.646233,77.358075,OZONE,11,82,63
India,Uttar_Pradesh,Khora,"Prashant Garden, Khora - UPPCB",17-04-2026 19:00,28.61119,77.34206,NH3,6,17,12
India,Uttar_Pradesh,Khurja,"Kalindi Kunj, Khurja - UPPCB",17-04-2026 19:00,28.2348927,77.8683002,PM10,84,217,151
India,Uttar_Pradesh,Khurja,"Kalindi Kunj, Khurja - UPPCB",17-04-2026 19:00,28.2348927,77.8683002,NH3,1,1,1
India,Uttar_Pradesh,Lucknow,"Kendriya Vidyalaya, Lucknow - CPCB",17-04-2026 19:00,26.906111,80.948222,PM2.5,61,303,202
India,Uttar_Pradesh,Lucknow,"Kendriya Vidyalaya, Lucknow - CPCB",17-04-2026 19:00,26.906111,80.948222,NO2,29,39,35
India,Uttar_Pradesh,Lucknow,"Kendriya Vidyalaya, Lucknow - CPCB",17-04-2026 19:00,26.906111,80.948222,NH3,10,20,15
India,Uttar_Pradesh,Lucknow,"Kukrail Picnic Spot-1, Lucknow - UPPCB",17-04-2026 19:00,26.90723,80.98579,PM2.5,43,232,123
India,Uttar_Pradesh,Noida,"Sector-1, Noida - UPPCB",17-04-2026 19:00,28.5898,77.3101,CO,24,108,42
India,Uttar_Pradesh,Prayagraj,"Motilal Nehru NIT, Prayagraj - UPPCB",17-04-2026 19:00,25.494,81.863,PM10,55,152,93
India,Uttar_Pradesh,Prayagraj,"Nagar Nigam, Prayagraj - UPPCB",17-04-2026 19:00,25.44919916,81.82735986,NO2,5,5,5
India,Uttar_Pradesh,Prayagraj,"Nagar Nigam, Prayagraj - UPPCB",17-04-2026 19:00,25.44919916,81.82735986,SO2,19,56,37
India,Uttar_Pradesh,Prayagraj,"Nagar Nigam, Prayagraj - UPPCB",17-04-2026 19:00,25.44919916,81.82735986,OZONE,11,13,12
India,Uttar_Pradesh,Raebareli," Indira Nagar, Raebareli - NTPC Unchahar",17-04-2026 19:00,26.207781,81.245571,NH3,8,12,9
India,Uttar_Pradesh,Moradabad,"Jigar Colony, Moradabad - UPPCB",17-04-2026 19:00,28.856664,78.772638,OZONE,13,23,16
India,Uttar_Pradesh,Muzaffarnagar,"New Mandi, Muzaffarnagar - UPPCB",17-04-2026 19:00,29.4723508,77.7194031,PM10,130,366,213
India,Uttar_Pradesh,Noida,"Sector - 125, Noida - UPPCB",17-04-2026 19:00,28.5447608,77.3231257,PM10,170,444,320
India,Uttar_Pradesh,Noida,"Sector - 125, Noida - UPPCB",17-04-2026 19:00,28.5447608,77.3231257,SO2,7,16,11
India,Uttar_Pradesh,Noida,"Sector - 62, Noida - IMD",17-04-2026 19:00,28.6245479,77.3577104,PM10,115,376,256
India,Uttar_Pradesh,Noida,"Sector - 62, Noida - IMD",17-04-2026 19:00,28.6245479,77.3577104,OZONE,22,164,118
India,Uttar_Pradesh,Jhansi,"Shivaji Nagar, Jhansi - UPPCB",17-04-2026 19:00,25.4547,78.6039,PM10,44,135,73
India,Uttar_Pradesh,Jhansi,"Shivaji Nagar, Jhansi - UPPCB",17-04-2026 19:00,25.4547,78.6039,CO,10,36,12
India,Uttar_Pradesh,Kanpur,"FTI Kidwai Nagar, Kanpur - UPPCB",17-04-2026 19:00,26.428282,80.327067,PM10,8,216,106
India,Uttar_Pradesh,Kanpur,"FTI Kidwai Nagar, Kanpur - UPPCB",17-04-2026 19:00,26.428282,80.327067,NO2,26,27,27
India,Uttar_Pradesh,Kanpur,"FTI Kidwai Nagar, Kanpur - UPPCB",17-04-2026 19:00,26.428282,80.327067,SO2,5,27,13
India,Uttar_Pradesh,Kanpur,"FTI Kidwai Nagar, Kanpur - UPPCB",17-04-2026 19:00,26.428282,80.327067,OZONE,8,14,9
India,Uttar_Pradesh,Kanpur,"Nehru Nagar, Kanpur - UPPCB",17-04-2026 19:00,26.4703136,80.3229863,OZONE,5,26,24
India,Uttarakhand,Kashipur,"Govt. Girls Inter College, Kashipur - UKPCB",17-04-2026 19:00,29.2124114,78.9611753,PM2.5,NA,NA,NA
India,Uttarakhand,Rishikesh,"Shivaji Nagar, Rishikesh - UKPCB",17-04-2026 19:00,30.075911,78.2859547,PM2.5,2,2,2
India,Uttarakhand,Rishikesh,"Shivaji Nagar, Rishikesh - UKPCB",17-04-2026 19:00,30.075911,78.2859547,PM10,34,42,38
India,Uttarakhand,Rishikesh,"Shivaji Nagar, Rishikesh - UKPCB",17-04-2026 19:00,30.075911,78.2859547,CO,37,37,37
India,West_Bengal,Asansol,"Evelyn Lodge, Asansol - WBPCB",17-04-2026 19:00,23.697936,86.944395,PM2.5,NA,NA,NA
India,West_Bengal,Asansol,"Evelyn Lodge, Asansol - WBPCB",17-04-2026 19:00,23.697936,86.944395,OZONE,2,54,41
India,West_Bengal,Asansol,"Mahabir Colliery, Asansol - WBPCB",17-04-2026 19:00,23.618183,87.105718,NO2,7,18,10
India,West_Bengal,Asansol,"Mahabir Colliery, Asansol - WBPCB",17-04-2026 19:00,23.618183,87.105718,NH3,1,3,1
India,West_Bengal,Asansol,"Trivenidevi Bhalotia College, Asansol - WBPCB",17-04-2026 19:00,23.616515,87.119133,CO,118,156,136
India,West_Bengal,Durgapur,"Mahishkapur Road_B-Zone, Durgapur - WBPCB",17-04-2026 19:00,23.567923,87.306843,PM10,39,61,53
India,West_Bengal,Durgapur,"Mahishkapur Road_B-Zone, Durgapur - WBPCB",17-04-2026 19:00,23.567923,87.306843,SO2,4,5,4
India,West_Bengal,Durgapur,"Mahishkapur Road_B-Zone, Durgapur - WBPCB",17-04-2026 19:00,23.567923,87.306843,CO,40,51,44
India,West_Bengal,Durgapur,"PCBL Residential Complex, Durgapur - WBPCB",17-04-2026 19:00,23.508764,87.35444,NH3,4,7,6
India,West_Bengal,Durgapur,"Womens College_City Center, Durgapur - WBPCB",17-04-2026 19:00,23.549395,87.300496,PM2.5,19,49,34
India,West_Bengal,Durgapur,"Womens College_City Center, Durgapur - WBPCB",17-04-2026 19:00,23.549395,87.300496,PM10,27,75,54
India,West_Bengal,Durgapur,"Womens College_City Center, Durgapur - WBPCB",17-04-2026 19:00,23.549395,87.300496,OZONE,7,55,51
India,West_Bengal,Haldia,"Priyambada Housing Estate, Haldia - WBPCB",17-04-2026 19:00,22.06047,88.109737,PM2.5,13,37,23
India,West_Bengal,Haldia,"Priyambada Housing Estate, Haldia - WBPCB",17-04-2026 19:00,22.06047,88.109737,CO,20,26,22
India,West_Bengal,Howrah,"Belur Math, Howrah - WBPCB",17-04-2026 19:00,22.629801,88.352017,PM10,40,70,52
India,West_Bengal,Howrah,"Belur Math, Howrah - WBPCB",17-04-2026 19:00,22.629801,88.352017,OZONE,9,27,24
India,West_Bengal,Howrah,"Botanical Garden, Howrah - WBPCB",17-04-2026 19:00,22.554954,88.292568,OZONE,4,29,25
India,West_Bengal,Howrah,"Ghusuri, Howrah - WBPCB",17-04-2026 19:00,22.611968,88.347422,PM2.5,20,57,37
India,West_Bengal,Howrah,"Ghusuri, Howrah - WBPCB",17-04-2026 19:00,22.611968,88.347422,NO2,21,36,26
India,West_Bengal,Howrah,"Ghusuri, Howrah - WBPCB",17-04-2026 19:00,22.611968,88.347422,OZONE,12,18,16
India,West_Bengal,Howrah,"Padmapukur, Howrah - WBPCB",17-04-2026 19:00,22.5687319,88.2797276,PM2.5,11,36,21
India,West_Bengal,Kolkata,"Ballygunge, Kolkata - WBPCB",17-04-2026 19:00,22.5367507,88.3638022,SO2,14,17,15
India,West_Bengal,Kolkata,"Bidhannagar, Kolkata - WBPCB",17-04-2026 19:00,22.58157048,88.41002457,PM2.5,11,36,22
India,West_Bengal,Kolkata,"Bidhannagar, Kolkata - WBPCB",17-04-2026 19:00,22.58157048,88.41002457,NO2,13,23,17
India,West_Bengal,Kolkata,"Bidhannagar, Kolkata - WBPCB",17-04-2026 19:00,22.58157048,88.41002457,CO,44,49,47
India,West_Bengal,Kolkata,"Bidhannagar, Kolkata - WBPCB",17-04-2026 19:00,22.58157048,88.41002457,OZONE,13,45,34
India,West_Bengal,Kolkata,"Fort William, Kolkata - WBPCB",17-04-2026 19:00,22.55664,88.342674,PM10,19,39,26
India,West_Bengal,Kolkata,"Fort William, Kolkata - WBPCB",17-04-2026 19:00,22.55664,88.342674,NO2,19,24,20
India,West_Bengal,Kolkata,"Rabindra Bharati University, Kolkata - WBPCB",17-04-2026 19:00,22.627847,88.380669,NH3,6,7,6
India,West_Bengal,Kolkata,"Rabindra Bharati University, Kolkata - WBPCB",17-04-2026 19:00,22.627847,88.380669,CO,24,35,32
India,West_Bengal,Kolkata,"Rabindra Sarobar, Kolkata - WBPCB",17-04-2026 19:00,22.51106,88.35142,NH3,6,8,7
India,West_Bengal,Kolkata,"Rabindra Sarobar, Kolkata - WBPCB",17-04-2026 19:00,22.51106,88.35142,CO,15,22,20
India,West_Bengal,Kolkata,"Victoria, Kolkata - WBPCB",17-04-2026 19:00,22.5448082,88.3403691,PM2.5,22,45,33
India,West_Bengal,Kolkata,"Victoria, Kolkata - WBPCB",17-04-2026 19:00,22.5448082,88.3403691,CO,7,20,18
India,West_Bengal,Siliguri,"Ward-32 Bapupara, Siliguri - WBPCB",17-04-2026 19:00,26.6879226,88.4152495,PM2.5,39,51,45
India,West_Bengal,Siliguri,"Ward-32 Bapupara, Siliguri - WBPCB",17-04-2026 19:00,26.6879226,88.4152495,NO2,46,123,73
India,West_Bengal,Siliguri,"Ward-32 Bapupara, Siliguri - WBPCB",17-04-2026 19:00,26.6879226,88.4152495,NH3,8,13,9
India,West_Bengal,Siliguri,"Ward-32 Bapupara, Siliguri - WBPCB",17-04-2026 19:00,26.6879226,88.4152495,SO2,13,18,16
